{"features": [{"geometry": {"coordinates": [[[91.324968, 26.561891], [91.322737, 26.559971], [91.322908, 26.556977], [91.323337, 26.552294], [91.325912, 26.549146], [91.329603, 26.544616], [91.330204, 26.538626], [91.328831, 26.527262], [91.326256, 26.517892], [91.32617, 26.5129], [91.324453, 26.508061], [91.322908, 26.504682], [91.324367, 26.501686], [91.325827, 26.497384], [91.328251, 26.491181], [91.330977, 26.493524], [91.331973, 26.494971], [91.332908, 26.496328], [91.333895, 26.499343], [91.334646, 26.500879], [91.336641, 26.500764], [91.338401, 26.499747], [91.339946, 26.499612], [91.341255, 26.500073], [91.341941, 26.500611], [91.3428, 26.502262], [91.342907, 26.503337], [91.342971, 26.505834], [91.343915, 26.50762], [91.345031, 26.508368], [91.347542, 26.509367], [91.351018, 26.509482], [91.352842, 26.509808], [91.353528, 26.510365], [91.354, 26.511729], [91.354194, 26.518507], [91.353636, 26.522673], [91.353142, 26.524362], [91.358721, 26.525457], [91.363764, 26.525898], [91.366982, 26.525783], [91.372819, 26.52561], [91.379127, 26.526762], [91.383934, 26.527223], [91.388826, 26.527684], [91.393161, 26.52922], [91.403932, 26.530487], [91.409683, 26.532253], [91.415391, 26.53375], [91.423757, 26.534871], [91.429725, 26.53567], [91.434359, 26.536668], [91.44084, 26.538396], [91.450925, 26.540431], [91.458135, 26.54285], [91.45998, 26.545192], [91.459508, 26.546958], [91.457877, 26.548148], [91.453371, 26.548071], [91.44393, 26.548301], [91.439338, 26.548724], [91.435304, 26.549146], [91.432686, 26.549299], [91.430926, 26.550106], [91.428437, 26.551679], [91.42745, 26.554175], [91.430025, 26.55667], [91.431355, 26.558628], [91.432643, 26.560393], [91.435261, 26.564002], [91.43466, 26.565038], [91.435175, 26.567034], [91.438179, 26.569875], [91.441612, 26.570719], [91.444445, 26.572254], [91.446934, 26.575555], [91.445389, 26.580928], [91.444702, 26.584075], [91.445217, 26.58822], [91.441612, 26.591214], [91.438179, 26.591521], [91.435261, 26.590062], [91.431313, 26.591828], [91.432342, 26.597737], [91.432514, 26.600884], [91.432171, 26.605028], [91.4326, 26.609095], [91.433287, 26.614083], [91.431227, 26.614851], [91.423244, 26.616846], [91.421056, 26.618304], [91.41788, 26.6165], [91.415563, 26.615273], [91.412773, 26.615963], [91.411529, 26.618304], [91.408954, 26.620145], [91.407366, 26.616961], [91.404619, 26.617114], [91.402001, 26.618304], [91.399727, 26.620069], [91.375909, 26.619378], [91.372604, 26.614198], [91.367068, 26.605105], [91.366167, 26.594015], [91.364193, 26.590062], [91.360845, 26.583692], [91.359816, 26.581696], [91.359301, 26.57828], [91.358442, 26.57521], [91.35149, 26.574634], [91.349215, 26.572677], [91.346984, 26.570681], [91.344366, 26.567418], [91.342649, 26.565729], [91.337886, 26.56546], [91.332929, 26.562543], [91.330869, 26.561986], [91.327586, 26.561468], [91.324968, 26.561891]]], "type": "Polygon"}, "id": "baksa-barama-pt", "properties": {"district": "Baksa", "grade": "zonal", "locality_id": "baksa-barama-pt", "osm_id": "relation/10044734", "revenue_circle": "Barama (Pt)"}, "type": "Feature"}, {"geometry": {"coordinates": [[[91.103783, 26.709964], [91.101492, 26.707927], [91.068849, 26.678907], [91.059923, 26.670394], [91.052542, 26.671008], [91.045761, 26.672465], [91.040354, 26.672848], [91.035204, 26.670701], [91.033487, 26.665102], [91.034088, 26.662724], [91.039667, 26.66211], [91.041984, 26.654363], [91.04516, 26.653826], [91.047392, 26.650527], [91.045418, 26.647689], [91.03692, 26.641398], [91.033144, 26.638406], [91.029968, 26.636795], [91.029882, 26.634647], [91.031084, 26.631424], [91.032028, 26.627818], [91.031599, 26.625286], [91.029539, 26.622447], [91.029711, 26.618381], [91.03486, 26.609633], [91.034603, 26.60687], [91.029367, 26.604184], [91.026106, 26.600884], [91.029196, 26.593439], [91.031341, 26.592288], [91.036148, 26.59367], [91.039581, 26.592825], [91.042328, 26.589602], [91.043615, 26.587146], [91.047649, 26.586685], [91.0534, 26.586148], [91.056662, 26.585764], [91.060867, 26.583692], [91.063013, 26.57947], [91.062069, 26.574557], [91.061468, 26.568339], [91.06164, 26.563733], [91.061382, 26.558896], [91.057091, 26.557054], [91.050396, 26.556286], [91.046276, 26.556517], [91.042242, 26.55882], [91.040354, 26.557131], [91.035204, 26.548378], [91.033573, 26.542773], [91.0322, 26.539932], [91.028852, 26.535094], [91.027586, 26.530766], [91.0216, 26.5316], [91.013103, 26.530756], [91.00954, 26.53018], [91.005764, 26.530756], [91.002803, 26.531101], [91.000528, 26.530103], [90.999756, 26.528068], [90.999026, 26.525418], [90.997653, 26.524497], [90.994649, 26.52465], [90.991816, 26.524919], [90.991516, 26.523076], [90.991387, 26.51866], [90.993705, 26.517854], [90.995851, 26.518123], [90.997825, 26.516318], [90.998168, 26.514244], [90.996709, 26.5129], [90.995507, 26.511172], [90.994863, 26.508944], [90.994649, 26.506525], [90.995765, 26.504336], [90.998983, 26.501187], [90.999413, 26.495349], [91.000185, 26.492507], [91.0007, 26.490586], [90.99967, 26.487859], [90.999198, 26.486015], [90.998962, 26.482213], [90.996408, 26.476489], [90.99731, 26.473377], [90.997052, 26.469958], [90.998554, 26.468307], [91.000099, 26.467845], [91.00143, 26.466001], [91.00203, 26.46385], [91.002674, 26.461237], [91.005893, 26.456051], [91.006365, 26.4529], [91.006451, 26.450364], [91.007051, 26.449289], [91.008682, 26.448213], [91.010571, 26.447329], [91.013832, 26.446829], [91.013789, 26.445561], [91.012545, 26.443679], [91.011043, 26.440912], [91.010227, 26.436685], [91.009369, 26.435263], [91.007781, 26.434956], [91.00482, 26.435032], [91.00173, 26.435763], [90.997953, 26.436377], [90.997009, 26.435571], [90.996923, 26.432304], [90.997224, 26.430844], [90.998855, 26.428307], [91.000485, 26.426693], [91.00246, 26.42531], [91.004734, 26.421543], [90.99894, 26.420544], [90.991731, 26.418008], [90.989027, 26.417239], [90.984178, 26.416201], [90.982118, 26.41747], [90.982161, 26.419776], [90.982118, 26.422927], [90.982203, 26.425809], [90.982504, 26.428192], [90.982418, 26.430652], [90.979629, 26.430152], [90.977182, 26.429076], [90.972633, 26.42873], [90.969157, 26.429076], [90.969844, 26.431266], [90.971432, 26.433918], [90.974479, 26.436454], [90.975766, 26.437338], [90.975594, 26.439067], [90.974994, 26.440489], [90.972462, 26.441066], [90.969801, 26.44095], [90.966239, 26.440105], [90.962977, 26.440297], [90.961776, 26.441488], [90.961389, 26.446176], [90.961647, 26.45413], [90.962677, 26.456742], [90.963535, 26.458202], [90.965552, 26.458395], [90.96684, 26.457818], [90.969458, 26.456435], [90.972075, 26.457511], [90.972633, 26.45947], [90.97302, 26.461699], [90.969415, 26.462198], [90.965638, 26.462044], [90.961003, 26.461852], [90.956626, 26.461814], [90.953922, 26.460777], [90.953278, 26.459009], [90.951605, 26.457472], [90.949373, 26.458126], [90.946884, 26.459547], [90.946498, 26.461161], [90.948687, 26.461891], [90.951304, 26.461506], [90.954652, 26.463043], [90.955424, 26.465272], [90.953493, 26.4675], [90.952334, 26.471188], [90.951133, 26.472494], [90.948601, 26.473108], [90.947099, 26.473185], [90.944095, 26.472801], [90.941091, 26.471841], [90.936499, 26.471995], [90.935469, 26.473915], [90.933666, 26.476796], [90.93401, 26.479024], [90.936456, 26.479293], [90.938602, 26.479063], [90.941391, 26.478909], [90.944481, 26.479485], [90.947399, 26.480369], [90.948343, 26.482597], [90.947828, 26.485209], [90.951133, 26.485209], [90.951648, 26.486553], [90.950961, 26.488666], [90.95109, 26.490548], [90.95212, 26.490893], [90.955596, 26.490317], [90.957913, 26.489933], [90.959802, 26.490164], [90.961432, 26.491431], [90.964479, 26.492852], [90.966282, 26.492852], [90.969586, 26.491777], [90.970012, 26.493849], [90.970201, 26.494526], [90.970227, 26.495158], [90.970659, 26.497], [90.976925, 26.500649], [90.977483, 26.504835], [90.97671, 26.510097], [90.976839, 26.516126], [90.976324, 26.525534], [90.977268, 26.529181], [90.977569, 26.533251], [90.976624, 26.540316], [90.979843, 26.541967], [90.981603, 26.542389], [90.981345, 26.545268], [90.981173, 26.549453], [90.981302, 26.551948], [90.982118, 26.555595], [90.986538, 26.556094], [90.985637, 26.564961], [90.986538, 26.568032], [90.986109, 26.570182], [90.986066, 26.572715], [90.986366, 26.575094], [90.988641, 26.575517], [90.989885, 26.575094], [90.992546, 26.573636], [90.996108, 26.571794], [90.996194, 26.573713], [90.996537, 26.580237], [90.996966, 26.58492], [90.997567, 26.588143], [90.997481, 26.591137], [90.995335, 26.595013], [90.994306, 26.598735], [90.994263, 26.601191], [90.991173, 26.601843], [90.990744, 26.599963], [90.991001, 26.591405], [90.986881, 26.590715], [90.978513, 26.590446], [90.969887, 26.590868], [90.96847, 26.594168], [90.968041, 26.599694], [90.964308, 26.599502], [90.964007, 26.590062], [90.964994, 26.586915], [90.964823, 26.584306], [90.962891, 26.583576], [90.956497, 26.583346], [90.952549, 26.583078], [90.948601, 26.583461], [90.94624, 26.584613], [90.941734, 26.584689], [90.936241, 26.584229], [90.935512, 26.571986], [90.936069, 26.567955], [90.935168, 26.562735], [90.93461, 26.555826], [90.931735, 26.555557], [90.928259, 26.555672], [90.925255, 26.556286], [90.923195, 26.557092], [90.923066, 26.558397], [90.92238, 26.560854], [90.921264, 26.562812], [90.921307, 26.564539], [90.921564, 26.566458], [90.922165, 26.568761], [90.922894, 26.571026], [90.924783, 26.571832], [90.925813, 26.572293], [90.926027, 26.57379], [90.924525, 26.576246], [90.92165, 26.577397], [90.915213, 26.578817], [90.912251, 26.578357], [90.908046, 26.576323], [90.904698, 26.574365], [90.90251, 26.572369], [90.901952, 26.57045], [90.902338, 26.5688], [90.900407, 26.566612], [90.897231, 26.559914], [90.896845, 26.557438], [90.896394, 26.555921], [90.894892, 26.554655], [90.892961, 26.553772], [90.890987, 26.553522], [90.889056, 26.553637], [90.886009, 26.554309], [90.884485, 26.555288], [90.881567, 26.55573], [90.880709, 26.556593], [90.873221, 26.563624], [90.873284, 26.564347], [90.871825, 26.571755], [90.869336, 26.573828], [90.866203, 26.578395], [90.869937, 26.58254], [90.877731, 26.583831], [90.884571, 26.590369], [90.882425, 26.594821], [90.891386, 26.59483], [90.897961, 26.599426], [90.893497, 26.604337], [90.893154, 26.628509], [90.89794, 26.634966], [90.898043, 26.635591], [90.899827, 26.658783], [90.89269, 26.666366], [90.898043, 26.689558], [90.914099, 26.710967], [90.91798, 26.715768], [90.917272, 26.729437], [90.921478, 26.738022], [90.930276, 26.750899], [90.945125, 26.767683], [90.948472, 26.77366], [90.956268, 26.782101], [90.9582, 26.78192], [90.968536, 26.784999], [90.995321, 26.790671], [91.003997, 26.789309], [91.019191, 26.786266], [91.019282, 26.786248], [91.019513, 26.786212], [91.030215, 26.784627], [91.039451, 26.783256], [91.042834, 26.782472], [91.043213, 26.782384], [91.054296, 26.779816], [91.070634, 26.79498], [91.071057, 26.795371], [91.075053, 26.799074], [91.093294, 26.817555], [91.094718, 26.818997], [91.09747, 26.821785], [91.109913, 26.81935], [91.116944, 26.817709], [91.134864, 26.813548], [91.144215, 26.811373], [91.141033, 26.803235], [91.137342, 26.791513], [91.134167, 26.783162], [91.13451, 26.778181], [91.139059, 26.771361], [91.145582, 26.769139], [91.149959, 26.763775], [91.151762, 26.760019], [91.152105, 26.74883], [91.152706, 26.744767], [91.143866, 26.739248], [91.124124, 26.725374], [91.114426, 26.718244], [91.103783, 26.709964]]], "type": "Polygon"}, "id": "baksa-barnagar-pt", "properties": {"district": "Baksa", "grade": "zonal", "locality_id": "baksa-barnagar-pt", "osm_id": "relation/10044729", "revenue_circle": "Barnagar (Pt)"}, "type": "Feature"}, {"geometry": {"coordinates": [[[91.291065, 26.563925], [91.29158, 26.56619], [91.290228, 26.567111], [91.292417, 26.569663], [91.292696, 26.571602], [91.291773, 26.572849], [91.290958, 26.574097], [91.290657, 26.576783], [91.29261, 26.579412], [91.295357, 26.58231], [91.293211, 26.584651], [91.286817, 26.58538], [91.280723, 26.585457], [91.276217, 26.585802], [91.273298, 26.585764], [91.268578, 26.584843], [91.264544, 26.585764], [91.261411, 26.585764], [91.258149, 26.586148], [91.254373, 26.586724], [91.252785, 26.586071], [91.252398, 26.583807], [91.251626, 26.581849], [91.250982, 26.579815], [91.249652, 26.57828], [91.246776, 26.578088], [91.244631, 26.577474], [91.24227, 26.576323], [91.238279, 26.576745], [91.237121, 26.577973], [91.237893, 26.580698], [91.237163, 26.583768], [91.237163, 26.588143], [91.237679, 26.591098], [91.23775, 26.593822], [91.237764, 26.59436], [91.237421, 26.595473], [91.235189, 26.596624], [91.235104, 26.59862], [91.234975, 26.604261], [91.234331, 26.607983], [91.235704, 26.60875], [91.237893, 26.609479], [91.240554, 26.609824], [91.242227, 26.608558], [91.243644, 26.608443], [91.246347, 26.608136], [91.248794, 26.608903], [91.249008, 26.610784], [91.249609, 26.613354], [91.250081, 26.615772], [91.250381, 26.618726], [91.248021, 26.619225], [91.244888, 26.618803], [91.242914, 26.61838], [91.238794, 26.617306], [91.237985, 26.617172], [91.237378, 26.618342], [91.235361, 26.620337], [91.235361, 26.621948], [91.239567, 26.623138], [91.243043, 26.623982], [91.246347, 26.625018], [91.248579, 26.62943], [91.246262, 26.631655], [91.242871, 26.633036], [91.241713, 26.634417], [91.242313, 26.635836], [91.243987, 26.63714], [91.245232, 26.638138], [91.245017, 26.639825], [91.244416, 26.64182], [91.245532, 26.646845], [91.252184, 26.656702], [91.256175, 26.662992], [91.265187, 26.668592], [91.272225, 26.672081], [91.281109, 26.677565], [91.283941, 26.681438], [91.288877, 26.688685], [91.291323, 26.698846], [91.293468, 26.707932], [91.298189, 26.715867], [91.298876, 26.719547], [91.299219, 26.726178], [91.298404, 26.730395], [91.297202, 26.732848], [91.299949, 26.73714], [91.30085, 26.74172], [91.301022, 26.746818], [91.299863, 26.753831], [91.298232, 26.755785], [91.295292, 26.759406], [91.2954, 26.760843], [91.296751, 26.764139], [91.297502, 26.766533], [91.297653, 26.769177], [91.297781, 26.774273], [91.29467, 26.777396], [91.292717, 26.780039], [91.292503, 26.781227], [91.293469, 26.782338], [91.295099, 26.784368], [91.29807, 26.787366], [91.31632, 26.784098], [91.318874, 26.783641], [91.325105, 26.782651], [91.338687, 26.780686], [91.361661, 26.790173], [91.365738, 26.786074], [91.381874, 26.777338], [91.395779, 26.767989], [91.41346, 26.75956], [91.41655, 26.739325], [91.414318, 26.730433], [91.411915, 26.725834], [91.40625, 26.722921], [91.388912, 26.719701], [91.389599, 26.716174], [91.392517, 26.701299], [91.39389, 26.690871], [91.39801, 26.682742], [91.400371, 26.670662], [91.404276, 26.670471], [91.406894, 26.671161], [91.409168, 26.672963], [91.411486, 26.675533], [91.413889, 26.678102], [91.41655, 26.680786], [91.41964, 26.679751], [91.418138, 26.676108], [91.415949, 26.672311], [91.416979, 26.667556], [91.418052, 26.665562], [91.419039, 26.662916], [91.417665, 26.661343], [91.41582, 26.657853], [91.416936, 26.656357], [91.420197, 26.654056], [91.423459, 26.651563], [91.422214, 26.649415], [91.418395, 26.648993], [91.418266, 26.64627], [91.419983, 26.645618], [91.422558, 26.64416], [91.422815, 26.641552], [91.421828, 26.63971], [91.420927, 26.636948], [91.421657, 26.635759], [91.425004, 26.634186], [91.424704, 26.630964], [91.421485, 26.62801], [91.420069, 26.624941], [91.42024, 26.621718], [91.421056, 26.618304], [91.41788, 26.6165], [91.415563, 26.615273], [91.412773, 26.615963], [91.411529, 26.618304], [91.408954, 26.620145], [91.407366, 26.616961], [91.404619, 26.617114], [91.402001, 26.618304], [91.399727, 26.620069], [91.375909, 26.619378], [91.372604, 26.614198], [91.367068, 26.605105], [91.366167, 26.594015], [91.364193, 26.590062], [91.360845, 26.583692], [91.359816, 26.581696], [91.359301, 26.57828], [91.358442, 26.57521], [91.35149, 26.574634], [91.349215, 26.572677], [91.346984, 26.570681], [91.344366, 26.567418], [91.342649, 26.565729], [91.337886, 26.56546], [91.332929, 26.562543], [91.330869, 26.561986], [91.327586, 26.561468], [91.324968, 26.561891], [91.324625, 26.563963], [91.324367, 26.566113], [91.324882, 26.569337], [91.327801, 26.572024], [91.330805, 26.575095], [91.333466, 26.579163], [91.334925, 26.583615], [91.330891, 26.583078], [91.323509, 26.581696], [91.316385, 26.580391], [91.312094, 26.577781], [91.306601, 26.568071], [91.305442, 26.564885], [91.302953, 26.563426], [91.299047, 26.564002], [91.291065, 26.563925]]], "type": "Polygon"}, "id": "baksa-baska", "properties": {"district": "Baksa", "grade": "zonal", "locality_id": "baksa-baska", "osm_id": "relation/10044735", "revenue_circle": "Baska"}, "type": "Feature"}, {"geometry": {"coordinates": [[[91.779774, 26.512476], [91.78015, 26.511921], [91.781695, 26.509693], [91.782703, 26.507504], [91.784012, 26.502396], [91.784592, 26.500995], [91.785536, 26.499862], [91.786909, 26.498498], [91.786888, 26.497596], [91.786416, 26.497615], [91.784828, 26.498306], [91.783175, 26.498786], [91.782124, 26.498383], [91.781073, 26.496943], [91.781995, 26.495118], [91.783841, 26.493832], [91.786244, 26.492391], [91.793625, 26.492468], [91.798883, 26.492084], [91.80105, 26.490682], [91.801136, 26.487782], [91.801071, 26.485823], [91.800234, 26.484498], [91.799869, 26.483211], [91.798925, 26.477757], [91.796608, 26.47599], [91.793303, 26.475337], [91.790557, 26.475337], [91.788111, 26.476028], [91.78545, 26.476758], [91.780826, 26.478851], [91.780021, 26.479773], [91.779496, 26.481553], [91.777296, 26.482174], [91.773004, 26.480791], [91.768327, 26.480638], [91.763134, 26.480446], [91.761503, 26.48156], [91.757469, 26.482597], [91.752319, 26.482136], [91.752534, 26.486438], [91.752362, 26.489165], [91.752276, 26.490893], [91.753736, 26.494542], [91.75292, 26.495426], [91.750646, 26.496194], [91.747298, 26.497154], [91.744165, 26.496924], [91.741033, 26.496271], [91.737342, 26.496002], [91.733608, 26.496578], [91.733351, 26.497577], [91.735582, 26.499266], [91.736956, 26.50038], [91.737642, 26.50207], [91.725755, 26.503453], [91.725883, 26.50015], [91.725454, 26.495963], [91.721721, 26.494581], [91.719618, 26.4917], [91.71876, 26.489703], [91.718373, 26.487821], [91.717, 26.48517], [91.715712, 26.482251], [91.718459, 26.47841], [91.709619, 26.477795], [91.70846, 26.473954], [91.695414, 26.468383], [91.691995, 26.466367], [91.688118, 26.464081], [91.684899, 26.455475], [91.682968, 26.455167], [91.680264, 26.454783], [91.677175, 26.454591], [91.675587, 26.453938], [91.675501, 26.452247], [91.676659, 26.450749], [91.676445, 26.449596], [91.674857, 26.448251], [91.670866, 26.449404], [91.645353, 26.449442], [91.64192, 26.450595], [91.63913, 26.450172], [91.637585, 26.449922], [91.634324, 26.449327], [91.632607, 26.448885], [91.63089, 26.448309], [91.629131, 26.446945], [91.626899, 26.446368], [91.624904, 26.446368], [91.624024, 26.447425], [91.62426, 26.44875], [91.625075, 26.449826], [91.626749, 26.450422], [91.628702, 26.450576], [91.630011, 26.45048], [91.631513, 26.45071], [91.632221, 26.45169], [91.63029, 26.453765], [91.629238, 26.454994], [91.628659, 26.456166], [91.628916, 26.45703], [91.629753, 26.458471], [91.629796, 26.45997], [91.628616, 26.460546], [91.627672, 26.460219], [91.626813, 26.458586], [91.626856, 26.45753], [91.626062, 26.456089], [91.624904, 26.455743], [91.623959, 26.456954], [91.623874, 26.45849], [91.624174, 26.45997], [91.625268, 26.461526], [91.626427, 26.462505], [91.627564, 26.463427], [91.627865, 26.465329], [91.626127, 26.465425], [91.623938, 26.465675], [91.622243, 26.465829], [91.621492, 26.466693], [91.620955, 26.467634], [91.620441, 26.468883], [91.619046, 26.469056], [91.619046, 26.471572], [91.619797, 26.47284], [91.620698, 26.473704], [91.622457, 26.473934], [91.623723, 26.47332], [91.624453, 26.472206], [91.624625, 26.471457], [91.62617, 26.471245], [91.625805, 26.473051], [91.625741, 26.474203], [91.625934, 26.475471], [91.626577, 26.476681], [91.627822, 26.477814], [91.628122, 26.479216], [91.62823, 26.480542], [91.627264, 26.481079], [91.625698, 26.480542], [91.62456, 26.479178], [91.623552, 26.477507], [91.622522, 26.476623], [91.621578, 26.477123], [91.620719, 26.478371], [91.620634, 26.47937], [91.620698, 26.480657], [91.622179, 26.48252], [91.624045, 26.484018], [91.626363, 26.484364], [91.628015, 26.48494], [91.629066, 26.486111], [91.628981, 26.487321], [91.627049, 26.487686], [91.625247, 26.487187], [91.623316, 26.488205], [91.62338, 26.489127], [91.624625, 26.490164], [91.625633, 26.490356], [91.6272, 26.490509], [91.628401, 26.491124], [91.628873, 26.492257], [91.628616, 26.493371], [91.625976, 26.493332], [91.624067, 26.49268], [91.622329, 26.491662], [91.621213, 26.490471], [91.619818, 26.489549], [91.618509, 26.488934], [91.617286, 26.488358], [91.616364, 26.486976], [91.615741, 26.486668], [91.615376, 26.487398], [91.615248, 26.488512], [91.615763, 26.489645], [91.616042, 26.491066], [91.616589, 26.491815], [91.617286, 26.492151], [91.617984, 26.49266], [91.619046, 26.492919], [91.619271, 26.494542], [91.618509, 26.495224], [91.615623, 26.495214], [91.612555, 26.494456], [91.612329, 26.495349], [91.613102, 26.497577], [91.614518, 26.502224], [91.616106, 26.504106], [91.618381, 26.505066], [91.618595, 26.507408], [91.61881, 26.509636], [91.619453, 26.51121], [91.6225, 26.511037], [91.623552, 26.513745], [91.622651, 26.51626], [91.620612, 26.51962], [91.619368, 26.523614], [91.620827, 26.525572], [91.623959, 26.525802], [91.627393, 26.524958], [91.629882, 26.524113], [91.632328, 26.524689], [91.632586, 26.525841], [91.629968, 26.526839], [91.628294, 26.52849], [91.627693, 26.531024], [91.627994, 26.533789], [91.629195, 26.535133], [91.632628, 26.538511], [91.642756, 26.537743], [91.642499, 26.540201], [91.645331, 26.539932], [91.645889, 26.537705], [91.647649, 26.537935], [91.648722, 26.539279], [91.649537, 26.54189], [91.651425, 26.539932], [91.652455, 26.539087], [91.653829, 26.541544], [91.654086, 26.544462], [91.655545, 26.547649], [91.652155, 26.547533], [91.650138, 26.548493], [91.650696, 26.550106], [91.653056, 26.550259], [91.654901, 26.551756], [91.653957, 26.553138], [91.653357, 26.554444], [91.654687, 26.558436], [91.657004, 26.559818], [91.659279, 26.558474], [91.659322, 26.555288], [91.659193, 26.552486], [91.659665, 26.551449], [91.661081, 26.55095], [91.662369, 26.55333], [91.661382, 26.555902], [91.660781, 26.558589], [91.662369, 26.559511], [91.664858, 26.560509], [91.665759, 26.561737], [91.6646, 26.563656], [91.663828, 26.56523], [91.664514, 26.567188], [91.664429, 26.577858], [91.664686, 26.583154], [91.665888, 26.596509], [91.664386, 26.599426], [91.662583, 26.601651], [91.663227, 26.604529], [91.662455, 26.606985], [91.66151, 26.608635], [91.660523, 26.611206], [91.666532, 26.610361], [91.668548, 26.609786], [91.670909, 26.610361], [91.673741, 26.611436], [91.674943, 26.613277], [91.673999, 26.616923], [91.669664, 26.617882], [91.66666, 26.618956], [91.662798, 26.620644], [91.659579, 26.622332], [91.657991, 26.623713], [91.658807, 26.626015], [91.661382, 26.624711], [91.663785, 26.622792], [91.665845, 26.621258], [91.667647, 26.621181], [91.670437, 26.622255], [91.670909, 26.623867], [91.670737, 26.627128], [91.667991, 26.631424], [91.665287, 26.632844], [91.660781, 26.632805], [91.659493, 26.633381], [91.660395, 26.637524], [91.664257, 26.637064], [91.668506, 26.63737], [91.671896, 26.638406], [91.674471, 26.640593], [91.676917, 26.646922], [91.676659, 26.650949], [91.674857, 26.653749], [91.673741, 26.655552], [91.678419, 26.655015], [91.681337, 26.656396], [91.683226, 26.659847], [91.682238, 26.662532], [91.680779, 26.664411], [91.682153, 26.668055], [91.684899, 26.674612], [91.684599, 26.68163], [91.685028, 26.683969], [91.683526, 26.687266], [91.689148, 26.691369], [91.691723, 26.693478], [91.690307, 26.697465], [91.69404, 26.70705], [91.701722, 26.708047], [91.705542, 26.70958], [91.707172, 26.71188], [91.705542, 26.716787], [91.705112, 26.720812], [91.70464, 26.723994], [91.706571, 26.730471], [91.705413, 26.741701], [91.701379, 26.744882], [91.701164, 26.7486], [91.699362, 26.751052], [91.701078, 26.754195], [91.702366, 26.764349], [91.702323, 26.76979], [91.701379, 26.776993], [91.70331, 26.782549], [91.703739, 26.787376], [91.706099, 26.794156], [91.705327, 26.799941], [91.706446, 26.813266], [91.711383, 26.792901], [91.712773, 26.789694], [91.713932, 26.786801], [91.714554, 26.785499], [91.714747, 26.784119], [91.714125, 26.782338], [91.713352, 26.779637], [91.713223, 26.776744], [91.713073, 26.774388], [91.71376, 26.77094], [91.714833, 26.76728], [91.715498, 26.765575], [91.716163, 26.761744], [91.716721, 26.759157], [91.717279, 26.757222], [91.718244, 26.754444], [91.719382, 26.753218], [91.721377, 26.752202], [91.72303, 26.750458], [91.72348, 26.74881], [91.723416, 26.747507], [91.72363, 26.746147], [91.724703, 26.744499], [91.725669, 26.742851], [91.728544, 26.738961], [91.731398, 26.735972], [91.731977, 26.734477], [91.732299, 26.733231], [91.732514, 26.731966], [91.734509, 26.729034], [91.736097, 26.727118], [91.736741, 26.725776], [91.736269, 26.724684], [91.735196, 26.723189], [91.734831, 26.72179], [91.735218, 26.715867], [91.737363, 26.712877], [91.738544, 26.709235], [91.739423, 26.707663], [91.740024, 26.705363], [91.741397, 26.703465], [91.74247, 26.702622], [91.742899, 26.701491], [91.742406, 26.700092], [91.741161, 26.698577], [91.739037, 26.696315], [91.739252, 26.693535], [91.740045, 26.691657], [91.741075, 26.690947], [91.742599, 26.690717], [91.744165, 26.69041], [91.745109, 26.689701], [91.745753, 26.687113], [91.745667, 26.685483], [91.744573, 26.684007], [91.744144, 26.683317], [91.74453, 26.678888], [91.7435, 26.67722], [91.742427, 26.675916], [91.74247, 26.674747], [91.742835, 26.672982], [91.743071, 26.671564], [91.742685, 26.670547], [91.736913, 26.670586], [91.736033, 26.666559], [91.734595, 26.665984], [91.735368, 26.659598], [91.733437, 26.656798], [91.73348, 26.655974], [91.734059, 26.655283], [91.737406, 26.655398], [91.739595, 26.654631], [91.740754, 26.653576], [91.741505, 26.652694], [91.741419, 26.64882], [91.742663, 26.648513], [91.743994, 26.649242], [91.745732, 26.649492], [91.747255, 26.649204], [91.748371, 26.649051], [91.748221, 26.645733], [91.747749, 26.644774], [91.744316, 26.643891], [91.743114, 26.643182], [91.739938, 26.640343], [91.739895, 26.638924], [91.741054, 26.637754], [91.741827, 26.636737], [91.7435, 26.637198], [91.744831, 26.637965], [91.746955, 26.638003], [91.748221, 26.637658], [91.750216, 26.636641], [91.750174, 26.634704], [91.749186, 26.632921], [91.747448, 26.632], [91.744873, 26.631501], [91.743479, 26.631328], [91.741419, 26.632172], [91.739402, 26.632422], [91.737363, 26.632383], [91.735454, 26.632153], [91.734488, 26.631443], [91.734595, 26.629334], [91.736033, 26.628298], [91.738308, 26.62755], [91.740797, 26.627243], [91.743093, 26.628029], [91.744723, 26.62849], [91.745989, 26.628221], [91.746075, 26.626015], [91.744916, 26.624461], [91.744444, 26.622466], [91.742985, 26.620011], [91.741612, 26.618342], [91.740603, 26.61721], [91.740303, 26.615963], [91.740196, 26.61464], [91.740797, 26.613258], [91.742148, 26.612779], [91.743929, 26.611896], [91.743178, 26.609633], [91.741805, 26.60827], [91.740217, 26.607848], [91.736934, 26.60662], [91.739016, 26.602553], [91.740689, 26.601517], [91.742341, 26.601958], [91.743822, 26.602476], [91.746097, 26.603704], [91.746976, 26.60499], [91.748307, 26.60639], [91.749616, 26.606333], [91.751161, 26.605297], [91.751397, 26.603838], [91.751375, 26.601939], [91.750624, 26.600366], [91.749616, 26.599522], [91.74747, 26.597872], [91.745109, 26.596471], [91.744788, 26.591617], [91.744466, 26.590101], [91.745925, 26.589467], [91.747835, 26.588278], [91.74968, 26.588009], [91.751933, 26.587856], [91.755989, 26.589851], [91.757705, 26.592595], [91.7591, 26.594111], [91.761267, 26.594149], [91.763005, 26.593785], [91.762791, 26.591329], [91.762447, 26.589448], [91.762233, 26.587126], [91.759808, 26.585495], [91.757298, 26.585054], [91.753693, 26.58444], [91.751912, 26.583346], [91.75086, 26.582233], [91.749938, 26.580717], [91.750216, 26.579528], [91.752856, 26.577359], [91.754916, 26.577263], [91.756761, 26.577609], [91.759508, 26.577839], [91.760838, 26.576246], [91.762597, 26.574596], [91.765859, 26.573003], [91.765923, 26.572581], [91.765323, 26.571448], [91.76455, 26.569337], [91.764936, 26.564885], [91.767168, 26.562869], [91.768327, 26.561871], [91.771309, 26.56072], [91.772339, 26.558436], [91.772275, 26.555173], [91.772618, 26.552486], [91.773391, 26.550969], [91.774185, 26.55024], [91.780107, 26.549818], [91.780558, 26.548244], [91.779978, 26.547284], [91.778819, 26.546055], [91.778283, 26.544788], [91.779485, 26.54164], [91.783132, 26.537206], [91.784613, 26.535977], [91.784635, 26.534845], [91.782854, 26.534326], [91.7803, 26.534269], [91.777146, 26.531082], [91.776202, 26.529354], [91.775901, 26.528106], [91.776824, 26.527069], [91.777747, 26.527357], [91.779678, 26.528989], [91.781244, 26.529412], [91.78251, 26.529258], [91.783433, 26.528317], [91.783132, 26.526359], [91.782618, 26.525034], [91.781995, 26.524727], [91.778927, 26.523767], [91.777339, 26.523614], [91.776652, 26.522577], [91.777446, 26.521425], [91.778476, 26.520676], [91.780343, 26.520503], [91.782446, 26.52035], [91.784227, 26.519678], [91.784785, 26.518794], [91.78457, 26.517316], [91.783004, 26.516414], [91.781373, 26.515895], [91.778884, 26.514705], [91.779227, 26.513246], [91.779774, 26.512476]]], "type": "Polygon"}, "id": "baksa-goreswar-pt", "properties": {"district": "Tamulpur", "grade": "zonal", "locality_id": "baksa-goreswar-pt", "osm_id": "relation/10044738", "revenue_circle": "Goreswar (Pt)"}, "type": "Feature"}, {"geometry": {"coordinates": [[[91.139488, 26.600116], [91.136827, 26.598274], [91.133952, 26.598198], [91.130519, 26.598198], [91.129274, 26.599004], [91.129146, 26.600654], [91.129832, 26.602342], [91.130519, 26.603762], [91.129704, 26.605258], [91.127944, 26.60568], [91.126142, 26.60568], [91.126142, 26.604069], [91.124468, 26.599771], [91.124597, 26.598543], [91.125798, 26.596778], [91.126313, 26.595435], [91.125712, 26.593439], [91.12391, 26.593094], [91.118717, 26.593132], [91.117859, 26.591213], [91.117129, 26.588757], [91.114769, 26.585649], [91.114511, 26.584306], [91.115284, 26.583385], [91.117644, 26.583001], [91.120691, 26.583461], [91.123223, 26.58373], [91.122622, 26.580967], [91.120992, 26.57709], [91.120391, 26.574596], [91.118245, 26.571602], [91.115198, 26.570988], [91.109104, 26.571026], [91.106443, 26.569721], [91.106272, 26.567341], [91.107559, 26.566343], [91.109276, 26.563349], [91.108932, 26.5612], [91.105671, 26.560816], [91.100607, 26.561277], [91.095886, 26.562582], [91.091595, 26.56166], [91.087131, 26.559127], [91.081295, 26.556747], [91.081037, 26.553829], [91.080608, 26.544232], [91.08078, 26.537551], [91.080523, 26.533789], [91.073828, 26.53471], [91.073398, 26.529642], [91.072519, 26.521963], [91.071789, 26.518737], [91.070051, 26.516702], [91.068807, 26.516222], [91.065674, 26.51603], [91.062584, 26.516395], [91.061125, 26.517354], [91.059945, 26.516702], [91.058722, 26.51697], [91.057649, 26.518814], [91.057005, 26.520139], [91.054988, 26.522039], [91.054344, 26.523594], [91.054387, 26.525764], [91.055739, 26.527089], [91.057155, 26.528164], [91.056962, 26.529488], [91.051984, 26.529565], [91.043057, 26.528874], [91.039882, 26.529181], [91.035719, 26.529681], [91.031513, 26.530218], [91.027586, 26.530766], [91.028852, 26.535094], [91.0322, 26.539932], [91.033573, 26.542773], [91.035204, 26.548378], [91.040354, 26.557131], [91.042242, 26.55882], [91.046276, 26.556517], [91.050396, 26.556286], [91.057091, 26.557054], [91.061382, 26.558896], [91.06164, 26.563733], [91.061468, 26.568339], [91.062069, 26.574557], [91.063013, 26.57947], [91.060867, 26.583692], [91.056662, 26.585764], [91.0534, 26.586148], [91.047649, 26.586685], [91.043615, 26.587146], [91.042328, 26.589602], [91.039581, 26.592825], [91.036148, 26.59367], [91.031341, 26.592288], [91.029196, 26.593439], [91.026106, 26.600884], [91.029367, 26.604184], [91.034603, 26.60687], [91.03486, 26.609633], [91.029711, 26.618381], [91.029539, 26.622447], [91.031599, 26.625286], [91.032028, 26.627818], [91.031084, 26.631424], [91.029882, 26.634647], [91.029968, 26.636795], [91.033144, 26.638406], [91.03692, 26.641398], [91.045418, 26.647689], [91.047392, 26.650527], [91.04516, 26.653826], [91.041984, 26.654363], [91.039667, 26.66211], [91.034088, 26.662724], [91.033487, 26.665102], [91.035204, 26.670701], [91.040354, 26.672848], [91.045761, 26.672465], [91.052542, 26.671008], [91.059923, 26.670394], [91.068849, 26.678907], [91.101492, 26.707927], [91.103783, 26.709964], [91.114983, 26.70636], [91.13112, 26.701338], [91.145668, 26.697389], [91.151118, 26.695855], [91.147299, 26.684352], [91.143823, 26.674727], [91.142707, 26.67001], [91.142707, 26.667288], [91.143951, 26.665102], [91.146612, 26.662954], [91.142406, 26.662839], [91.141462, 26.661151], [91.140776, 26.658198], [91.140475, 26.654094], [91.140604, 26.651294], [91.131849, 26.650681], [91.128716, 26.651141], [91.128416, 26.652061], [91.129017, 26.653826], [91.128674, 26.655628], [91.128158, 26.656856], [91.127558, 26.65908], [91.125584, 26.659924], [91.123867, 26.659426], [91.121979, 26.660116], [91.119189, 26.660461], [91.116614, 26.660576], [91.112623, 26.661151], [91.109147, 26.661727], [91.105328, 26.66188], [91.102409, 26.662149], [91.100607, 26.663721], [91.098161, 26.665754], [91.097646, 26.663989], [91.097217, 26.661612], [91.09623, 26.657431], [91.097045, 26.652292], [91.100349, 26.651716], [91.1058, 26.651678], [91.113482, 26.652177], [91.113524, 26.650451], [91.113396, 26.647651], [91.113095, 26.644352], [91.112881, 26.63879], [91.111894, 26.637601], [91.10786, 26.63737], [91.102967, 26.637447], [91.099491, 26.637946], [91.096873, 26.639595], [91.097045, 26.637447], [91.097431, 26.635644], [91.097302, 26.632383], [91.09786, 26.630887], [91.100521, 26.629583], [91.102238, 26.630465], [91.104641, 26.632997], [91.116357, 26.633036], [91.116443, 26.625516], [91.117601, 26.622255], [91.118631, 26.620682], [91.121077, 26.619493], [91.122923, 26.617882], [91.123524, 26.614851], [91.12258, 26.612702], [91.124382, 26.612011], [91.127772, 26.611628], [91.13215, 26.611666], [91.136355, 26.611858], [91.14069, 26.611167], [91.141848, 26.608827], [91.142621, 26.606294], [91.143179, 26.605335], [91.143308, 26.603263], [91.140776, 26.601958], [91.139488, 26.600116]]], "type": "Polygon"}, "id": "baksa-sarupeta-pt", "properties": {"district": "Baksa", "grade": "zonal", "locality_id": "baksa-sarupeta-pt", "osm_id": "relation/10044730", "revenue_circle": "Sarupeta (Pt)"}, "type": "Feature"}, {"geometry": {"coordinates": [[[91.531391, 26.559511], [91.527185, 26.565115], [91.52564, 26.565883], [91.517744, 26.567572], [91.512766, 26.569107], [91.50959, 26.569951], [91.505127, 26.572254], [91.500664, 26.57402], [91.500921, 26.575709], [91.503324, 26.577935], [91.502552, 26.582847], [91.498947, 26.586532], [91.499548, 26.589218], [91.501951, 26.589986], [91.506243, 26.589909], [91.503582, 26.594437], [91.499977, 26.594284], [91.497831, 26.5972], [91.501179, 26.599502], [91.50238, 26.602726], [91.499033, 26.604337], [91.493711, 26.605028], [91.490707, 26.605719], [91.486587, 26.613086], [91.489162, 26.615925], [91.493626, 26.619532], [91.491995, 26.627511], [91.495256, 26.629736], [91.509418, 26.628048], [91.509075, 26.631578], [91.50856, 26.636104], [91.505899, 26.641015], [91.502295, 26.645081], [91.501522, 26.650911], [91.502037, 26.658198], [91.497531, 26.667096], [91.497617, 26.669243], [91.496029, 26.672925], [91.494226, 26.676031], [91.492081, 26.681093], [91.491437, 26.685081], [91.490922, 26.693631], [91.490579, 26.697465], [91.489205, 26.699766], [91.487145, 26.701798], [91.484613, 26.702411], [91.48294, 26.703025], [91.481953, 26.706705], [91.479592, 26.710424], [91.476202, 26.714755], [91.471181, 26.718934], [91.467833, 26.721464], [91.462855, 26.723572], [91.45792, 26.733768], [91.45719, 26.73852], [91.455817, 26.743388], [91.455946, 26.747718], [91.456804, 26.751474], [91.45513, 26.753581], [91.451483, 26.758295], [91.44732, 26.764196], [91.444359, 26.769177], [91.442428, 26.779446], [91.440454, 26.784694], [91.437964, 26.789943], [91.4326, 26.79634], [91.425004, 26.80358], [91.420498, 26.810934], [91.416121, 26.817981], [91.413932, 26.824913], [91.410692, 26.832994], [91.408006, 26.838923], [91.434185, 26.821945], [91.448479, 26.812428], [91.453994, 26.809315], [91.469193, 26.800977], [91.487231, 26.794923], [91.494449, 26.792284], [91.499722, 26.792073], [91.500867, 26.792176], [91.501373, 26.792453], [91.501593, 26.792801], [91.50185, 26.792711], [91.502252, 26.792622], [91.502293, 26.792622], [91.502834, 26.792637], [91.503088, 26.79262], [91.503597, 26.79275], [91.503783, 26.792791], [91.503995, 26.792836], [91.504285, 26.792912], [91.504462, 26.792949], [91.504703, 26.792988], [91.504993, 26.793029], [91.5062, 26.793248], [91.50642, 26.793318], [91.506562, 26.793381], [91.506977, 26.793528], [91.508484, 26.793667], [91.508753, 26.793589], [91.509474, 26.793382], [91.509844, 26.793276], [91.519727, 26.79476], [91.539235, 26.798283], [91.564605, 26.801535], [91.592804, 26.80575], [91.603082, 26.810347], [91.607654, 26.812392], [91.627133, 26.821123], [91.669235, 26.811892], [91.691514, 26.807182], [91.70366, 26.812063], [91.703874, 26.812149], [91.703976, 26.812193], [91.706446, 26.813266], [91.705327, 26.799941], [91.706099, 26.794156], [91.703739, 26.787376], [91.70331, 26.782549], [91.701379, 26.776993], [91.702323, 26.76979], [91.702366, 26.764349], [91.701078, 26.754195], [91.699362, 26.751052], [91.701164, 26.7486], [91.701379, 26.744882], [91.705413, 26.741701], [91.706571, 26.730471], [91.70464, 26.723994], [91.705112, 26.720812], [91.705542, 26.716787], [91.707172, 26.71188], [91.705542, 26.70958], [91.701722, 26.708047], [91.69404, 26.70705], [91.690307, 26.697465], [91.691723, 26.693478], [91.689148, 26.691369], [91.683526, 26.687266], [91.685028, 26.683969], [91.684599, 26.68163], [91.684899, 26.674612], [91.682153, 26.668055], [91.680779, 26.664411], [91.682238, 26.662532], [91.683226, 26.659847], [91.681337, 26.656396], [91.678419, 26.655015], [91.673741, 26.655552], [91.674857, 26.653749], [91.676659, 26.650949], [91.676917, 26.646922], [91.674471, 26.640593], [91.671896, 26.638406], [91.668506, 26.63737], [91.664257, 26.637064], [91.660395, 26.637524], [91.659493, 26.633381], [91.660781, 26.632805], [91.665287, 26.632844], [91.667991, 26.631424], [91.670737, 26.627128], [91.670909, 26.623867], [91.670437, 26.622255], [91.667647, 26.621181], [91.665845, 26.621258], [91.663785, 26.622792], [91.661382, 26.624711], [91.658807, 26.626015], [91.657991, 26.623713], [91.659579, 26.622332], [91.662798, 26.620644], [91.66666, 26.618956], [91.669664, 26.617882], [91.673999, 26.616923], [91.674943, 26.613277], [91.673741, 26.611436], [91.670909, 26.610361], [91.668548, 26.609786], [91.666532, 26.610361], [91.660523, 26.611206], [91.66151, 26.608635], [91.662455, 26.606985], [91.663227, 26.604529], [91.662583, 26.601651], [91.664386, 26.599426], [91.665888, 26.596509], [91.664686, 26.583154], [91.664429, 26.577858], [91.664514, 26.567188], [91.663828, 26.56523], [91.6646, 26.563656], [91.665759, 26.561737], [91.664858, 26.560509], [91.662369, 26.559511], [91.660781, 26.558589], [91.661382, 26.555902], [91.662369, 26.55333], [91.661081, 26.55095], [91.659665, 26.551449], [91.659193, 26.552486], [91.659322, 26.555288], [91.659279, 26.558474], [91.657004, 26.559818], [91.654687, 26.558436], [91.653357, 26.554444], [91.653957, 26.553138], [91.654901, 26.551756], [91.653056, 26.550259], [91.650696, 26.550106], [91.650138, 26.548493], [91.652155, 26.547533], [91.655545, 26.547649], [91.654086, 26.544462], [91.653829, 26.541544], [91.652455, 26.539087], [91.651425, 26.539932], [91.649537, 26.54189], [91.648722, 26.539279], [91.647649, 26.537935], [91.645889, 26.537705], [91.645331, 26.539932], [91.642499, 26.540201], [91.642756, 26.537743], [91.632628, 26.538511], [91.629195, 26.535133], [91.627994, 26.533789], [91.627693, 26.531024], [91.628294, 26.52849], [91.629968, 26.526839], [91.632586, 26.525841], [91.632328, 26.524689], [91.629882, 26.524113], [91.627393, 26.524958], [91.623959, 26.525802], [91.620827, 26.525572], [91.619368, 26.523614], [91.620612, 26.51962], [91.618767, 26.519102], [91.617007, 26.51843], [91.615988, 26.518247], [91.614926, 26.51865], [91.614207, 26.519399], [91.614647, 26.520724], [91.615387, 26.521799], [91.615677, 26.523047], [91.616471, 26.526561], [91.616524, 26.528567], [91.618048, 26.530352], [91.619797, 26.53375], [91.619089, 26.535996], [91.618531, 26.538473], [91.61866, 26.541314], [91.621084, 26.542831], [91.62117, 26.545652], [91.619153, 26.546382], [91.617136, 26.546996], [91.616063, 26.548167], [91.617694, 26.551987], [91.618445, 26.556267], [91.618702, 26.564117], [91.618316, 26.568109], [91.614089, 26.568205], [91.611536, 26.569107], [91.607974, 26.569414], [91.605613, 26.569164], [91.604948, 26.568512], [91.604798, 26.566861], [91.605721, 26.565326], [91.606235, 26.563023], [91.605721, 26.557092], [91.604219, 26.556017], [91.598983, 26.555787], [91.597352, 26.556632], [91.593146, 26.557131], [91.5907, 26.557092], [91.588297, 26.5569], [91.585008, 26.557029], [91.585207, 26.558589], [91.585636, 26.561775], [91.584735, 26.563311], [91.581173, 26.562735], [91.579885, 26.563311], [91.580915, 26.56427], [91.582589, 26.566343], [91.583061, 26.567456], [91.583061, 26.569222], [91.581516, 26.570489], [91.579242, 26.571218], [91.576023, 26.571755], [91.574006, 26.571064], [91.568341, 26.568723], [91.564608, 26.568224], [91.557956, 26.56642], [91.547441, 26.563388], [91.54006, 26.560893], [91.535211, 26.560048], [91.531391, 26.559511]]], "type": "Polygon"}, "id": "baksa-tamulpur", "properties": {"district": "Tamulpur", "grade": "zonal", "locality_id": "baksa-tamulpur", "osm_id": "relation/10044737", "revenue_circle": "Tamulpur"}, "type": "Feature"}, {"geometry": {"coordinates": [[[91.004475, 26.127362], [91.003704, 26.127488], [91.001515, 26.127623], [90.999649, 26.127854], [90.997953, 26.128605], [90.997503, 26.128278], [90.997889, 26.126814], [90.999327, 26.125214], [91.004112, 26.121111], [91.006665, 26.118857], [91.007824, 26.117489], [91.007738, 26.115813], [91.006601, 26.11431], [91.005678, 26.11431], [91.003597, 26.11562], [91.002052, 26.117527], [91.000013, 26.118683], [90.997782, 26.118991], [90.994091, 26.118703], [90.990786, 26.11799], [90.987761, 26.115967], [90.980744, 26.11115], [90.975251, 26.107836], [90.969286, 26.105138], [90.966089, 26.103269], [90.960574, 26.099261], [90.958707, 26.098298], [90.955875, 26.098008], [90.952742, 26.096004], [90.950575, 26.095523], [90.946949, 26.094347], [90.943665, 26.093538], [90.938151, 26.09321], [90.934567, 26.099531], [90.931907, 26.10061], [90.929761, 26.100302], [90.926886, 26.098991], [90.924096, 26.09718], [90.921864, 26.095214], [90.918603, 26.092324], [90.9162, 26.090743], [90.911822, 26.089433], [90.904012, 26.090859], [90.895257, 26.092131], [90.887017, 26.093017], [90.88161, 26.094135], [90.872941, 26.094289], [90.868392, 26.095176], [90.866375, 26.096717], [90.864615, 26.100456], [90.861955, 26.105813], [90.860538, 26.107855], [90.858178, 26.111092], [90.856118, 26.112634], [90.853157, 26.113558], [90.849466, 26.114136], [90.846848, 26.114368], [90.844445, 26.11429], [90.842514, 26.112672], [90.840712, 26.111169], [90.838995, 26.109666], [90.83612, 26.109705], [90.834532, 26.111477], [90.828266, 26.115331], [90.821915, 26.118298], [90.815778, 26.118529], [90.807023, 26.121535], [90.798654, 26.125272], [90.790801, 26.127969], [90.784922, 26.129626], [90.780029, 26.130705], [90.774193, 26.132169], [90.767326, 26.133903], [90.759044, 26.134866], [90.745697, 26.135945], [90.739732, 26.1366], [90.734582, 26.136407], [90.731277, 26.135405], [90.727158, 26.133595], [90.72278, 26.133209], [90.717759, 26.132747], [90.713897, 26.131244], [90.711064, 26.13109], [90.710163, 26.134558], [90.707159, 26.142263], [90.706472, 26.144767], [90.702395, 26.147079], [90.698147, 26.148658], [90.694113, 26.150238], [90.691409, 26.151046], [90.68819, 26.160754], [90.685315, 26.163951], [90.683298, 26.169844], [90.681238, 26.173002], [90.678191, 26.17616], [90.675273, 26.179511], [90.673814, 26.187194], [90.673749, 26.192085], [90.67287, 26.194376], [90.687461, 26.195993], [90.709605, 26.195839], [90.717587, 26.196841], [90.724454, 26.198535], [90.734582, 26.197572], [90.735655, 26.196071], [90.737457, 26.195031], [90.74162, 26.195993], [90.746426, 26.199305], [90.750418, 26.201269], [90.752606, 26.202116], [90.754967, 26.203271], [90.754924, 26.207545], [90.75561, 26.213128], [90.756426, 26.217402], [90.759001, 26.221868], [90.766811, 26.228624], [90.770545, 26.229009], [90.774279, 26.22924], [90.777326, 26.23051], [90.782132, 26.233821], [90.788312, 26.239614], [90.7899, 26.242386], [90.791788, 26.245234], [90.796294, 26.244772], [90.798268, 26.244849], [90.801401, 26.246004], [90.803461, 26.248198], [90.804963, 26.250661], [90.805478, 26.258282], [90.807924, 26.261014], [90.811314, 26.261091], [90.813332, 26.257974], [90.813932, 26.253894], [90.815005, 26.250892], [90.816894, 26.249391], [90.819941, 26.247543], [90.825133, 26.251893], [90.826206, 26.255588], [90.82612, 26.258205], [90.82479, 26.261361], [90.824833, 26.263554], [90.82994, 26.266133], [90.83333, 26.267788], [90.836077, 26.267287], [90.837407, 26.265209], [90.837536, 26.263016], [90.838437, 26.25909], [90.838952, 26.255857], [90.840626, 26.252008], [90.842214, 26.250392], [90.845561, 26.251469], [90.846334, 26.255203], [90.845518, 26.256319], [90.843759, 26.258205], [90.842471, 26.259937], [90.841656, 26.262862], [90.840797, 26.266094], [90.839167, 26.268981], [90.83509, 26.27279], [90.831571, 26.276061], [90.827708, 26.281679], [90.826077, 26.284104], [90.826507, 26.287297], [90.827022, 26.289375], [90.826378, 26.29153], [90.825176, 26.293954], [90.825305, 26.295377], [90.830669, 26.298301], [90.835261, 26.300918], [90.836163, 26.304842], [90.836163, 26.307419], [90.837793, 26.30865], [90.842299, 26.308843], [90.845089, 26.309458], [90.848222, 26.310766], [90.849338, 26.312113], [90.849895, 26.317344], [90.854917, 26.31796], [90.859509, 26.317536], [90.863457, 26.318537], [90.867019, 26.320652], [90.871997, 26.320652], [90.875859, 26.320883], [90.879292, 26.321537], [90.883112, 26.322691], [90.889592, 26.32623], [90.891995, 26.329845], [90.892811, 26.333538], [90.892296, 26.336345], [90.889978, 26.33873], [90.890407, 26.340807], [90.892167, 26.341038], [90.894399, 26.340076], [90.895901, 26.339499], [90.898905, 26.340307], [90.901866, 26.341422], [90.903711, 26.343384], [90.903282, 26.345306], [90.900064, 26.349575], [90.898047, 26.352421], [90.895858, 26.353459], [90.896072, 26.35642], [90.898175, 26.357689], [90.899806, 26.358728], [90.901308, 26.360919], [90.900278, 26.363188], [90.899291, 26.365534], [90.903411, 26.365957], [90.909462, 26.365649], [90.914655, 26.365572], [90.918088, 26.365457], [90.917101, 26.361804], [90.917702, 26.360208], [90.919805, 26.359593], [90.922229, 26.359247], [90.924461, 26.358285], [90.924954, 26.357805], [90.92725, 26.354959], [90.932057, 26.349518], [90.935147, 26.346576], [90.93725, 26.34446], [90.940275, 26.344268], [90.943966, 26.343114], [90.947292, 26.341634], [90.950103, 26.339826], [90.951176, 26.338672], [90.951948, 26.336865], [90.952334, 26.334326], [90.951519, 26.332595], [90.950103, 26.331403], [90.947914, 26.329576], [90.946283, 26.327826], [90.943086, 26.323364], [90.943665, 26.320306], [90.944138, 26.317248], [90.94521, 26.312459], [90.947871, 26.308939], [90.950167, 26.307034], [90.951648, 26.306342], [90.953429, 26.306688], [90.954888, 26.307361], [90.956712, 26.307765], [90.962055, 26.307881], [90.965617, 26.310016], [90.968449, 26.311035], [90.970766, 26.312093], [90.972011, 26.312362], [90.973427, 26.311401], [90.97435, 26.309977], [90.97523, 26.308573], [90.97847, 26.30638], [90.982847, 26.304822], [90.986667, 26.304899], [90.988512, 26.304399], [90.991387, 26.303822], [90.993383, 26.303072], [90.995936, 26.300879], [90.998147, 26.29784], [90.999584, 26.294473], [91.000507, 26.290222], [90.999649, 26.288663], [90.998404, 26.287163], [90.997567, 26.285989], [90.99746, 26.284565], [90.997074, 26.280852], [90.996344, 26.279044], [90.996065, 26.277408], [90.995636, 26.276061], [90.994263, 26.273695], [90.992525, 26.272309], [90.991645, 26.271174], [90.991774, 26.267114], [90.992825, 26.264747], [90.994735, 26.261899], [90.995915, 26.260456], [90.998511, 26.259995], [91.001236, 26.25984], [91.004605, 26.259648], [91.009927, 26.259821], [91.015699, 26.259687], [91.017909, 26.259956], [91.020033, 26.260957], [91.024969, 26.26036], [91.025183, 26.258859], [91.024518, 26.257281], [91.023982, 26.255876], [91.024389, 26.248929], [91.024797, 26.246331], [91.024647, 26.243791], [91.025956, 26.240731], [91.026299, 26.238036], [91.026428, 26.236939], [91.027436, 26.235361], [91.027543, 26.233763], [91.025569, 26.232069], [91.022072, 26.230895], [91.019647, 26.229317], [91.017888, 26.228316], [91.01675, 26.22693], [91.016879, 26.225602], [91.018102, 26.225332], [91.019261, 26.225371], [91.021085, 26.225082], [91.02248, 26.223831], [91.023874, 26.222618], [91.024818, 26.220482], [91.025312, 26.219673], [91.026599, 26.22], [91.028273, 26.220713], [91.029925, 26.222079], [91.033637, 26.225121], [91.036084, 26.226526], [91.038315, 26.227912], [91.039796, 26.229105], [91.040955, 26.22974], [91.042392, 26.229009], [91.044624, 26.226969], [91.046469, 26.225313], [91.048164, 26.223831], [91.049838, 26.222407], [91.052134, 26.221348], [91.053314, 26.221348], [91.054559, 26.221001], [91.055975, 26.218634], [91.050525, 26.218537], [91.047435, 26.217421], [91.043637, 26.21565], [91.040804, 26.214167], [91.038487, 26.2123], [91.036556, 26.21051], [91.033187, 26.207526], [91.031363, 26.205504], [91.030161, 26.204176], [91.028101, 26.202732], [91.024625, 26.201577], [91.021836, 26.200922], [91.017373, 26.200268], [91.015162, 26.20046], [91.012545, 26.200287], [91.011128, 26.200171], [91.009991, 26.201365], [91.009326, 26.203618], [91.007996, 26.206448], [91.007566, 26.207121], [91.006172, 26.208123], [91.00527, 26.208604], [91.004283, 26.210491], [91.003232, 26.211376], [90.999992, 26.211318], [90.995443, 26.211357], [90.991087, 26.211299], [90.985122, 26.210028], [90.981796, 26.209798], [90.980015, 26.209393], [90.978127, 26.209066], [90.973728, 26.207661], [90.969329, 26.20614], [90.96508, 26.20483], [90.960746, 26.203752], [90.953772, 26.202366], [90.952656, 26.200807], [90.950639, 26.19969], [90.9483, 26.199055], [90.945253, 26.198111], [90.934546, 26.193856], [90.927722, 26.19118], [90.919354, 26.188349], [90.91208, 26.185134], [90.907767, 26.182265], [90.901844, 26.179357], [90.897832, 26.176295], [90.895107, 26.174177], [90.893648, 26.170672], [90.89633, 26.167687], [90.897725, 26.1658], [90.899205, 26.164702], [90.901866, 26.164336], [90.907466, 26.164394], [90.910299, 26.164394], [90.913689, 26.163007], [90.920427, 26.159329], [90.925427, 26.155862], [90.929654, 26.151201], [90.932722, 26.146828], [90.937722, 26.142321], [90.940962, 26.140568], [90.943043, 26.139971], [90.945876, 26.139836], [90.947893, 26.140626], [90.949781, 26.142109], [90.953064, 26.145557], [90.954759, 26.147098], [90.956798, 26.147175], [90.959737, 26.146751], [90.962055, 26.145942], [90.964458, 26.145846], [90.970445, 26.146443], [90.97626, 26.147541], [90.979521, 26.148427], [90.984006, 26.149775], [90.987525, 26.150777], [90.991044, 26.150315], [90.994563, 26.148966], [90.996752, 26.146347], [90.998125, 26.143804], [91.000443, 26.142032], [91.002202, 26.141338], [91.002932, 26.138488], [91.004434, 26.131514], [91.004434, 26.13032], [91.004475, 26.127362]]], "type": "Polygon"}, "id": "barpeta-baghbor", "properties": {"district": "Barpeta", "grade": "zonal", "locality_id": "barpeta-baghbor", "osm_id": "relation/10044921", "revenue_circle": "Baghbor"}, "type": "Feature"}, {"geometry": {"coordinates": [[[91.23775, 26.593822], [91.234632, 26.593171], [91.233644, 26.592326], [91.23313, 26.590024], [91.2324, 26.588067], [91.231842, 26.588374], [91.230297, 26.589602], [91.228967, 26.588105], [91.228838, 26.585035], [91.226263, 26.58492], [91.220813, 26.582732], [91.215534, 26.582694], [91.212316, 26.583461], [91.208281, 26.58396], [91.20266, 26.584114], [91.19575, 26.583845], [91.192789, 26.58277], [91.189485, 26.582732], [91.186995, 26.582732], [91.183219, 26.583346], [91.180301, 26.58254], [91.177554, 26.582502], [91.17661, 26.584536], [91.174679, 26.586685], [91.172404, 26.588949], [91.169572, 26.590177], [91.164722, 26.590101], [91.153414, 26.589525], [91.145475, 26.590216], [91.142406, 26.590523], [91.14438, 26.586532], [91.146183, 26.583538], [91.147213, 26.580775], [91.146612, 26.576093], [91.146011, 26.568723], [91.146784, 26.565038], [91.1485, 26.56143], [91.150131, 26.559357], [91.152706, 26.554444], [91.156998, 26.549376], [91.157427, 26.543694], [91.157255, 26.539471], [91.158113, 26.535632], [91.157341, 26.53256], [91.155968, 26.531332], [91.153479, 26.531716], [91.150475, 26.531178], [91.149015, 26.529335], [91.148329, 26.524343], [91.146355, 26.521809], [91.14438, 26.518046], [91.139789, 26.508215], [91.139102, 26.506832], [91.137729, 26.504259], [91.138201, 26.500726], [91.137128, 26.49654], [91.137299, 26.493352], [91.137257, 26.490125], [91.136742, 26.487629], [91.135411, 26.486169], [91.134038, 26.485324], [91.132107, 26.48398], [91.13215, 26.482904], [91.133652, 26.481252], [91.131678, 26.480023], [91.129188, 26.476643], [91.128158, 26.474684], [91.12906, 26.473108], [91.13039, 26.472532], [91.131785, 26.473685], [91.133566, 26.473915], [91.13421, 26.473473], [91.13539, 26.471802], [91.135626, 26.469862], [91.135755, 26.468518], [91.136463, 26.4675], [91.138887, 26.464426], [91.139402, 26.46312], [91.141355, 26.462851], [91.143072, 26.463351], [91.14511, 26.464446], [91.147728, 26.465579], [91.150775, 26.465656], [91.152384, 26.466309], [91.1532, 26.466539], [91.154787, 26.465675], [91.156118, 26.46554], [91.158671, 26.465944], [91.160002, 26.466405], [91.16425, 26.466366], [91.166632, 26.466827], [91.168713, 26.467788], [91.171589, 26.468383], [91.175644, 26.469286], [91.178134, 26.469036], [91.18088, 26.468575], [91.182768, 26.468479], [91.185687, 26.468268], [91.187081, 26.466731], [91.186888, 26.465079], [91.186888, 26.463543], [91.187618, 26.462409], [91.188605, 26.461871], [91.189957, 26.461506], [91.19148, 26.460123], [91.192403, 26.458952], [91.191351, 26.455897], [91.190815, 26.453938], [91.19133, 26.452401], [91.192446, 26.451805], [91.194034, 26.451402], [91.19575, 26.449961], [91.197574, 26.447713], [91.197188, 26.443333], [91.197102, 26.441162], [91.195943, 26.438299], [91.195407, 26.436743], [91.195943, 26.435455], [91.197231, 26.434014], [91.197939, 26.433092], [91.198819, 26.431881], [91.200428, 26.42873], [91.204205, 26.428596], [91.206222, 26.428711], [91.208067, 26.429729], [91.210063, 26.431074], [91.211436, 26.432227], [91.213088, 26.433418], [91.22004, 26.433822], [91.221757, 26.433918], [91.223602, 26.434552], [91.230061, 26.434667], [91.230061, 26.437108], [91.230919, 26.439317], [91.232164, 26.442507], [91.235018, 26.444735], [91.236305, 26.446176], [91.238022, 26.449807], [91.238451, 26.452843], [91.238451, 26.457991], [91.240725, 26.458894], [91.243, 26.46045], [91.24491, 26.462563], [91.24757, 26.465291], [91.249974, 26.466386], [91.250896, 26.468652], [91.251175, 26.469978], [91.252527, 26.472859], [91.254458, 26.473512], [91.255145, 26.474626], [91.254544, 26.476758], [91.255724, 26.477891], [91.257699, 26.478967], [91.258449, 26.480234], [91.258128, 26.482232], [91.259544, 26.483711], [91.260509, 26.484383], [91.262376, 26.486726], [91.263599, 26.4888], [91.265252, 26.490951], [91.265252, 26.493774], [91.265016, 26.495887], [91.263471, 26.500246], [91.261668, 26.5028], [91.26111, 26.504278], [91.259995, 26.506621], [91.257849, 26.506391], [91.256089, 26.506333], [91.255145, 26.506391], [91.254437, 26.507965], [91.253943, 26.509194], [91.253085, 26.510615], [91.250596, 26.510711], [91.24903, 26.510941], [91.248343, 26.511594], [91.247613, 26.516337], [91.248322, 26.518027], [91.248322, 26.521386], [91.244556, 26.524766], [91.246176, 26.526609], [91.247592, 26.530448], [91.248021, 26.532291], [91.248322, 26.534518], [91.248322, 26.536592], [91.249094, 26.538857], [91.251068, 26.538703], [91.255231, 26.53951], [91.258278, 26.541851], [91.259522, 26.54285], [91.260896, 26.544693], [91.262827, 26.54523], [91.265359, 26.545153], [91.265831, 26.546151], [91.266003, 26.548455], [91.268234, 26.548224], [91.271496, 26.54761], [91.270165, 26.549261], [91.267977, 26.550451], [91.267762, 26.551987], [91.268749, 26.552409], [91.271024, 26.550758], [91.272612, 26.551872], [91.274457, 26.553637], [91.276173, 26.556517], [91.277375, 26.557323], [91.278749, 26.557514], [91.280551, 26.557937], [91.282782, 26.559511], [91.283598, 26.560739], [91.283212, 26.562773], [91.28377, 26.563848], [91.285272, 26.56523], [91.286645, 26.565767], [91.288404, 26.56523], [91.289821, 26.563887], [91.291065, 26.563925], [91.29158, 26.56619], [91.290228, 26.567111], [91.289563, 26.567687], [91.287117, 26.568761], [91.28407, 26.568992], [91.281195, 26.5688], [91.27759, 26.569376], [91.273942, 26.566075], [91.27244, 26.566075], [91.266432, 26.567265], [91.261926, 26.568493], [91.260467, 26.569951], [91.258621, 26.571525], [91.257849, 26.572446], [91.258364, 26.573636], [91.259093, 26.575977], [91.25978, 26.577282], [91.262998, 26.576975], [91.263814, 26.576361], [91.266003, 26.575632], [91.267891, 26.575594], [91.268234, 26.577628], [91.268191, 26.581005], [91.268492, 26.582694], [91.268578, 26.584843], [91.264544, 26.585764], [91.261411, 26.585764], [91.258149, 26.586148], [91.254373, 26.586724], [91.252785, 26.586071], [91.252398, 26.583807], [91.251626, 26.581849], [91.250982, 26.579815], [91.249652, 26.57828], [91.246776, 26.578088], [91.244631, 26.577474], [91.24227, 26.576323], [91.238279, 26.576745], [91.237121, 26.577973], [91.237893, 26.580698], [91.237163, 26.583768], [91.237163, 26.588143], [91.237679, 26.591098], [91.23775, 26.593822]]], "type": "Polygon"}, "id": "barpeta-bajali-pt", "properties": {"district": "Bajali", "grade": "zonal", "locality_id": "barpeta-bajali-pt", "osm_id": "relation/10044917", "revenue_circle": "Bajali (Pt)"}, "type": "Feature"}, {"geometry": {"coordinates": [[[90.982118, 26.41747], [90.979242, 26.418084], [90.975723, 26.420314], [90.972762, 26.422274], [90.964651, 26.429307], [90.959458, 26.433534], [90.946498, 26.445139], [90.943236, 26.447828], [90.939031, 26.450134], [90.935426, 26.452823], [90.932379, 26.454821], [90.930748, 26.456627], [90.929847, 26.458548], [90.928988, 26.460469], [90.927572, 26.4602], [90.926456, 26.457088], [90.924397, 26.457165], [90.921736, 26.458049], [90.918474, 26.459278], [90.916543, 26.460892], [90.915813, 26.462659], [90.915685, 26.464772], [90.916629, 26.466847], [90.9168, 26.468652], [90.914526, 26.469152], [90.911264, 26.469228], [90.909677, 26.468614], [90.909333, 26.466578], [90.909934, 26.464618], [90.911736, 26.464004], [90.913153, 26.462698], [90.913281, 26.459893], [90.914397, 26.451517], [90.913067, 26.449096], [90.912423, 26.446253], [90.912766, 26.442872], [90.913968, 26.44022], [90.916886, 26.437953], [90.917315, 26.431843], [90.917101, 26.429921], [90.918174, 26.42946], [90.920019, 26.429307], [90.923023, 26.429076], [90.925169, 26.427846], [90.926456, 26.42677], [90.926242, 26.425233], [90.925984, 26.422966], [90.927615, 26.422082], [90.928087, 26.420275], [90.926456, 26.419007], [90.923924, 26.419276], [90.924654, 26.416432], [90.92504, 26.412242], [90.923796, 26.411128], [90.922809, 26.409014], [90.923924, 26.407053], [90.923538, 26.405401], [90.924139, 26.403171], [90.925684, 26.402095], [90.928431, 26.400942], [90.929761, 26.400135], [90.930447, 26.398059], [90.929804, 26.393984], [90.930405, 26.392523], [90.931778, 26.39014], [90.930791, 26.386295], [90.929632, 26.384719], [90.927615, 26.382643], [90.924525, 26.380336], [90.919204, 26.375761], [90.918818, 26.367187], [90.918088, 26.365457], [90.917101, 26.361804], [90.917702, 26.360208], [90.919805, 26.359593], [90.922229, 26.359247], [90.924461, 26.358285], [90.924954, 26.357805], [90.92725, 26.354959], [90.932057, 26.349518], [90.935147, 26.346576], [90.93725, 26.34446], [90.940275, 26.344268], [90.943966, 26.343114], [90.947292, 26.341634], [90.950103, 26.339826], [90.951176, 26.338672], [90.951948, 26.336865], [90.952334, 26.334326], [90.951519, 26.332595], [90.950103, 26.331403], [90.947914, 26.329576], [90.946283, 26.327826], [90.943086, 26.323364], [90.943665, 26.320306], [90.944138, 26.317248], [90.94521, 26.312459], [90.947871, 26.308939], [90.950167, 26.307034], [90.951648, 26.306342], [90.953429, 26.306688], [90.954888, 26.307361], [90.956712, 26.307765], [90.962055, 26.307881], [90.965617, 26.310016], [90.968449, 26.311035], [90.970766, 26.312093], [90.972011, 26.312362], [90.973427, 26.311401], [90.97435, 26.309977], [90.97523, 26.308573], [90.97847, 26.30638], [90.982847, 26.304822], [90.986667, 26.304899], [90.988512, 26.304399], [90.991387, 26.303822], [90.993383, 26.303072], [90.995936, 26.300879], [90.998147, 26.29784], [90.999584, 26.294473], [91.000507, 26.290222], [90.999649, 26.288663], [90.998404, 26.287163], [90.997567, 26.285989], [90.99746, 26.284565], [90.997074, 26.280852], [90.996344, 26.279044], [90.996065, 26.277408], [90.995636, 26.276061], [90.994263, 26.273695], [90.992525, 26.272309], [90.991645, 26.271174], [90.991774, 26.267114], [90.992825, 26.264747], [90.994735, 26.261899], [90.995915, 26.260456], [90.998511, 26.259995], [91.001236, 26.25984], [91.004605, 26.259648], [91.009927, 26.259821], [91.015699, 26.259687], [91.017909, 26.259956], [91.020033, 26.260957], [91.024969, 26.26036], [91.025183, 26.258859], [91.024518, 26.257281], [91.023982, 26.255876], [91.024389, 26.248929], [91.024797, 26.246331], [91.024647, 26.243791], [91.025956, 26.240731], [91.026299, 26.238036], [91.026428, 26.236939], [91.027436, 26.235361], [91.027543, 26.233763], [91.025569, 26.232069], [91.022072, 26.230895], [91.019647, 26.229317], [91.017888, 26.228316], [91.01675, 26.22693], [91.016879, 26.225602], [91.018102, 26.225332], [91.019261, 26.225371], [91.021085, 26.225082], [91.02248, 26.223831], [91.023874, 26.222618], [91.024818, 26.220482], [91.025312, 26.219673], [91.026599, 26.22], [91.028273, 26.220713], [91.029925, 26.222079], [91.033637, 26.225121], [91.036084, 26.226526], [91.038315, 26.227912], [91.039796, 26.229105], [91.040955, 26.22974], [91.042392, 26.229009], [91.044624, 26.226969], [91.046469, 26.225313], [91.048164, 26.223831], [91.049838, 26.222407], [91.052134, 26.221348], [91.053314, 26.221348], [91.054559, 26.221001], [91.055975, 26.218634], [91.062069, 26.218056], [91.068034, 26.214822], [91.07327, 26.213475], [91.077561, 26.219635], [91.081381, 26.224524], [91.082454, 26.225294], [91.086874, 26.22641], [91.093655, 26.226564], [91.096487, 26.228489], [91.0958, 26.231261], [91.094255, 26.236535], [91.091938, 26.238421], [91.089492, 26.241308], [91.088419, 26.243579], [91.08829, 26.246158], [91.090007, 26.247274], [91.093783, 26.246812], [91.096444, 26.247043], [91.098804, 26.247543], [91.099062, 26.249199], [91.097646, 26.251085], [91.097946, 26.257551], [91.100392, 26.259975], [91.101251, 26.262823], [91.100435, 26.265556], [91.098976, 26.265633], [91.096401, 26.264517], [91.094127, 26.265055], [91.091294, 26.26571], [91.089277, 26.266248], [91.089878, 26.269712], [91.092839, 26.27229], [91.090951, 26.272944], [91.088462, 26.273406], [91.086187, 26.275061], [91.085629, 26.278332], [91.086144, 26.282526], [91.086702, 26.283257], [91.090822, 26.283988], [91.093311, 26.284912], [91.098332, 26.287259], [91.103482, 26.291722], [91.107473, 26.292492], [91.11022, 26.291376], [91.113353, 26.290953], [91.11743, 26.290337], [91.120863, 26.290068], [91.122451, 26.290991], [91.121979, 26.292222], [91.119103, 26.294108], [91.117301, 26.295377], [91.116872, 26.297917], [91.117172, 26.303764], [91.12009, 26.302264], [91.123567, 26.30034], [91.128845, 26.298186], [91.132622, 26.296955], [91.136269, 26.295647], [91.139059, 26.296454], [91.142921, 26.298609], [91.144681, 26.300956], [91.144295, 26.304034], [91.143694, 26.309458], [91.143436, 26.320575], [91.140647, 26.322576], [91.137385, 26.323037], [91.134553, 26.323383], [91.131892, 26.324999], [91.130776, 26.326922], [91.129274, 26.329807], [91.126871, 26.333999], [91.126614, 26.336615], [91.127815, 26.339961], [91.129532, 26.343076], [91.130948, 26.346306], [91.132836, 26.351229], [91.132622, 26.355767], [91.124382, 26.356382], [91.122279, 26.359766], [91.121206, 26.363496], [91.122322, 26.365495], [91.124554, 26.366456], [91.128244, 26.369071], [91.127386, 26.37107], [91.124167, 26.370417], [91.119618, 26.368917], [91.116228, 26.367764], [91.112494, 26.366572], [91.109834, 26.365687], [91.105628, 26.364111], [91.102195, 26.36215], [91.09992, 26.359689], [91.098547, 26.358074], [91.096058, 26.357536], [91.094041, 26.357343], [91.092582, 26.35619], [91.092925, 26.353498], [91.09314, 26.349537], [91.09447, 26.346114], [91.092153, 26.34396], [91.090178, 26.342653], [91.087732, 26.341576], [91.08593, 26.341268], [91.084986, 26.343537], [91.084127, 26.345768], [91.082625, 26.346999], [91.080952, 26.347306], [91.073699, 26.348422], [91.066317, 26.350498], [91.0637, 26.35146], [91.063056, 26.354036], [91.064429, 26.35642], [91.066575, 26.357651], [91.068163, 26.358574], [91.070137, 26.359997], [91.070866, 26.361419], [91.07048, 26.362573], [91.069064, 26.363996], [91.066704, 26.364265], [91.065116, 26.363226], [91.063142, 26.361765], [91.060653, 26.36215], [91.057391, 26.363496], [91.055245, 26.364457], [91.053143, 26.36561], [91.053228, 26.369648], [91.054301, 26.372532], [91.056275, 26.372954], [91.060266, 26.372993], [91.063056, 26.373262], [91.066103, 26.374339], [91.069493, 26.37553], [91.073313, 26.377607], [91.077304, 26.380644], [91.077347, 26.38495], [91.079879, 26.388102], [91.082196, 26.390639], [91.083741, 26.3926], [91.086187, 26.39433], [91.086788, 26.396867], [91.088762, 26.39802], [91.08902, 26.401057], [91.088762, 26.40344], [91.089106, 26.407053], [91.089749, 26.409321], [91.091037, 26.411512], [91.095886, 26.414087], [91.09726, 26.417047], [91.094599, 26.419314], [91.09271, 26.419583], [91.090822, 26.421697], [91.090136, 26.42335], [91.085844, 26.426655], [91.081896, 26.426732], [91.079149, 26.426347], [91.075673, 26.425464], [91.073484, 26.424388], [91.071081, 26.422235], [91.068635, 26.421005], [91.066747, 26.420237], [91.065159, 26.41893], [91.061254, 26.416586], [91.059022, 26.416355], [91.055717, 26.416163], [91.056318, 26.421351], [91.055932, 26.430959], [91.052542, 26.42996], [91.048164, 26.429537], [91.045031, 26.429345], [91.042457, 26.428269], [91.040053, 26.427654], [91.03868, 26.427962], [91.037178, 26.429729], [91.033702, 26.429268], [91.029367, 26.428269], [91.026449, 26.427616], [91.022844, 26.427308], [91.018209, 26.426924], [91.01203, 26.427347], [91.007953, 26.428231], [91.004262, 26.4285], [91.002374, 26.428346], [90.998855, 26.428307], [91.000485, 26.426693], [91.00246, 26.42531], [91.004734, 26.421543], [90.99894, 26.420544], [90.991731, 26.418008], [90.989027, 26.417239], [90.984178, 26.416201], [90.982118, 26.41747]]], "type": "Polygon"}, "id": "barpeta-barpeta", "properties": {"district": "Barpeta", "grade": "zonal", "locality_id": "barpeta-barpeta", "osm_id": "relation/10044919", "revenue_circle": "Barpeta"}, "type": "Feature"}, {"geometry": {"coordinates": [[[92.823111, 25.073598], [92.820761, 25.070459], [92.817564, 25.065542], [92.807178, 25.049991], [92.798509, 25.030862], [92.792587, 25.020595], [92.78821, 25.015073], [92.781773, 25.015307], [92.77319, 25.014996], [92.767267, 25.015229], [92.763233, 25.015384], [92.759886, 25.017562], [92.757311, 25.017407], [92.756367, 25.015695], [92.754908, 25.013673], [92.7495, 25.012973], [92.744436, 25.011962], [92.738857, 25.010795], [92.735338, 25.008695], [92.73242, 25.006751], [92.729845, 25.004106], [92.726669, 25.004106], [92.723064, 25.005662], [92.717915, 25.007995], [92.715597, 25.007684], [92.714739, 25.00535], [92.707186, 24.996483], [92.703237, 24.992204], [92.700233, 24.990648], [92.694912, 24.990648], [92.689504, 24.990726], [92.683926, 24.990726], [92.678518, 24.990492], [92.673454, 24.989248], [92.668991, 24.987381], [92.655344, 24.98458], [92.649507, 24.981935], [92.647619, 24.978978], [92.648993, 24.976177], [92.657833, 24.975166], [92.662468, 24.974155], [92.666931, 24.972521], [92.670622, 24.970186], [92.673883, 24.969797], [92.681351, 24.96972], [92.685814, 24.969564], [92.687187, 24.964039], [92.686586, 24.961471], [92.682724, 24.960538], [92.678347, 24.958748], [92.673969, 24.957736], [92.670708, 24.957347], [92.668905, 24.958515], [92.664785, 24.957503], [92.658005, 24.950888], [92.657404, 24.946764], [92.657747, 24.943495], [92.658176, 24.941783], [92.663069, 24.941783], [92.665386, 24.93976], [92.665558, 24.936802], [92.665129, 24.924894], [92.669849, 24.924038], [92.670021, 24.919367], [92.670708, 24.915631], [92.675772, 24.911972], [92.678518, 24.908625], [92.682638, 24.905589], [92.685642, 24.904577], [92.688303, 24.896714], [92.688732, 24.893755], [92.6865, 24.890875], [92.698688, 24.890719], [92.702722, 24.890407], [92.70298, 24.882388], [92.703495, 24.879195], [92.705898, 24.877093], [92.710533, 24.875925], [92.71431, 24.874913], [92.717915, 24.873978], [92.727699, 24.871642], [92.729502, 24.869773], [92.728643, 24.866035], [92.726669, 24.863232], [92.720747, 24.86035], [92.716713, 24.860117], [92.712851, 24.861986], [92.709589, 24.864556], [92.705984, 24.866425], [92.70092, 24.866892], [92.696199, 24.865802], [92.69268, 24.863855], [92.686157, 24.85965], [92.684097, 24.85669], [92.683668, 24.8475], [92.68899, 24.844696], [92.693281, 24.842048], [92.695427, 24.839555], [92.69577, 24.835661], [92.69105, 24.83496], [92.686672, 24.83605], [92.683153, 24.839088], [92.676887, 24.842204], [92.671051, 24.843606], [92.666244, 24.843216], [92.663069, 24.840724], [92.66015, 24.837375], [92.654743, 24.833636], [92.651052, 24.830987], [92.647791, 24.828572], [92.644443, 24.827248], [92.637952, 24.827748], [92.63792, 24.824366], [92.638221, 24.82125], [92.639551, 24.820705], [92.640366, 24.821678], [92.641525, 24.822107], [92.643886, 24.821873], [92.64513, 24.821289], [92.645388, 24.819497], [92.645173, 24.818212], [92.645345, 24.816342], [92.645945, 24.81494], [92.647491, 24.814511], [92.649422, 24.815446], [92.653799, 24.817199], [92.655558, 24.817394], [92.657833, 24.817511], [92.65985, 24.816887], [92.661781, 24.81568], [92.662511, 24.815096], [92.665343, 24.81603], [92.667747, 24.816615], [92.669549, 24.816731], [92.671995, 24.817277], [92.67457, 24.817082], [92.675815, 24.815797], [92.679248, 24.812992], [92.68105, 24.811746], [92.682037, 24.809175], [92.682209, 24.80711], [92.681951, 24.805708], [92.681265, 24.803409], [92.67972, 24.801111], [92.678046, 24.799552], [92.676244, 24.798812], [92.67324, 24.796981], [92.67118, 24.794488], [92.670064, 24.792618], [92.668433, 24.789968], [92.667532, 24.780773], [92.666116, 24.777072], [92.664914, 24.77411], [92.663884, 24.769746], [92.661867, 24.760549], [92.660365, 24.757432], [92.658477, 24.754938], [92.656588, 24.752522], [92.655945, 24.751391], [92.655344, 24.741843], [92.65573, 24.733852], [92.656417, 24.721924], [92.656202, 24.704498], [92.655258, 24.696232], [92.651031, 24.691592], [92.649808, 24.684145], [92.651889, 24.681786], [92.655773, 24.678647], [92.655644, 24.672817], [92.659185, 24.673168], [92.665579, 24.673538], [92.664485, 24.668546], [92.664356, 24.663437], [92.665086, 24.647797], [92.665772, 24.632584], [92.665751, 24.627747], [92.667317, 24.627806], [92.668583, 24.627689], [92.669957, 24.627708], [92.671566, 24.627708], [92.676501, 24.627318], [92.677982, 24.627162], [92.679655, 24.627064], [92.680707, 24.627025], [92.682552, 24.626616], [92.683668, 24.626147], [92.685986, 24.625757], [92.687681, 24.625543], [92.687724, 24.624138], [92.687766, 24.62367], [92.688711, 24.6233], [92.68944, 24.623105], [92.690277, 24.622948], [92.691264, 24.622695], [92.692015, 24.622012], [92.693024, 24.621076], [92.694547, 24.620023], [92.69562, 24.619067], [92.696285, 24.617916], [92.696907, 24.616199], [92.696671, 24.615419], [92.69414, 24.614697], [92.693388, 24.614638], [92.69268, 24.614794], [92.691886, 24.614775], [92.691264, 24.614229], [92.69032, 24.613019], [92.68914, 24.612356], [92.687488, 24.6122], [92.686029, 24.612141], [92.68414, 24.612317], [92.681372, 24.612063], [92.678282, 24.61142], [92.677209, 24.611303], [92.675858, 24.61101], [92.675085, 24.609898], [92.674634, 24.609332], [92.673261, 24.608884], [92.672467, 24.608922], [92.671502, 24.609118], [92.669807, 24.609352], [92.668304, 24.609625], [92.667081, 24.609683], [92.666674, 24.609293], [92.666781, 24.608493], [92.667317, 24.607537], [92.66736, 24.606796], [92.667296, 24.605704], [92.667811, 24.605021], [92.668755, 24.603284], [92.669012, 24.602563], [92.669356, 24.601606], [92.669699, 24.600826], [92.66957, 24.599675], [92.66942, 24.598348], [92.668884, 24.59669], [92.667317, 24.594856], [92.667403, 24.593763], [92.667596, 24.593041], [92.66794, 24.591929], [92.668068, 24.590446], [92.668583, 24.58949], [92.669613, 24.588359], [92.674248, 24.585276], [92.674999, 24.584671], [92.675815, 24.584417], [92.676737, 24.584495], [92.67766, 24.584964], [92.678647, 24.584866], [92.679741, 24.583734], [92.680149, 24.583715], [92.681351, 24.582915], [92.681544, 24.582076], [92.681866, 24.581373], [92.682552, 24.580905], [92.683926, 24.580339], [92.685213, 24.579363], [92.68678, 24.577471], [92.68753, 24.57667], [92.689097, 24.575539], [92.690127, 24.574973], [92.6915, 24.574329], [92.693303, 24.573665], [92.695835, 24.573294], [92.697036, 24.572846], [92.697873, 24.571968], [92.698474, 24.571968], [92.700062, 24.571968], [92.701392, 24.571733], [92.701414, 24.570777], [92.701156, 24.569997], [92.700985, 24.569587], [92.70077, 24.568904], [92.700705, 24.567577], [92.700899, 24.566679], [92.701285, 24.565137], [92.701929, 24.564474], [92.702637, 24.565215], [92.702808, 24.565762], [92.703323, 24.566328], [92.703752, 24.566464], [92.704568, 24.566718], [92.705662, 24.566718], [92.706542, 24.566796], [92.708302, 24.566855], [92.70946, 24.567186], [92.711348, 24.568728], [92.712207, 24.568787], [92.712765, 24.568611], [92.713301, 24.568201], [92.71431, 24.568026], [92.715232, 24.567928], [92.715983, 24.567186], [92.716262, 24.56623], [92.71637, 24.565254], [92.716219, 24.564298], [92.716048, 24.56342], [92.716069, 24.562698], [92.716455, 24.562405], [92.716992, 24.562112], [92.717614, 24.561917], [92.718279, 24.561898], [92.718794, 24.56219], [92.72006, 24.562912], [92.721326, 24.564337], [92.722056, 24.567265], [92.721927, 24.569528], [92.722485, 24.571928], [92.72315, 24.574485], [92.723536, 24.575129], [92.72403, 24.575519], [92.724674, 24.57589], [92.725554, 24.576378], [92.726326, 24.576924], [92.727098, 24.57788], [92.728558, 24.5795], [92.731068, 24.580827], [92.731905, 24.581198], [92.732699, 24.581841], [92.732999, 24.582485], [92.733235, 24.583578], [92.733149, 24.584846], [92.732913, 24.585959], [92.732291, 24.587266], [92.731948, 24.588164], [92.732184, 24.589002], [92.732699, 24.589042], [92.733557, 24.58912], [92.734501, 24.58912], [92.735724, 24.588866], [92.735853, 24.588281], [92.735746, 24.587325], [92.735961, 24.586544], [92.73654, 24.5867], [92.737184, 24.587012], [92.73772, 24.587032], [92.738557, 24.586759], [92.739394, 24.586115], [92.740016, 24.5859], [92.740016, 24.585451], [92.740252, 24.58512], [92.740896, 24.584768], [92.741733, 24.584202], [92.742634, 24.584105], [92.743106, 24.584183], [92.743256, 24.584515], [92.743213, 24.584983], [92.743599, 24.585139], [92.7439, 24.58471], [92.744243, 24.584359], [92.744565, 24.583871], [92.744822, 24.583246], [92.745294, 24.5827], [92.745895, 24.582524], [92.747054, 24.582427], [92.747719, 24.582329], [92.748341, 24.582232], [92.749371, 24.582173], [92.749779, 24.58268], [92.750015, 24.585998], [92.750015, 24.587559], [92.7495, 24.590056], [92.748299, 24.592866], [92.746582, 24.594271], [92.743492, 24.595441], [92.739973, 24.596846], [92.735252, 24.596534], [92.73345, 24.599734], [92.733965, 24.604494], [92.734222, 24.606445], [92.737312, 24.608318], [92.740574, 24.606523], [92.743578, 24.605274], [92.745981, 24.605743], [92.748299, 24.607537], [92.749758, 24.611439], [92.751389, 24.614014], [92.754307, 24.615029], [92.758169, 24.615419], [92.762375, 24.615263], [92.765379, 24.615965], [92.769842, 24.616979], [92.780056, 24.617448], [92.78615, 24.617604], [92.78924, 24.618228], [92.793875, 24.617213], [92.797222, 24.615419], [92.800569, 24.614873], [92.801943, 24.616745], [92.803144, 24.618774], [92.80529, 24.621739], [92.808723, 24.620881], [92.811642, 24.618072], [92.812242, 24.614873], [92.814045, 24.613546], [92.817135, 24.613312], [92.82074, 24.614014], [92.825546, 24.614092], [92.827864, 24.612298], [92.829409, 24.611673], [92.833013, 24.612375], [92.833013, 24.614482], [92.83164, 24.617838], [92.830181, 24.620647], [92.829151, 24.62486], [92.82855, 24.632428], [92.829924, 24.647329], [92.827349, 24.65786], [92.826233, 24.661994], [92.82546, 24.66761], [92.824001, 24.670886], [92.824602, 24.673772], [92.827349, 24.6758], [92.831984, 24.6758], [92.834215, 24.674786], [92.835674, 24.67268], [92.837477, 24.669404], [92.841854, 24.671588], [92.845116, 24.674396], [92.850094, 24.677594], [92.849922, 24.680402], [92.849235, 24.684145], [92.847862, 24.687421], [92.845287, 24.691008], [92.842884, 24.695999], [92.842884, 24.701301], [92.841167, 24.705356], [92.833099, 24.707383], [92.832241, 24.711438], [92.831039, 24.718455], [92.829666, 24.72516], [92.829323, 24.732488], [92.827949, 24.739816], [92.826576, 24.748702], [92.831383, 24.749949], [92.836189, 24.752132], [92.83709, 24.760891], [92.835674, 24.763823], [92.833957, 24.767408], [92.831211, 24.772084], [92.830353, 24.778007], [92.832413, 24.782683], [92.831726, 24.787202], [92.8228, 24.785488], [92.816448, 24.787514], [92.813701, 24.790631], [92.813701, 24.796241], [92.81456, 24.800916], [92.816276, 24.805435], [92.821426, 24.807616], [92.824001, 24.805591], [92.827949, 24.800604], [92.831039, 24.795773], [92.83282, 24.795111], [92.834945, 24.796085], [92.837734, 24.799202], [92.842176, 24.806234], [92.846146, 24.809331], [92.852154, 24.808084], [92.859535, 24.806681], [92.866316, 24.80824], [92.866917, 24.812758], [92.867346, 24.815875], [92.867174, 24.818991], [92.865543, 24.822808], [92.864256, 24.826937], [92.864256, 24.831221], [92.864771, 24.834726], [92.866831, 24.838465], [92.869406, 24.842282], [92.868204, 24.844618], [92.862625, 24.845709], [92.856874, 24.846721], [92.84915, 24.848435], [92.844686, 24.848435], [92.839279, 24.846877], [92.831812, 24.847033], [92.828035, 24.850966], [92.827864, 24.852952], [92.828078, 24.854548], [92.828851, 24.856379], [92.830868, 24.857741], [92.833142, 24.858404], [92.83576, 24.859689], [92.835803, 24.861441], [92.834988, 24.86257], [92.830825, 24.862803], [92.826962, 24.862492], [92.823315, 24.86183], [92.820482, 24.861441], [92.816834, 24.861363], [92.817135, 24.862726], [92.818336, 24.864906], [92.820954, 24.86697], [92.820997, 24.869306], [92.82074, 24.871447], [92.819023, 24.873978], [92.817349, 24.874679], [92.814474, 24.874796], [92.812929, 24.875574], [92.813272, 24.876898], [92.816448, 24.87682], [92.819238, 24.876742], [92.822714, 24.87647], [92.823486, 24.878494], [92.823486, 24.88231], [92.823143, 24.887604], [92.828035, 24.887604], [92.835331, 24.886359], [92.839451, 24.88667], [92.843828, 24.886826], [92.847347, 24.887916], [92.849235, 24.88994], [92.85018, 24.892821], [92.851639, 24.895779], [92.854814, 24.895235], [92.857904, 24.894612], [92.860908, 24.895235], [92.864599, 24.896947], [92.8652, 24.89975], [92.865629, 24.903487], [92.865372, 24.907301], [92.861423, 24.907535], [92.856788, 24.909326], [92.857389, 24.911272], [92.859192, 24.91423], [92.87138, 24.926684], [92.874126, 24.930109], [92.874813, 24.932288], [92.876186, 24.940304], [92.877388, 24.943729], [92.882023, 24.951822], [92.879276, 24.958982], [92.878933, 24.972209], [92.872066, 24.974077], [92.867775, 24.977345], [92.865543, 24.981857], [92.865371, 24.985903], [92.867947, 24.988859], [92.872238, 24.99306], [92.870006, 24.997572], [92.863827, 24.996638], [92.85593, 25.025418], [92.854557, 25.04066], [92.855501, 25.048942], [92.856649, 25.060916], [92.857304, 25.064871], [92.856241, 25.064842], [92.855061, 25.064366], [92.853431, 25.063754], [92.852154, 25.063054], [92.851328, 25.062276], [92.850834, 25.061246], [92.849911, 25.060537], [92.848592, 25.060128], [92.846972, 25.059361], [92.844794, 25.057913], [92.843485, 25.057203], [92.84268, 25.056853], [92.841479, 25.055502], [92.840803, 25.054958], [92.839322, 25.054404], [92.837906, 25.054035], [92.836715, 25.053539], [92.835385, 25.053208], [92.834076, 25.053821], [92.83266, 25.054559], [92.831522, 25.055123], [92.830042, 25.056153], [92.828647, 25.057135], [92.82781, 25.057796], [92.826952, 25.058651], [92.826608, 25.05973], [92.826759, 25.060877], [92.826952, 25.062043], [92.827735, 25.063783], [92.8287, 25.06595], [92.82899, 25.067184], [92.82884, 25.069167], [92.828518, 25.070984], [92.825868, 25.072578], [92.824216, 25.072976], [92.823111, 25.073598]]], "type": "Polygon"}, "id": "cachar-silchar", "properties": {"district": "Cachar", "grade": "zonal", "locality_id": "cachar-silchar", "osm_id": "relation/10052382", "revenue_circle": "Silchar"}, "type": "Feature"}, {"geometry": {"coordinates": [[[93.008617, 24.411848], [93.007486, 24.412101], [93.00718, 24.412238], [93.006772, 24.412208], [93.006552, 24.411891], [93.006311, 24.411534], [93.005834, 24.41045], [93.005807, 24.410059], [93.005871, 24.409873], [93.006257, 24.409659], [93.006493, 24.40979], [93.006536, 24.409956], [93.006461, 24.410396], [93.006493, 24.410714], [93.006649, 24.410948], [93.00696, 24.410933], [93.007201, 24.410758], [93.007352, 24.410548], [93.007491, 24.410308], [93.007566, 24.410035], [93.007529, 24.409795], [93.007362, 24.40959], [93.007153, 24.409439], [93.006831, 24.409048], [93.006724, 24.408833], [93.006472, 24.408374], [93.006365, 24.408144], [93.006204, 24.407861], [93.005453, 24.407583], [93.004991, 24.407656], [93.004337, 24.407749], [93.003865, 24.407783], [93.003538, 24.407856], [93.003205, 24.40768], [93.003189, 24.407451], [93.003291, 24.407089], [93.003398, 24.406811], [93.003607, 24.406347], [93.003709, 24.405677], [93.003446, 24.405326], [93.003194, 24.40514], [93.002899, 24.405096], [93.00239, 24.404915], [93.002143, 24.404671], [93.001902, 24.404349], [93.000759, 24.402727], [93.000518, 24.401886], [93.000298, 24.401359], [93.000099, 24.400919], [92.999734, 24.400548], [92.998168, 24.399957], [92.9971, 24.399493], [92.995995, 24.399331], [92.995362, 24.399107], [92.990255, 24.400338], [92.987423, 24.402917], [92.98459, 24.405262], [92.981672, 24.406278], [92.978926, 24.406591], [92.976265, 24.40792], [92.974892, 24.4079], [92.974033, 24.407822], [92.973411, 24.407411], [92.972896, 24.406806], [92.971373, 24.403738], [92.969656, 24.402057], [92.967854, 24.401002], [92.967682, 24.399908], [92.967253, 24.398814], [92.966437, 24.397876], [92.965322, 24.396781], [92.964377, 24.396039], [92.962875, 24.39428], [92.961759, 24.393381], [92.959528, 24.391779], [92.958369, 24.392326], [92.956824, 24.391857], [92.956266, 24.393225], [92.955837, 24.394436], [92.955365, 24.395687], [92.954893, 24.397016], [92.954421, 24.398579], [92.954078, 24.39983], [92.95352, 24.40069], [92.952576, 24.402096], [92.95176, 24.402683], [92.950602, 24.402644], [92.948456, 24.402878], [92.947683, 24.401901], [92.947297, 24.400885], [92.945924, 24.400572], [92.944593, 24.400377], [92.943091, 24.400611], [92.942019, 24.401002], [92.940688, 24.400885], [92.939701, 24.400377], [92.938628, 24.400025], [92.937941, 24.399283], [92.937384, 24.398774], [92.936397, 24.397329], [92.935538, 24.395882], [92.93468, 24.394671], [92.934165, 24.393694], [92.933607, 24.392795], [92.932019, 24.392912], [92.930646, 24.393537], [92.92953, 24.394436], [92.927813, 24.396156], [92.926526, 24.396625], [92.925196, 24.396625], [92.923994, 24.396625], [92.923393, 24.397719], [92.922878, 24.398696], [92.921119, 24.400416], [92.919745, 24.400924], [92.920046, 24.401276], [92.920732, 24.401588], [92.921376, 24.401862], [92.921805, 24.402761], [92.921076, 24.403464], [92.919488, 24.404402], [92.916484, 24.405926], [92.915239, 24.406552], [92.912106, 24.408506], [92.909961, 24.409678], [92.909059, 24.410225], [92.909532, 24.411163], [92.910304, 24.411593], [92.910733, 24.412375], [92.909403, 24.413078], [92.907772, 24.412726], [92.907171, 24.412336], [92.906785, 24.411124], [92.906656, 24.409561], [92.906356, 24.40749], [92.90627, 24.405848], [92.906485, 24.403699], [92.906356, 24.402018], [92.905497, 24.400807], [92.904467, 24.399595], [92.903352, 24.398071], [92.903008, 24.396781], [92.902923, 24.395843], [92.902751, 24.39471], [92.90318, 24.393928], [92.904038, 24.392873], [92.903523, 24.391896], [92.901549, 24.391231], [92.898416, 24.391231], [92.895906, 24.392247], [92.894404, 24.39298], [92.892339, 24.393579], [92.891507, 24.394886], [92.891593, 24.396058], [92.891421, 24.396781], [92.891893, 24.397387], [92.892258, 24.398032], [92.891765, 24.39811], [92.891335, 24.398266], [92.891014, 24.398521], [92.890134, 24.398794], [92.889941, 24.399048], [92.890284, 24.399419], [92.890499, 24.399478], [92.890906, 24.39981], [92.891057, 24.400572], [92.890541, 24.400963], [92.889812, 24.400709], [92.889168, 24.399263], [92.889039, 24.398462], [92.888546, 24.398247], [92.887945, 24.398735], [92.887537, 24.399439], [92.887366, 24.399928], [92.886615, 24.400494], [92.885735, 24.400944], [92.884877, 24.401452], [92.884104, 24.401745], [92.883439, 24.401725], [92.882473, 24.401295], [92.881787, 24.400963], [92.880757, 24.400279], [92.880242, 24.399967], [92.879319, 24.399087], [92.876852, 24.397895], [92.874684, 24.396605], [92.87359, 24.395726], [92.872581, 24.395355], [92.871616, 24.395335], [92.870951, 24.395413], [92.870178, 24.39557], [92.868848, 24.395022], [92.868118, 24.394651], [92.86653, 24.395374], [92.8652, 24.395824], [92.863076, 24.397739], [92.861531, 24.398364], [92.860115, 24.398794], [92.858655, 24.397582], [92.857904, 24.396508], [92.857389, 24.395062], [92.856424, 24.394182], [92.855565, 24.393889], [92.854214, 24.39342], [92.852247, 24.391531], [92.849407, 24.39], [92.848077, 24.388261], [92.847454, 24.387284], [92.847412, 24.386502], [92.846618, 24.3866], [92.845931, 24.386131], [92.845373, 24.38529], [92.845159, 24.383492], [92.845051, 24.382222], [92.844794, 24.380228], [92.844708, 24.379681], [92.844021, 24.378997], [92.842498, 24.377883], [92.841382, 24.377395], [92.840588, 24.37718], [92.839794, 24.37714], [92.839301, 24.377316], [92.838378, 24.377844], [92.837498, 24.378215], [92.836447, 24.378567], [92.83591, 24.378606], [92.835073, 24.378469], [92.834516, 24.377922], [92.833893, 24.377199], [92.832928, 24.376046], [92.831898, 24.375186], [92.83076, 24.374287], [92.829409, 24.373837], [92.828615, 24.374443], [92.828293, 24.375069], [92.82795, 24.375518], [92.827198, 24.375811], [92.826061, 24.376613], [92.825632, 24.377355], [92.825525, 24.377805], [92.825847, 24.378919], [92.826254, 24.379994], [92.826276, 24.380854], [92.82589, 24.381812], [92.825568, 24.382496], [92.82531, 24.383004], [92.825203, 24.383785], [92.82516, 24.384508], [92.82501, 24.385036], [92.824194, 24.385329], [92.823701, 24.385974], [92.823336, 24.386228], [92.823079, 24.386678], [92.822971, 24.387225], [92.823121, 24.387421], [92.823401, 24.387792], [92.823486, 24.388495], [92.823529, 24.389062], [92.823594, 24.389551], [92.823851, 24.390098], [92.824162, 24.390914], [92.824296, 24.391979], [92.824586, 24.392555], [92.825654, 24.39323], [92.826404, 24.393485], [92.826684, 24.393943], [92.826769, 24.394935], [92.82708, 24.395291], [92.827832, 24.395477], [92.82774, 24.395946], [92.828191, 24.396351], [92.828545, 24.396747], [92.828438, 24.397314], [92.828915, 24.397568], [92.829264, 24.397573], [92.82928, 24.398232], [92.829081, 24.398667], [92.829171, 24.39895], [92.82936, 24.399229], [92.829498, 24.39975], [92.829672, 24.399893], [92.829646, 24.400032], [92.829535, 24.400199], [92.829501, 24.400388], [92.829331, 24.400543], [92.829288, 24.400763], [92.829242, 24.400809], [92.829014, 24.400814], [92.828666, 24.400836], [92.828502, 24.401005], [92.828226, 24.401232], [92.828202, 24.401469], [92.82829, 24.401903], [92.828212, 24.40225], [92.828097, 24.402299], [92.827644, 24.402285], [92.827215, 24.402409], [92.826536, 24.402712], [92.825903, 24.402724], [92.825211, 24.402556], [92.824524, 24.402417], [92.824028, 24.402287], [92.823435, 24.402194], [92.823245, 24.402292], [92.823148, 24.402524], [92.823199, 24.402702], [92.822996, 24.402934], [92.822759, 24.403313], [92.822456, 24.403406], [92.822102, 24.403491], [92.821325, 24.403586], [92.821027, 24.40374], [92.82074, 24.403758], [92.819881, 24.404112], [92.819592, 24.404407], [92.819541, 24.404617], [92.819546, 24.40491], [92.819552, 24.405267], [92.819525, 24.405663], [92.819332, 24.405751], [92.818953, 24.405729], [92.818615, 24.405751], [92.818259, 24.405809], [92.818138, 24.405863], [92.818082, 24.406073], [92.818154, 24.406259], [92.818642, 24.406713], [92.819248, 24.40728], [92.819291, 24.407568], [92.818932, 24.40769], [92.818851, 24.407802], [92.818151, 24.408418], [92.817942, 24.408528], [92.81765, 24.408481], [92.817422, 24.408503], [92.817368, 24.408577], [92.817411, 24.408701], [92.817489, 24.408884], [92.817623, 24.409136], [92.817805, 24.409419], [92.818066, 24.409678], [92.818264, 24.409861], [92.818658, 24.409962], [92.818814, 24.410162], [92.818843, 24.410457], [92.818723, 24.410611], [92.818532, 24.410587], [92.818082, 24.410404], [92.817693, 24.410245], [92.816714, 24.409896], [92.815711, 24.409734], [92.815155, 24.409556], [92.814767, 24.409524], [92.814487, 24.40958], [92.814391, 24.409685], [92.814203, 24.409908], [92.814005, 24.409964], [92.813836, 24.409849], [92.813589, 24.409607], [92.813372, 24.409651], [92.813114, 24.409715], [92.81269, 24.409671], [92.81228, 24.409832], [92.812245, 24.409908], [92.812261, 24.41022], [92.812173, 24.410284], [92.812006, 24.41045], [92.811628, 24.410714], [92.811518, 24.410933], [92.811674, 24.411058], [92.811966, 24.411019], [92.812151, 24.4111], [92.812213, 24.411319], [92.812186, 24.411505], [92.81206, 24.411713], [92.812004, 24.411898], [92.812116, 24.412067], [92.812009, 24.412211], [92.811832, 24.412304], [92.81165, 24.412304], [92.811532, 24.411971], [92.811424, 24.411774], [92.811277, 24.411779], [92.810944, 24.411935], [92.81062, 24.41192], [92.810258, 24.411952], [92.809861, 24.412152], [92.809802, 24.412287], [92.809898, 24.41247], [92.810166, 24.412643], [92.810196, 24.412804], [92.810319, 24.412958], [92.810488, 24.412966], [92.810682, 24.412907], [92.810925, 24.412746], [92.81106, 24.412758], [92.811145, 24.412936], [92.811129, 24.413288], [92.811237, 24.413449], [92.811457, 24.413479], [92.811728, 24.413649], [92.811583, 24.413798], [92.811406, 24.413901], [92.8111, 24.413974], [92.810767, 24.414016], [92.810381, 24.414043], [92.810078, 24.413886], [92.809541, 24.413693], [92.809244, 24.413608], [92.809128, 24.413439], [92.808973, 24.41308], [92.80878, 24.412961], [92.808592, 24.412919], [92.808321, 24.413014], [92.808302, 24.413215], [92.808359, 24.413332], [92.808565, 24.41364], [92.808592, 24.413947], [92.808471, 24.414321], [92.808404, 24.414551], [92.808337, 24.414766], [92.808388, 24.41502], [92.808278, 24.415071], [92.807862, 24.415115], [92.807693, 24.415171], [92.807632, 24.41523], [92.807616, 24.415408], [92.807761, 24.415628], [92.808262, 24.415786], [92.80868, 24.415945], [92.809, 24.416019], [92.809085, 24.416138], [92.809005, 24.416253], [92.808892, 24.416378], [92.808876, 24.416519], [92.808745, 24.416563], [92.808616, 24.416463], [92.808385, 24.416331], [92.807954, 24.416334], [92.80765, 24.416243], [92.807468, 24.416211], [92.807348, 24.416236], [92.807208, 24.416412], [92.807283, 24.416593], [92.807374, 24.416937], [92.807608, 24.417411], [92.807605, 24.417882], [92.807479, 24.418148], [92.807288, 24.418385], [92.807141, 24.418734], [92.806985, 24.418881], [92.806945, 24.419162], [92.806964, 24.419399], [92.8069, 24.41956], [92.806798, 24.419604], [92.806524, 24.41954], [92.806047, 24.419484], [92.805591, 24.41933], [92.805003, 24.418964], [92.80481, 24.418478], [92.804899, 24.41796], [92.804719, 24.417985], [92.804504, 24.418094], [92.804217, 24.418351], [92.803783, 24.418554], [92.803397, 24.418727], [92.803166, 24.418791], [92.802882, 24.418732], [92.802538, 24.418419], [92.802313, 24.418175], [92.802179, 24.418207], [92.802098, 24.418317], [92.801857, 24.418627], [92.801414, 24.419064], [92.801055, 24.419093], [92.800315, 24.419433], [92.800055, 24.419572], [92.799853, 24.419562], [92.799762, 24.419377], [92.799644, 24.419338], [92.799521, 24.419377], [92.7994, 24.419455], [92.799427, 24.419628], [92.799524, 24.419797], [92.799438, 24.420056], [92.799419, 24.420395], [92.799499, 24.420764], [92.79977, 24.420786], [92.800127, 24.42041], [92.800435, 24.420344], [92.800626, 24.420446], [92.800816, 24.420903], [92.801125, 24.421059], [92.80143, 24.421101], [92.801832, 24.420924], [92.80201, 24.420949], [92.802052, 24.421164], [92.801947, 24.42145], [92.801766, 24.421736], [92.801567, 24.422241], [92.801405, 24.422403], [92.80139, 24.422637], [92.801433, 24.422788], [92.801677, 24.422969], [92.802182, 24.42342], [92.802301, 24.423789], [92.802215, 24.423859], [92.802008, 24.424002], [92.801929, 24.424056], [92.801939, 24.424124], [92.802084, 24.424138], [92.802391, 24.424112], [92.802454, 24.424154], [92.802482, 24.424244], [92.802729, 24.42535], [92.802707, 24.425709], [92.802571, 24.425822], [92.802396, 24.425844], [92.802332, 24.425621], [92.8022, 24.425194], [92.80208, 24.425028], [92.801959, 24.425069], [92.80176, 24.425241], [92.80135, 24.425482], [92.800881, 24.425573], [92.800744, 24.425678], [92.800763, 24.425946], [92.800789, 24.426493], [92.801066, 24.426791], [92.801532, 24.427458], [92.801846, 24.427949], [92.80179, 24.428022], [92.801414, 24.428015], [92.801296, 24.428208], [92.801347, 24.428354], [92.801585, 24.428471], [92.801566, 24.428631], [92.801488, 24.428746], [92.801342, 24.428834], [92.800937, 24.428942], [92.800835, 24.429012], [92.800792, 24.429114], [92.800887, 24.429205], [92.801152, 24.429347], [92.80121, 24.429437], [92.801194, 24.429645], [92.801129, 24.429961], [92.801099, 24.430337], [92.801165, 24.430713], [92.801129, 24.430827], [92.801067, 24.430922], [92.800967, 24.430912], [92.800889, 24.430881], [92.800633, 24.430774], [92.800415, 24.430615], [92.800038, 24.43054], [92.799757, 24.430533], [92.79965, 24.430634], [92.799574, 24.430766], [92.79945, 24.43121], [92.799226, 24.431849], [92.799156, 24.43215], [92.799135, 24.432197], [92.799084, 24.432238], [92.799022, 24.432266], [92.798754, 24.432272], [92.798578, 24.4323], [92.798504, 24.432423], [92.798425, 24.4326], [92.798304, 24.432727], [92.798137, 24.432794], [92.797957, 24.432837], [92.797726, 24.43284], [92.797557, 24.432719], [92.79742, 24.432565], [92.797307, 24.432536], [92.797194, 24.432557], [92.796947, 24.432669], [92.796799, 24.432779], [92.796688, 24.432959], [92.795849, 24.434804], [92.794798, 24.43789], [92.788939, 24.453478], [92.785807, 24.462209], [92.780592, 24.476662], [92.776816, 24.487129], [92.774779, 24.49261], [92.773719, 24.495483], [92.771982, 24.500644], [92.770783, 24.50134], [92.767896, 24.510004], [92.763807, 24.521365], [92.759113, 24.52313], [92.759714, 24.530434], [92.761173, 24.531781], [92.762675, 24.533128], [92.763448, 24.534377], [92.763963, 24.535548], [92.764563, 24.5367], [92.765057, 24.537676], [92.765272, 24.538593], [92.765636, 24.539296], [92.766044, 24.539862], [92.768061, 24.542244], [92.768168, 24.543161], [92.768233, 24.544078], [92.769413, 24.545054], [92.77055, 24.54646], [92.77231, 24.548841], [92.773125, 24.549719], [92.773812, 24.550168], [92.773297, 24.550441], [92.772353, 24.550597], [92.771559, 24.550832], [92.771323, 24.551339], [92.771559, 24.552413], [92.772074, 24.553603], [92.772674, 24.555145], [92.773855, 24.557565], [92.775464, 24.559322], [92.776408, 24.56102], [92.779005, 24.56502], [92.779756, 24.566582], [92.78012, 24.567928], [92.780206, 24.568709], [92.77952, 24.569314], [92.77879, 24.569489], [92.778018, 24.569782], [92.776945, 24.570172], [92.77658, 24.570387], [92.776108, 24.570972], [92.77555, 24.571343], [92.774777, 24.570855], [92.774177, 24.570777], [92.77349, 24.570797], [92.773039, 24.569801], [92.772503, 24.568884], [92.771988, 24.568592], [92.771001, 24.569216], [92.770572, 24.569899], [92.770143, 24.570504], [92.769713, 24.570914], [92.769241, 24.570816], [92.768769, 24.570153], [92.768297, 24.569645], [92.767696, 24.569138], [92.766151, 24.567947], [92.764928, 24.567421], [92.763598, 24.567362], [92.762783, 24.567655], [92.761989, 24.568084], [92.76156, 24.568377], [92.761452, 24.569099], [92.761516, 24.569762], [92.762053, 24.57068], [92.762074, 24.571187], [92.761581, 24.571753], [92.760851, 24.572241], [92.760422, 24.572631], [92.7601, 24.573099], [92.759221, 24.576358], [92.758813, 24.577685], [92.758126, 24.578446], [92.756281, 24.579129], [92.754886, 24.579617], [92.753963, 24.580358], [92.753212, 24.581061], [92.753084, 24.58149], [92.752569, 24.582349], [92.752419, 24.583012], [92.752461, 24.583773], [92.751903, 24.584437], [92.751067, 24.584437], [92.750659, 24.584202], [92.750144, 24.583481], [92.749779, 24.58268], [92.750015, 24.585998], [92.750015, 24.587559], [92.7495, 24.590056], [92.748299, 24.592866], [92.746582, 24.594271], [92.743492, 24.595441], [92.739973, 24.596846], [92.735252, 24.596534], [92.73345, 24.599734], [92.733965, 24.604494], [92.734222, 24.606445], [92.737312, 24.608318], [92.740574, 24.606523], [92.743578, 24.605274], [92.745981, 24.605743], [92.748299, 24.607537], [92.749758, 24.611439], [92.751389, 24.614014], [92.754307, 24.615029], [92.758169, 24.615419], [92.762375, 24.615263], [92.765379, 24.615965], [92.769842, 24.616979], [92.780056, 24.617448], [92.78615, 24.617604], [92.78924, 24.618228], [92.793875, 24.617213], [92.797222, 24.615419], [92.800569, 24.614873], [92.801943, 24.616745], [92.803144, 24.618774], [92.80529, 24.621739], [92.808723, 24.620881], [92.811642, 24.618072], [92.812242, 24.614873], [92.814045, 24.613546], [92.817135, 24.613312], [92.82074, 24.614014], [92.825546, 24.614092], [92.827864, 24.612298], [92.829409, 24.611673], [92.833013, 24.612375], [92.833013, 24.614482], [92.83164, 24.617838], [92.830181, 24.620647], [92.829151, 24.62486], [92.82855, 24.632428], [92.829924, 24.647329], [92.827349, 24.65786], [92.826233, 24.661994], [92.82546, 24.66761], [92.824001, 24.670886], [92.824602, 24.673772], [92.827349, 24.6758], [92.831984, 24.6758], [92.834215, 24.674786], [92.835674, 24.67268], [92.837477, 24.669404], [92.841854, 24.671588], [92.845116, 24.674396], [92.850094, 24.677594], [92.849922, 24.680402], [92.849235, 24.684145], [92.847862, 24.687421], [92.845287, 24.691008], [92.842884, 24.695999], [92.842884, 24.701301], [92.841167, 24.705356], [92.833099, 24.707383], [92.832241, 24.711438], [92.831039, 24.718455], [92.829666, 24.72516], [92.829323, 24.732488], [92.827949, 24.739816], [92.826576, 24.748702], [92.831383, 24.749949], [92.836189, 24.752132], [92.83709, 24.760891], [92.838711, 24.759575], [92.840438, 24.758143], [92.842337, 24.757062], [92.844568, 24.75599], [92.851853, 24.755717], [92.856188, 24.757822], [92.860136, 24.75977], [92.862067, 24.762303], [92.863183, 24.764641], [92.863269, 24.766668], [92.865114, 24.769785], [92.868419, 24.771032], [92.872109, 24.770642], [92.876058, 24.769824], [92.879791, 24.769123], [92.882538, 24.768421], [92.885242, 24.766979], [92.886229, 24.766005], [92.889833, 24.76129], [92.890005, 24.758991], [92.893095, 24.758562], [92.8967, 24.759887], [92.900305, 24.760666], [92.90318, 24.76129], [92.9076, 24.76242], [92.909575, 24.761524], [92.909832, 24.75977], [92.907257, 24.74652], [92.900905, 24.743246], [92.898159, 24.740284], [92.895927, 24.738413], [92.900047, 24.733268], [92.906914, 24.732956], [92.910862, 24.731553], [92.915153, 24.730305], [92.919445, 24.728902], [92.924938, 24.727655], [92.931118, 24.726407], [92.952404, 24.72056], [92.95558, 24.719313], [92.956095, 24.716584], [92.954979, 24.713621], [92.952061, 24.71175], [92.947941, 24.71136], [92.94528, 24.711516], [92.944078, 24.71058], [92.944508, 24.707461], [92.945366, 24.705902], [92.947941, 24.7052], [92.948027, 24.702705], [92.948198, 24.698728], [92.946052, 24.685861], [92.945881, 24.681805], [92.94734, 24.680947], [92.949942, 24.681513], [92.951717, 24.68162], [92.953863, 24.682429], [92.958181, 24.687742], [92.963562, 24.689916], [92.965708, 24.691632], [92.967972, 24.69672], [92.970257, 24.700053], [92.971222, 24.700668], [92.97163, 24.702188], [92.971866, 24.702987], [92.971523, 24.703884], [92.97045, 24.704966], [92.971115, 24.705707], [92.971855, 24.706038], [92.973218, 24.705833], [92.973765, 24.706399], [92.974623, 24.706233], [92.975042, 24.705765], [92.975685, 24.703855], [92.97604, 24.702305], [92.976694, 24.701701], [92.980095, 24.703026], [92.984301, 24.704644], [92.986844, 24.705024], [92.988989, 24.705824], [92.991532, 24.704069], [93.003645, 24.6967], [93.004246, 24.694439], [93.006048, 24.696466], [93.005962, 24.701535], [93.008108, 24.704342], [93.011284, 24.709566], [93.012142, 24.711828], [93.012485, 24.715726], [93.0124, 24.722899], [93.014803, 24.726173], [93.017807, 24.727265], [93.021669, 24.727966], [93.025017, 24.728044], [93.027248, 24.729448], [93.028364, 24.736464], [93.033256, 24.740673], [93.038235, 24.741531], [93.041754, 24.740361], [93.04656, 24.737789], [93.049736, 24.733579], [93.054457, 24.729993], [93.058491, 24.727109], [93.062696, 24.722977], [93.066473, 24.719858], [93.070078, 24.717441], [93.073533, 24.714576], [93.076408, 24.7121], [93.075453, 24.71133], [93.074219, 24.709907], [93.073093, 24.708358], [93.072953, 24.707276], [93.073854, 24.706009], [93.074874, 24.70557], [93.075914, 24.705239], [93.077309, 24.7048], [93.079391, 24.703884], [93.081697, 24.701535], [93.082223, 24.699332], [93.082617, 24.698277], [93.083821, 24.696593], [93.088961, 24.690744], [93.091654, 24.686621], [93.091879, 24.684818], [93.091171, 24.681756], [93.090227, 24.680226], [93.089454, 24.678968], [93.089272, 24.67814], [93.089594, 24.677126], [93.090162, 24.676726], [93.090978, 24.676609], [93.091911, 24.676824], [93.09381, 24.677574], [93.097662, 24.679787], [93.100205, 24.68045], [93.101395, 24.68047], [93.102415, 24.680177], [93.103048, 24.679397], [93.103262, 24.67812], [93.104045, 24.675702], [93.103895, 24.673801], [93.102897, 24.671793], [93.100312, 24.66958], [93.097179, 24.665524], [93.096085, 24.663125], [93.096074, 24.659674], [93.096192, 24.654204], [93.095559, 24.652614], [93.094518, 24.651912], [93.093563, 24.651883], [93.092748, 24.652], [93.09057, 24.652488], [93.088049, 24.65277], [93.086461, 24.652712], [93.085399, 24.652449], [93.084648, 24.652127], [93.084133, 24.651668], [93.083521, 24.650645], [93.082738, 24.649172], [93.082673, 24.64771], [93.083671, 24.645759], [93.084991, 24.642492], [93.086504, 24.639089], [93.08748, 24.636807], [93.087394, 24.632448], [93.087394, 24.628391], [93.086836, 24.62722], [93.086042, 24.627181], [93.084605, 24.627552], [93.083167, 24.628254], [93.081837, 24.62843], [93.079905, 24.628547], [93.078597, 24.628371], [93.077309, 24.627708], [93.076386, 24.627084], [93.075743, 24.62566], [93.075528, 24.624606], [93.075378, 24.623573], [93.075614, 24.622266], [93.076279, 24.621212], [93.078039, 24.619691], [93.079605, 24.618676], [93.081129, 24.617448], [93.082631, 24.616706], [93.083854, 24.61575], [93.084862, 24.61495], [93.084776, 24.613682], [93.083189, 24.61261], [93.079755, 24.610678], [93.077652, 24.609235], [93.07379, 24.606035], [93.072245, 24.603577], [93.070915, 24.601587], [93.070593, 24.599948], [93.070893, 24.599051], [93.072824, 24.597783], [93.073962, 24.596261], [93.076773, 24.593568], [93.078918, 24.59109], [93.080742, 24.590563], [93.083425, 24.591246], [93.085377, 24.591754], [93.088295, 24.592515], [93.090742, 24.592495], [93.095226, 24.591188], [93.100119, 24.589081], [93.103037, 24.586076], [93.104496, 24.583988], [93.104153, 24.581705], [93.09999, 24.581003], [93.094825, 24.581381], [93.093231, 24.581002], [93.08848, 24.572211], [93.083703, 24.570797], [93.081901, 24.571597], [93.077695, 24.575597], [93.070314, 24.575461], [93.065422, 24.576631], [93.06098, 24.57667], [93.058816, 24.575057], [93.058319, 24.574251], [93.05819, 24.57308], [93.064392, 24.566835], [93.068726, 24.563127], [93.071035, 24.560645], [93.070679, 24.55778], [93.065658, 24.547365], [93.064606, 24.546655], [93.062503, 24.547084], [93.061259, 24.54886], [93.061216, 24.552354], [93.060404, 24.554245], [93.058405, 24.554911], [93.056388, 24.554969], [93.055444, 24.553954], [93.053641, 24.551378], [93.050578, 24.544865], [93.048556, 24.536524], [93.046998, 24.530473], [93.047054, 24.527701], [93.049822, 24.524734], [93.050272, 24.521669], [93.049977, 24.519342], [93.046861, 24.518077], [93.041968, 24.516281], [93.039277, 24.514377], [93.037548, 24.511263], [93.037291, 24.509252], [93.040659, 24.507866], [93.042462, 24.505972], [93.042147, 24.503817], [93.037999, 24.500837], [93.034059, 24.497825], [93.032591, 24.496971], [93.031905, 24.495194], [93.032999, 24.493554], [93.035595, 24.491171], [93.040466, 24.485664], [93.044457, 24.479728], [93.046242, 24.474679], [93.046625, 24.468987], [93.04659, 24.464782], [93.044887, 24.462971], [93.043041, 24.462639], [93.038042, 24.462229], [93.035752, 24.460524], [93.036561, 24.453693], [93.036733, 24.445177], [93.034737, 24.4375], [93.033087, 24.429664], [93.033471, 24.427497], [93.038535, 24.421655], [93.041646, 24.421929], [93.04347, 24.420268], [93.042934, 24.4164], [93.041625, 24.413195], [93.039344, 24.411332], [93.029695, 24.408584], [93.024995, 24.406884], [93.020811, 24.407705], [93.017163, 24.408349], [93.015593, 24.409485], [93.015296, 24.412883], [93.014653, 24.416009], [93.01373, 24.417279], [93.011455, 24.417279], [93.009353, 24.414739], [93.008484, 24.412501], [93.008617, 24.411848]]], "type": "Polygon"}, "id": "cachar-sonai", "properties": {"district": "Cachar", "grade": "zonal", "locality_id": "cachar-sonai", "osm_id": "relation/10052379", "revenue_circle": "Sonai"}, "type": "Feature"}, {"geometry": {"coordinates": [[[92.857304, 25.064871], [92.856649, 25.060916], [92.855501, 25.048942], [92.854557, 25.04066], [92.85593, 25.025418], [92.863827, 24.996638], [92.870006, 24.997572], [92.872238, 24.99306], [92.867947, 24.988859], [92.865371, 24.985903], [92.865543, 24.981857], [92.867775, 24.977345], [92.872066, 24.974077], [92.878933, 24.972209], [92.879276, 24.958982], [92.882023, 24.951822], [92.877388, 24.943729], [92.876186, 24.940304], [92.874813, 24.932288], [92.874126, 24.930109], [92.87138, 24.926684], [92.859192, 24.91423], [92.857389, 24.911272], [92.856788, 24.909326], [92.861423, 24.907535], [92.865372, 24.907301], [92.865629, 24.903487], [92.8652, 24.89975], [92.864599, 24.896947], [92.860908, 24.895235], [92.857904, 24.894612], [92.854814, 24.895235], [92.851639, 24.895779], [92.85018, 24.892821], [92.849235, 24.88994], [92.847347, 24.887916], [92.843828, 24.886826], [92.839451, 24.88667], [92.835331, 24.886359], [92.828035, 24.887604], [92.823143, 24.887604], [92.823486, 24.88231], [92.823486, 24.878494], [92.822714, 24.87647], [92.819238, 24.876742], [92.816448, 24.87682], [92.813272, 24.876898], [92.812929, 24.875574], [92.814474, 24.874796], [92.817349, 24.874679], [92.819023, 24.873978], [92.82074, 24.871447], [92.820997, 24.869306], [92.820954, 24.86697], [92.818336, 24.864906], [92.817135, 24.862726], [92.816834, 24.861363], [92.820482, 24.861441], [92.823315, 24.86183], [92.826962, 24.862492], [92.830825, 24.862803], [92.834988, 24.86257], [92.835803, 24.861441], [92.83576, 24.859689], [92.833142, 24.858404], [92.830868, 24.857741], [92.828851, 24.856379], [92.828078, 24.854548], [92.827864, 24.852952], [92.828035, 24.850966], [92.831812, 24.847033], [92.839279, 24.846877], [92.844686, 24.848435], [92.84915, 24.848435], [92.856874, 24.846721], [92.862625, 24.845709], [92.868204, 24.844618], [92.869406, 24.842282], [92.866831, 24.838465], [92.864771, 24.834726], [92.864256, 24.831221], [92.864256, 24.826937], [92.865543, 24.822808], [92.867174, 24.818991], [92.867346, 24.815875], [92.866917, 24.812758], [92.866316, 24.80824], [92.873268, 24.809213], [92.875285, 24.812719], [92.875886, 24.814667], [92.878203, 24.815329], [92.880778, 24.815914], [92.883568, 24.816965], [92.885713, 24.818017], [92.888975, 24.819848], [92.89434, 24.821055], [92.895327, 24.823626], [92.897172, 24.824794], [92.89906, 24.825418], [92.901335, 24.828144], [92.903008, 24.829702], [92.904167, 24.83309], [92.904897, 24.835427], [92.907815, 24.835778], [92.909617, 24.835856], [92.91142, 24.834376], [92.91245, 24.834259], [92.914896, 24.836089], [92.916226, 24.837764], [92.918758, 24.838854], [92.922578, 24.839672], [92.925496, 24.838114], [92.926612, 24.836907], [92.929273, 24.838037], [92.931805, 24.84088], [92.937684, 24.841581], [92.943778, 24.843021], [92.947726, 24.845008], [92.948928, 24.845826], [92.948971, 24.847422], [92.948327, 24.849136], [92.949271, 24.851355], [92.952704, 24.855249], [92.957468, 24.860039], [92.959056, 24.861324], [92.95927, 24.864478], [92.958412, 24.867126], [92.956052, 24.870202], [92.951674, 24.875341], [92.949958, 24.880753], [92.950602, 24.885113], [92.951159, 24.887955], [92.952704, 24.889551], [92.956438, 24.894106], [92.964506, 24.902202], [92.970986, 24.90446], [92.976222, 24.904187], [92.980943, 24.903954], [92.984805, 24.904655], [92.989182, 24.906523], [92.993131, 24.908703], [92.998538, 24.909481], [93.003259, 24.909792], [93.007464, 24.910104], [93.009481, 24.91096], [93.013902, 24.9182], [93.020725, 24.917772], [93.02403, 24.918161], [93.026605, 24.919834], [93.026905, 24.921858], [93.028536, 24.930459], [93.031197, 24.93509], [93.038535, 24.94369], [93.039093, 24.958048], [93.039694, 24.961977], [93.043685, 24.963495], [93.048491, 24.964039], [93.055143, 24.966451], [93.056645, 24.967658], [93.057117, 24.970498], [93.05686, 24.978667], [93.060336, 24.979834], [93.061967, 24.980729], [93.066258, 24.985708], [93.066001, 24.988275], [93.065615, 24.990842], [93.066173, 24.993876], [93.067374, 24.996405], [93.068293, 25.000727], [93.067761, 25.001306], [93.067761, 25.002404], [93.067535, 25.003201], [93.066891, 25.003678], [93.066087, 25.004057], [93.065304, 25.004271], [93.064746, 25.004378], [93.063941, 25.004329], [93.063297, 25.003902], [93.063093, 25.00327], [93.063083, 25.002686], [93.0629, 25.002083], [93.062235, 25.00184], [93.061591, 25.001821], [93.06084, 25.001976], [93.060433, 25.002502], [93.060594, 25.003435], [93.060658, 25.004329], [93.060658, 25.004971], [93.060508, 25.005506], [93.060068, 25.006216], [93.059843, 25.00713], [93.05965, 25.007558], [93.059049, 25.008219], [93.058244, 25.00887], [93.057675, 25.009317], [93.057193, 25.009736], [93.056699, 25.009901], [93.056163, 25.009911], [93.054671, 25.010192], [93.054167, 25.010309], [93.053845, 25.010649], [93.053845, 25.01098], [93.054779, 25.011048], [93.055122, 25.01134], [93.054907, 25.012166], [93.054607, 25.012818], [93.054446, 25.01345], [93.054618, 25.013965], [93.055036, 25.014315], [93.056645, 25.014995], [93.057074, 25.016113], [93.057182, 25.016716], [93.057729, 25.016882], [93.058469, 25.016882], [93.059081, 25.016979], [93.059585, 25.017251], [93.059778, 25.01762], [93.059789, 25.01799], [93.059596, 25.018573], [93.059306, 25.01904], [93.058738, 25.019837], [93.05818, 25.020109], [93.057836, 25.020323], [93.05804, 25.021072], [93.058276, 25.021568], [93.058416, 25.022161], [93.058405, 25.022647], [93.058158, 25.023162], [93.057761, 25.023823], [93.057461, 25.02428], [93.057074, 25.024494], [93.056624, 25.024834], [93.055916, 25.025087], [93.05539, 25.024883], [93.055025, 25.024504], [93.054618, 25.024319], [93.054264, 25.024387], [93.053888, 25.025019], [93.053942, 25.025835], [93.053781, 25.027546], [93.053384, 25.027148], [93.053073, 25.027012], [93.052644, 25.027235], [93.052601, 25.027857], [93.052837, 25.028246], [93.052976, 25.028684], [93.052976, 25.02917], [93.052869, 25.029384], [93.05274, 25.029841], [93.052429, 25.030356], [93.052086, 25.030686], [93.051742, 25.030968], [93.051399, 25.031075], [93.051131, 25.03127], [93.051174, 25.031629], [93.051141, 25.032096], [93.050884, 25.032349], [93.050176, 25.032359], [93.049865, 25.032572], [93.049833, 25.033], [93.049865, 25.033331], [93.04965, 25.033661], [93.049403, 25.033982], [93.049114, 25.034128], [93.048642, 25.034235], [93.048395, 25.034351], [93.047408, 25.034672], [93.046635, 25.034837], [93.046045, 25.034857], [93.045455, 25.034857], [93.044844, 25.034905], [93.044415, 25.03508], [93.043964, 25.03544], [93.042891, 25.035712], [93.041561, 25.035771], [93.040906, 25.035741], [93.039984, 25.035741], [93.039329, 25.035771], [93.038471, 25.035975], [93.037859, 25.036169], [93.037097, 25.036431], [93.036679, 25.036694], [93.036368, 25.037063], [93.036089, 25.038191], [93.035756, 25.039037], [93.034887, 25.040621], [93.034426, 25.041224], [93.033707, 25.041729], [93.032924, 25.041972], [93.032012, 25.042196], [93.031411, 25.042351], [93.030564, 25.042555], [93.030006, 25.042769], [93.029512, 25.042964], [93.028986, 25.04344], [93.028289, 25.044247], [93.026787, 25.046346], [93.026025, 25.047328], [93.025167, 25.048115], [93.023997, 25.049253], [93.023096, 25.049816], [93.021755, 25.050574], [93.021401, 25.051245], [93.021605, 25.05178], [93.022023, 25.052266], [93.02212, 25.052635], [93.022098, 25.05314], [93.020768, 25.055638], [93.01962, 25.056328], [93.018826, 25.057009], [93.016777, 25.058408], [93.016455, 25.059011], [93.01623, 25.059749], [93.016037, 25.060323], [93.015618, 25.06077], [93.014309, 25.061615], [93.014363, 25.062305], [93.014653, 25.062898], [93.015415, 25.064278], [93.016144, 25.065425], [93.017163, 25.066601], [93.018279, 25.069691], [93.019481, 25.072092], [93.020039, 25.073297], [93.020253, 25.0742], [93.020596, 25.07527], [93.021079, 25.075765], [93.022281, 25.075862], [93.023719, 25.075551], [93.024684, 25.075435], [93.025982, 25.07593], [93.027366, 25.076406], [93.028482, 25.0773], [93.03051, 25.077981], [93.031529, 25.078146], [93.031797, 25.078904], [93.032205, 25.079856], [93.03331, 25.080361], [93.034104, 25.080731], [93.036904, 25.081945], [93.037612, 25.082344], [93.037698, 25.08317], [93.037838, 25.083918], [93.038557, 25.085502], [93.040402, 25.086658], [93.041754, 25.08727], [93.042269, 25.087941], [93.042709, 25.088669], [93.042891, 25.08934], [93.043277, 25.091691], [93.043545, 25.092692], [93.044468, 25.095034], [93.046056, 25.097948], [93.046957, 25.099211], [93.045563, 25.099891], [93.043213, 25.101427], [93.041818, 25.102116], [93.040144, 25.102816], [93.038428, 25.103671], [93.037773, 25.104147], [93.036776, 25.104497], [93.034061, 25.105313], [93.032205, 25.10542], [93.030757, 25.10542], [93.030049, 25.104982], [93.02933, 25.104438], [93.028697, 25.103885], [93.028182, 25.103506], [93.027313, 25.103107], [93.026165, 25.102942], [93.024985, 25.102923], [93.024083, 25.103428], [93.023161, 25.103768], [93.022378, 25.10371], [93.021519, 25.10336], [93.02079, 25.102913], [93.020028, 25.102175], [93.018601, 25.100494], [93.018129, 25.099697], [93.017925, 25.099105], [93.01755, 25.098162], [93.017056, 25.097783], [93.016155, 25.097569], [93.013151, 25.097025], [93.010844, 25.096841], [93.008441, 25.096753], [93.00696, 25.096715], [93.00445, 25.096744], [93.003044, 25.096578], [93.001789, 25.096268], [93.000791, 25.095772], [92.999278, 25.095519], [92.997894, 25.094664], [92.996617, 25.094694], [92.994708, 25.095189], [92.993721, 25.095344], [92.992755, 25.095315], [92.991951, 25.095004], [92.99076, 25.09481], [92.988775, 25.094791], [92.986886, 25.094198], [92.985427, 25.094101], [92.984515, 25.093848], [92.98385, 25.093508], [92.983464, 25.092964], [92.982874, 25.091176], [92.982488, 25.090486], [92.981694, 25.089661], [92.981104, 25.088873], [92.980589, 25.088417], [92.979419, 25.087154], [92.978454, 25.086026], [92.976812, 25.085686], [92.97502, 25.085434], [92.973325, 25.085084], [92.97133, 25.0852], [92.969398, 25.085793], [92.967811, 25.086133], [92.966137, 25.086493], [92.963594, 25.08728], [92.962908, 25.08832], [92.962167, 25.089281], [92.961438, 25.089826], [92.960655, 25.090341], [92.959753, 25.090409], [92.958906, 25.090039], [92.958037, 25.089602], [92.957082, 25.089126], [92.956331, 25.088582], [92.955955, 25.087873], [92.954228, 25.085784], [92.95337, 25.0842], [92.952973, 25.083364], [92.952715, 25.082373], [92.952833, 25.081469], [92.95323, 25.08041], [92.954228, 25.078117], [92.954593, 25.077126], [92.954464, 25.07628], [92.954046, 25.075619], [92.953606, 25.074997], [92.953466, 25.072859], [92.953026, 25.072063], [92.952415, 25.071071], [92.952211, 25.070401], [92.952018, 25.069857], [92.95176, 25.069303], [92.95087, 25.069254], [92.949529, 25.069342], [92.947179, 25.068924], [92.946106, 25.06871], [92.945248, 25.068583], [92.944711, 25.068652], [92.943199, 25.068875], [92.941965, 25.069546], [92.941364, 25.070275], [92.940463, 25.070896], [92.939658, 25.071625], [92.938671, 25.072568], [92.937309, 25.073715], [92.935098, 25.074861], [92.934004, 25.075493], [92.933435, 25.076261], [92.933071, 25.077281], [92.932642, 25.078019], [92.932084, 25.078457], [92.931279, 25.078641], [92.930024, 25.079001], [92.929058, 25.079147], [92.928318, 25.079186], [92.925936, 25.078913], [92.924209, 25.078097], [92.92305, 25.077388], [92.921956, 25.077048], [92.920496, 25.077048], [92.919649, 25.077407], [92.918812, 25.078], [92.917514, 25.079001], [92.916151, 25.078962], [92.914188, 25.078952], [92.91231, 25.078797], [92.911001, 25.078729], [92.90995, 25.07869], [92.908791, 25.078807], [92.905369, 25.078758], [92.903169, 25.078709], [92.901549, 25.078661], [92.900251, 25.078836], [92.898964, 25.079166], [92.898277, 25.079331], [92.896496, 25.079293], [92.895391, 25.078263], [92.894629, 25.077184], [92.894103, 25.075989], [92.893149, 25.074473], [92.89228, 25.074434], [92.890402, 25.075347], [92.889651, 25.075571], [92.888042, 25.075571], [92.885671, 25.074686], [92.885102, 25.073753], [92.88448, 25.072889], [92.884104, 25.072111], [92.883418, 25.070624], [92.88287, 25.069759], [92.882495, 25.068894], [92.882034, 25.068059], [92.880092, 25.067534], [92.87889, 25.067369], [92.878032, 25.067194], [92.876143, 25.06593], [92.875317, 25.065483], [92.874609, 25.065114], [92.873644, 25.064774], [92.872732, 25.064609], [92.871863, 25.06527], [92.871305, 25.066309], [92.870768, 25.066854], [92.869438, 25.067145], [92.868118, 25.067019], [92.867067, 25.06664], [92.866144, 25.066203], [92.865318, 25.065445], [92.864631, 25.065017], [92.863162, 25.064482], [92.862003, 25.064171], [92.860104, 25.064016], [92.859267, 25.064745], [92.857304, 25.064871]]], "type": "Polygon"}, "id": "cachar-udarbond", "properties": {"district": "Cachar", "grade": "zonal", "locality_id": "cachar-udarbond", "osm_id": "relation/10052381", "revenue_circle": "Udarbond"}, "type": "Feature"}, {"geometry": {"coordinates": [[[90.363064, 26.598505], [90.369759, 26.601805], [90.373278, 26.602265], [90.375938, 26.601229], [90.378299, 26.601575], [90.379801, 26.603378], [90.382762, 26.604759], [90.386109, 26.603608], [90.389285, 26.604107], [90.393276, 26.604452], [90.396023, 26.60334], [90.397825, 26.601805], [90.398211, 26.599694], [90.396709, 26.597891], [90.396581, 26.595703], [90.396366, 26.593554], [90.395293, 26.591597], [90.394864, 26.590101], [90.396452, 26.588374], [90.399499, 26.588412], [90.401602, 26.590523], [90.40246, 26.591405], [90.40585, 26.588681], [90.414906, 26.585611], [90.420442, 26.5835], [90.423918, 26.582387], [90.428038, 26.583346], [90.43263, 26.584805], [90.437479, 26.58634], [90.447178, 26.590101], [90.453057, 26.59367], [90.458121, 26.593785], [90.461512, 26.59225], [90.465588, 26.589755], [90.467691, 26.587031], [90.468764, 26.58515], [90.470266, 26.581773], [90.473099, 26.576323], [90.474772, 26.574557], [90.481639, 26.572101], [90.486102, 26.57164], [90.491896, 26.572523], [90.494771, 26.57425], [90.496273, 26.576898], [90.499835, 26.576284], [90.501809, 26.576783], [90.502882, 26.579163], [90.503397, 26.581849], [90.504084, 26.589218], [90.510392, 26.583922], [90.513697, 26.580353], [90.517001, 26.577973], [90.519362, 26.576438], [90.521979, 26.57567], [90.523567, 26.575747], [90.52494, 26.578664], [90.52537, 26.582003], [90.526271, 26.586954], [90.528245, 26.587414], [90.532537, 26.585879], [90.535584, 26.581274], [90.537987, 26.578856], [90.545282, 26.578127], [90.550475, 26.57805], [90.555904, 26.578415], [90.555668, 26.580986], [90.553758, 26.58277], [90.551655, 26.585054], [90.550647, 26.586129], [90.550454, 26.587817], [90.551076, 26.588969], [90.552642, 26.59035], [90.55584, 26.592672], [90.557256, 26.600385], [90.55717, 26.606678], [90.556483, 26.6104], [90.553608, 26.612625], [90.553265, 26.615388], [90.555067, 26.617997], [90.555797, 26.620069], [90.554552, 26.622255], [90.552878, 26.623023], [90.553222, 26.640286], [90.552664, 26.648034], [90.554767, 26.657738], [90.555668, 26.663452], [90.557127, 26.673232], [90.558286, 26.678562], [90.568328, 26.677565], [90.57116, 26.676798], [90.573048, 26.678792], [90.573134, 26.681745], [90.574078, 26.683892], [90.578756, 26.690525], [90.579872, 26.69505], [90.581331, 26.698654], [90.580945, 26.701223], [90.580344, 26.703446], [90.577641, 26.708545], [90.57807, 26.714487], [90.580173, 26.719739], [90.583177, 26.725565], [90.58352, 26.729782], [90.582061, 26.733116], [90.581331, 26.735569], [90.58146, 26.737064], [90.590129, 26.740245], [90.613046, 26.748216], [90.632401, 26.755268], [90.654631, 26.759943], [90.664673, 26.762165], [90.681968, 26.766303], [90.689564, 26.769867], [90.691098, 26.771763], [90.673428, 26.784541], [90.654545, 26.780173], [90.646235, 26.778177], [90.633688, 26.794655], [90.58779, 26.803138], [90.585758, 26.803504], [90.549626, 26.815763], [90.548558, 26.816126], [90.547519, 26.816478], [90.544494, 26.818269], [90.542986, 26.819223], [90.533139, 26.825815], [90.52889, 26.82866], [90.524745, 26.831516], [90.514352, 26.838677], [90.501416, 26.84759], [90.49697, 26.850653], [90.483749, 26.859615], [90.47517, 26.86543], [90.472776, 26.866698], [90.470313, 26.869079], [90.465832, 26.872167], [90.457312, 26.877644], [90.436797, 26.891638], [90.430825, 26.895711], [90.421515, 26.900192], [90.418467, 26.901481], [90.416236, 26.904046], [90.372956, 26.90208], [90.355726, 26.900816], [90.355807, 26.899783], [90.355015, 26.898013], [90.353387, 26.896497], [90.352937, 26.894644], [90.351871, 26.892285], [90.348052, 26.887905], [90.347378, 26.887456], [90.347434, 26.883693], [90.347771, 26.882346], [90.34749, 26.881054], [90.34749, 26.87965], [90.34648, 26.877797], [90.345356, 26.875663], [90.343896, 26.873136], [90.34034, 26.870478], [90.336972, 26.868411], [90.338044, 26.863893], [90.337315, 26.855394], [90.337529, 26.847621], [90.338259, 26.841035], [90.339975, 26.832534], [90.343838, 26.818135], [90.346026, 26.810283], [90.34697, 26.804882], [90.349975, 26.801013], [90.352035, 26.797796], [90.35418, 26.791781], [90.355167, 26.782587], [90.356069, 26.775806], [90.356541, 26.771553], [90.360274, 26.766074], [90.362549, 26.762089], [90.365853, 26.757145], [90.366583, 26.753658], [90.367999, 26.747642], [90.368471, 26.743579], [90.369287, 26.740015], [90.370746, 26.733653], [90.372763, 26.727788], [90.373921, 26.725374], [90.377569, 26.72223], [90.37744, 26.71648], [90.377827, 26.708162], [90.376539, 26.698807], [90.374179, 26.695127], [90.368771, 26.689337], [90.367741, 26.684736], [90.365853, 26.679866], [90.362549, 26.66863], [90.358815, 26.660921], [90.356197, 26.656472], [90.352936, 26.652522], [90.350833, 26.648955], [90.348043, 26.643891], [90.3477, 26.642127], [90.347872, 26.640247], [90.348988, 26.638138], [90.351863, 26.636987], [90.354438, 26.635069], [90.35697, 26.633112], [90.35903, 26.630964], [90.358772, 26.62801], [90.357141, 26.624826], [90.355639, 26.621603], [90.356455, 26.620721], [90.357399, 26.62003], [90.358472, 26.618879], [90.358472, 26.617076], [90.357871, 26.615196], [90.357013, 26.613469], [90.355511, 26.611206], [90.354609, 26.609019], [90.355425, 26.606524], [90.355768, 26.604222], [90.356326, 26.603033], [90.359373, 26.601229], [90.362077, 26.600155], [90.363064, 26.598505]]], "type": "Polygon"}, "id": "chirang-bengtol", "properties": {"district": "Chirang", "grade": "zonal", "locality_id": "chirang-bengtol", "osm_id": "relation/10041978", "revenue_circle": "Bengtol"}, "type": "Feature"}, {"geometry": {"coordinates": [[[90.637293, 26.499843], [90.649652, 26.499382], [90.677204, 26.500457], [90.683384, 26.498076], [90.678277, 26.488704], [90.686667, 26.482347], [90.706794, 26.483327], [90.710636, 26.483123], [90.71115, 26.483096], [90.713618, 26.482328], [90.715334, 26.481271], [90.716214, 26.480292], [90.716472, 26.478871], [90.716751, 26.475855], [90.715227, 26.474453], [90.714626, 26.473012], [90.714433, 26.471457], [90.714326, 26.46944], [90.715313, 26.465406], [90.716107, 26.461948], [90.716257, 26.459643], [90.716386, 26.457415], [90.715227, 26.456032], [90.712223, 26.453957], [90.70997, 26.452458], [90.71085, 26.451229], [90.713811, 26.448981], [90.716257, 26.446272], [90.728681, 26.446291], [90.732501, 26.444793], [90.735054, 26.442968], [90.73632, 26.442391], [90.739195, 26.443198], [90.740011, 26.444216], [90.739303, 26.445696], [90.738766, 26.447271], [90.73926, 26.449826], [90.739925, 26.452036], [90.741041, 26.453822], [90.743208, 26.457223], [90.743551, 26.460239], [90.744131, 26.463735], [90.744774, 26.465425], [90.742822, 26.467231], [90.739067, 26.468172], [90.735633, 26.469574], [90.732801, 26.472801], [90.732865, 26.475663], [90.733359, 26.478045], [90.732651, 26.479351], [90.73205, 26.48252], [90.733402, 26.484921], [90.735698, 26.486361], [90.738316, 26.487321], [90.742135, 26.488416], [90.746019, 26.489357], [90.75089, 26.489031], [90.75295, 26.487206], [90.754902, 26.485324], [90.756533, 26.483154], [90.759644, 26.482578], [90.762455, 26.483019], [90.766361, 26.485497], [90.77003, 26.490375], [90.772197, 26.495214], [90.776231, 26.502339], [90.777841, 26.505027], [90.776811, 26.506717], [90.775073, 26.507312], [90.771425, 26.507466], [90.7687, 26.507331], [90.766768, 26.506717], [90.763872, 26.506352], [90.761361, 26.507466], [90.758979, 26.51098], [90.758421, 26.51434], [90.760546, 26.518583], [90.762563, 26.519793], [90.766811, 26.520004], [90.769558, 26.520235], [90.772991, 26.52371], [90.773678, 26.526225], [90.775416, 26.530852], [90.780909, 26.530122], [90.783591, 26.529028], [90.784578, 26.52826], [90.785973, 26.525821], [90.785329, 26.523153], [90.784106, 26.519159], [90.786402, 26.516913], [90.790565, 26.518334], [90.793569, 26.519428], [90.794899, 26.519774], [90.79829, 26.522366], [90.802324, 26.522097], [90.806379, 26.52131], [90.809469, 26.521137], [90.817044, 26.522443], [90.828288, 26.522327], [90.834296, 26.522577], [90.83612, 26.52442], [90.840175, 26.53162], [90.84408, 26.531984], [90.848565, 26.527645], [90.852134, 26.528879], [90.852549, 26.534346], [90.841656, 26.537436], [90.83303, 26.537897], [90.825496, 26.543686], [90.826678, 26.548263], [90.825701, 26.553154], [90.821298, 26.561319], [90.830844, 26.562391], [90.842126, 26.564158], [90.848479, 26.56761], [90.855131, 26.567648], [90.860238, 26.562927], [90.865774, 26.563349], [90.873221, 26.563624], [90.873284, 26.564347], [90.871825, 26.571755], [90.869336, 26.573828], [90.866203, 26.578395], [90.869937, 26.58254], [90.877731, 26.583831], [90.884571, 26.590369], [90.882425, 26.594821], [90.891386, 26.59483], [90.897961, 26.599426], [90.893497, 26.604337], [90.893154, 26.628509], [90.89794, 26.634966], [90.898043, 26.635591], [90.899827, 26.658783], [90.89269, 26.666366], [90.898043, 26.689558], [90.914099, 26.710967], [90.91798, 26.715768], [90.917272, 26.729437], [90.921478, 26.738022], [90.930276, 26.750899], [90.945125, 26.767683], [90.948472, 26.77366], [90.956268, 26.782101], [90.957899, 26.784339], [90.96235, 26.788533], [90.897789, 26.783009], [90.822172, 26.776357], [90.77709, 26.775251], [90.742356, 26.774398], [90.71763, 26.768986], [90.699756, 26.769541], [90.691098, 26.771763], [90.689564, 26.769867], [90.681968, 26.766303], [90.664673, 26.762165], [90.654631, 26.759943], [90.632401, 26.755268], [90.613046, 26.748216], [90.590129, 26.740245], [90.58146, 26.737064], [90.581331, 26.735569], [90.582061, 26.733116], [90.58352, 26.729782], [90.583177, 26.725565], [90.580173, 26.719739], [90.57807, 26.714487], [90.577641, 26.708545], [90.580344, 26.703446], [90.580945, 26.701223], [90.581331, 26.698654], [90.579872, 26.69505], [90.578756, 26.690525], [90.574078, 26.683892], [90.573134, 26.681745], [90.573048, 26.678792], [90.57116, 26.676798], [90.568328, 26.677565], [90.558286, 26.678562], [90.557127, 26.673232], [90.555668, 26.663452], [90.554767, 26.657738], [90.552664, 26.648034], [90.553222, 26.640286], [90.552878, 26.623023], [90.554552, 26.622255], [90.555797, 26.620069], [90.555067, 26.617997], [90.553265, 26.615388], [90.553608, 26.612625], [90.556483, 26.6104], [90.55717, 26.606678], [90.557256, 26.600385], [90.55584, 26.592672], [90.552642, 26.59035], [90.551076, 26.588969], [90.550454, 26.587817], [90.550647, 26.586129], [90.551655, 26.585054], [90.553758, 26.58277], [90.555668, 26.580986], [90.555904, 26.578415], [90.559144, 26.57782], [90.559745, 26.574519], [90.559316, 26.571487], [90.55923, 26.568416], [90.559187, 26.552332], [90.557728, 26.545192], [90.555324, 26.533866], [90.55275, 26.523422], [90.546355, 26.508561], [90.543493, 26.50073], [90.548887, 26.49869], [90.563736, 26.499919], [90.571632, 26.497538], [90.57601, 26.499535], [90.584678, 26.495157], [90.591288, 26.491009], [90.597467, 26.494466], [90.601373, 26.491662], [90.603518, 26.499247], [90.591116, 26.505373], [90.590172, 26.510749], [90.592661, 26.512746], [90.599527, 26.512746], [90.600729, 26.516894], [90.610857, 26.516279], [90.623732, 26.509674], [90.623646, 26.499535], [90.620727, 26.495541], [90.637293, 26.499843]]], "type": "Polygon"}, "id": "chirang-bijni-pt", "properties": {"district": "Chirang", "grade": "zonal", "locality_id": "chirang-bijni-pt", "osm_id": "relation/10041979", "revenue_circle": "Bijni (Pt)"}, "type": "Feature"}, {"geometry": {"coordinates": [[[92.284436, 26.45678], [92.283385, 26.455869], [92.283293, 26.455817], [92.277425, 26.452502], [92.268906, 26.451723], [92.257018, 26.452789], [92.250685, 26.449108], [92.246704, 26.447289], [92.245923, 26.446932], [92.244919, 26.445984], [92.240739, 26.442041], [92.236969, 26.43221], [92.234306, 26.428029], [92.224605, 26.418874], [92.217601, 26.415453], [92.212573, 26.414311], [92.208957, 26.414701], [92.201098, 26.422144], [92.190701, 26.423202], [92.178987, 26.424627], [92.163787, 26.417005], [92.160471, 26.414893], [92.157423, 26.418625], [92.15485, 26.422735], [92.153807, 26.427219], [92.152138, 26.433073], [92.151303, 26.437744], [92.148591, 26.442539], [92.1456, 26.445341], [92.142819, 26.446898], [92.135169, 26.446462], [92.123485, 26.44503], [92.119799, 26.444407], [92.112079, 26.440671], [92.10589, 26.436747], [92.09824, 26.433696], [92.091702, 26.430831], [92.085582, 26.427468], [92.081966, 26.429399], [92.075081, 26.429586], [92.071047, 26.42834], [92.064927, 26.424666], [92.059363, 26.422424], [92.056581, 26.424292], [92.055956, 26.428278], [92.058529, 26.433634], [92.078975, 26.454058], [92.083565, 26.459911], [92.081688, 26.464394], [92.075707, 26.463335], [92.064927, 26.457234], [92.057833, 26.453404], [92.055225, 26.454774], [92.054321, 26.466417], [92.054669, 26.468347], [92.057625, 26.468938], [92.05985, 26.469499], [92.061693, 26.470557], [92.062562, 26.472674], [92.062354, 26.474915], [92.060407, 26.476813], [92.059694, 26.483692], [92.059781, 26.486742], [92.057751, 26.487971], [92.057801, 26.489189], [92.0579, 26.491685], [92.058714, 26.495207], [92.059793, 26.496469], [92.06044, 26.497792], [92.060523, 26.499679], [92.058216, 26.499708], [92.056489, 26.499753], [92.055759, 26.499991], [92.056024, 26.501506], [92.056556, 26.502813], [92.056672, 26.504492], [92.056473, 26.508132], [92.058813, 26.508444], [92.062482, 26.508919], [92.065503, 26.509186], [92.06728, 26.509409], [92.067578, 26.5129], [92.067828, 26.517327], [92.067396, 26.525675], [92.067562, 26.539206], [92.068027, 26.545443], [92.069322, 26.545562], [92.071978, 26.543542], [92.074335, 26.54271], [92.080046, 26.542443], [92.084628, 26.543215], [92.091799, 26.548027], [92.09253, 26.549453], [92.091368, 26.550492], [92.090836, 26.552274], [92.091102, 26.5537], [92.095152, 26.553818], [92.098074, 26.553373], [92.099402, 26.551502], [92.101262, 26.551294], [92.10591, 26.551146], [92.107504, 26.552571], [92.107769, 26.554977], [92.106873, 26.556195], [92.105013, 26.557026], [92.102191, 26.558333], [92.100598, 26.559194], [92.100332, 26.560679], [92.101893, 26.562609], [92.107072, 26.567183], [92.107603, 26.569321], [92.106474, 26.571518], [92.104449, 26.573359], [92.102092, 26.57517], [92.100232, 26.577457], [92.097942, 26.578585], [92.09575, 26.577605], [92.092895, 26.576447], [92.089641, 26.575408], [92.086487, 26.57526], [92.085424, 26.57621], [92.083565, 26.578763], [92.082071, 26.582297], [92.081739, 26.584494], [92.079481, 26.588116], [92.077456, 26.588651], [92.073903, 26.588205], [92.070882, 26.587671], [92.067927, 26.587285], [92.06547, 26.587225], [92.063478, 26.586958], [92.061353, 26.585503], [92.060955, 26.583484], [92.060955, 26.580515], [92.058996, 26.577516], [92.059759, 26.575675], [92.060507, 26.575036], [92.057903, 26.574849], [92.042707, 26.574134], [92.039195, 26.573636], [92.0361, 26.57205], [92.030224, 26.570246], [92.02393, 26.565892], [92.022852, 26.563373], [92.022452, 26.556717], [92.022568, 26.553622], [92.016132, 26.554116], [92.013709, 26.55465], [92.009525, 26.555007], [92.007234, 26.557204], [92.005242, 26.559075], [92.004678, 26.563114], [92.004412, 26.564599], [92.003682, 26.566024], [92.003018, 26.568756], [92.00335, 26.570984], [92.005143, 26.571934], [92.008297, 26.573656], [92.010621, 26.574695], [92.012215, 26.575646], [92.012812, 26.578556], [92.012082, 26.583128], [92.011385, 26.586038], [92.010754, 26.588027], [92.015734, 26.587612], [92.020117, 26.587612], [92.022574, 26.587938], [92.024566, 26.588859], [92.029911, 26.590729], [92.031438, 26.593015], [92.031937, 26.595509], [92.03363, 26.597557], [92.035024, 26.59916], [92.035091, 26.60115], [92.03363, 26.602159], [92.032036, 26.604415], [92.029712, 26.605454], [92.028218, 26.606434], [92.026956, 26.607443], [92.025993, 26.60872], [92.030946, 26.609074], [92.033104, 26.609015], [92.035694, 26.609074], [92.037952, 26.609104], [92.038815, 26.610291], [92.039081, 26.612815], [92.037089, 26.618247], [92.037554, 26.619909], [92.041305, 26.619671], [92.044991, 26.619939], [92.045555, 26.622373], [92.045887, 26.623916], [92.0511, 26.622907], [92.05369, 26.622758], [92.057309, 26.623263], [92.062289, 26.623293], [92.067236, 26.62356], [92.068298, 26.624332], [92.069162, 26.626587], [92.069527, 26.62914], [92.069427, 26.631722], [92.069759, 26.636055], [92.068962, 26.638726], [92.06946, 26.644098], [92.071984, 26.646383], [92.078558, 26.646442], [92.085796, 26.646383], [92.102894, 26.646709], [92.103758, 26.64481], [92.105517, 26.642703], [92.107078, 26.641575], [92.108804, 26.641338], [92.111892, 26.641575], [92.114781, 26.64208], [92.120226, 26.643445], [92.122517, 26.644572], [92.122948, 26.646828], [92.122517, 26.648104], [92.121122, 26.648964], [92.119097, 26.649825], [92.117536, 26.650478], [92.117802, 26.651932], [92.119562, 26.653356], [92.121354, 26.654128], [92.125704, 26.655136], [92.129356, 26.655789], [92.137158, 26.656679], [92.144728, 26.658163], [92.156615, 26.664275], [92.164417, 26.666293], [92.168268, 26.666886], [92.171788, 26.667598], [92.176303, 26.66837], [92.179956, 26.669735], [92.180387, 26.666619], [92.181118, 26.664898], [92.181383, 26.661931], [92.181217, 26.659825], [92.181051, 26.657303], [92.180686, 26.655878], [92.178428, 26.654869], [92.176502, 26.653831], [92.176237, 26.652228], [92.175905, 26.650567], [92.177997, 26.648311], [92.178993, 26.646204], [92.180819, 26.64481], [92.182545, 26.644216], [92.184172, 26.644899], [92.18633, 26.646531], [92.188057, 26.65027], [92.18985, 26.651101], [92.191842, 26.649765], [92.192904, 26.648015], [92.193801, 26.645908], [92.194166, 26.645611], [92.19556, 26.646679], [92.196058, 26.647896], [92.196656, 26.650092], [92.198382, 26.650952], [92.199877, 26.650923], [92.201769, 26.648549], [92.201869, 26.64665], [92.202898, 26.644988], [92.203861, 26.643593], [92.204126, 26.640151], [92.200474, 26.638399], [92.198482, 26.638251], [92.196623, 26.638756], [92.194465, 26.639052], [92.19224, 26.63837], [92.192008, 26.636263], [92.192639, 26.63466], [92.194664, 26.634601], [92.196955, 26.63466], [92.199677, 26.63374], [92.202101, 26.632583], [92.20406, 26.631217], [92.204458, 26.629644], [92.203861, 26.627745], [92.204325, 26.625549], [92.205853, 26.624896], [92.208476, 26.625341], [92.210999, 26.625845], [92.215382, 26.627448], [92.218735, 26.627656], [92.219897, 26.62632], [92.220661, 26.624064], [92.222088, 26.622669], [92.223084, 26.618484], [92.223483, 26.615991], [92.223715, 26.614151], [92.223251, 26.612577], [92.222653, 26.610855], [92.223383, 26.609579], [92.225608, 26.608837], [92.227301, 26.608154], [92.229094, 26.604651], [92.232713, 26.598922], [92.233012, 26.596369], [92.231949, 26.595062], [92.229957, 26.594469], [92.227965, 26.594528], [92.22667, 26.593875], [92.226106, 26.592509], [92.225741, 26.586838], [92.226338, 26.582147], [92.225774, 26.579475], [92.225342, 26.577545], [92.225475, 26.575377], [92.228662, 26.571101], [92.229127, 26.569705], [92.230688, 26.569141], [92.230688, 26.567627], [92.228795, 26.565964], [92.226139, 26.564687], [92.225541, 26.562727], [92.225176, 26.559846], [92.224744, 26.557381], [92.223848, 26.553817], [92.224313, 26.551798], [92.227102, 26.548976], [92.228696, 26.548679], [92.231816, 26.551233], [92.235668, 26.553223], [92.239021, 26.555956], [92.240316, 26.558718], [92.24108, 26.560707], [92.242242, 26.562935], [92.246492, 26.561747], [92.247421, 26.560262], [92.25031, 26.559668], [92.253663, 26.561479], [92.256021, 26.563261], [92.256419, 26.564152], [92.257382, 26.565904], [92.259507, 26.567567], [92.262428, 26.570418], [92.262096, 26.572051], [92.259872, 26.572408], [92.257946, 26.571131], [92.255357, 26.571012], [92.253497, 26.572051], [92.251406, 26.573981], [92.250144, 26.575436], [92.248816, 26.577574], [92.246956, 26.579772], [92.246757, 26.585116], [92.244566, 26.586066], [92.243703, 26.588293], [92.243404, 26.590579], [92.243636, 26.592361], [92.244732, 26.59622], [92.246226, 26.599931], [92.243669, 26.600347], [92.241744, 26.600614], [92.240947, 26.601356], [92.241345, 26.603256], [92.243537, 26.604562], [92.245031, 26.605957], [92.245927, 26.607234], [92.246691, 26.609401], [92.248218, 26.610351], [92.250791, 26.611019], [92.255506, 26.611731], [92.257979, 26.612429], [92.259722, 26.613141], [92.262412, 26.614121], [92.267375, 26.615011], [92.270048, 26.615575], [92.270961, 26.61608], [92.271492, 26.617134], [92.271609, 26.618143], [92.270065, 26.622224], [92.269168, 26.624495], [92.269235, 26.626172], [92.269932, 26.627418], [92.271526, 26.632033], [92.271559, 26.634912], [92.271625, 26.644365], [92.270032, 26.648341], [92.272688, 26.650181], [92.27375, 26.651783], [92.274149, 26.653979], [92.274879, 26.657124], [92.278465, 26.655403], [92.281453, 26.655463], [92.284972, 26.654276], [92.286765, 26.651843], [92.288359, 26.648757], [92.289687, 26.645374], [92.291214, 26.640803], [92.292951, 26.638631], [92.294435, 26.634272], [92.294126, 26.632926], [92.29314, 26.631306], [92.292144, 26.627567], [92.291945, 26.623827], [92.29221, 26.622165], [92.294402, 26.620978], [92.297523, 26.621512], [92.301042, 26.622877], [92.307018, 26.624717], [92.311799, 26.624658], [92.313659, 26.622937], [92.313659, 26.61979], [92.311799, 26.617891], [92.309342, 26.616881], [92.307018, 26.615813], [92.305425, 26.614269], [92.305225, 26.611894], [92.306952, 26.610173], [92.309143, 26.607798], [92.311999, 26.606076], [92.314522, 26.605364], [92.317776, 26.605364], [92.31917, 26.606729], [92.319037, 26.608867], [92.318406, 26.610737], [92.318639, 26.612191], [92.320066, 26.612696], [92.321727, 26.611331], [92.323951, 26.611004], [92.325678, 26.61142], [92.326541, 26.612696], [92.326375, 26.614269], [92.32591, 26.616466], [92.325412, 26.618544], [92.325877, 26.62074], [92.327836, 26.622491], [92.329629, 26.623382], [92.331554, 26.62258], [92.332584, 26.621482], [92.333214, 26.619761], [92.333347, 26.616822], [92.33265, 26.615219], [92.331289, 26.611063], [92.330525, 26.609104], [92.330525, 26.607828], [92.331222, 26.606433], [92.335339, 26.6029], [92.339921, 26.601534], [92.341648, 26.600287], [92.34198, 26.598684], [92.341083, 26.596992], [92.339656, 26.596339], [92.336701, 26.596814], [92.333513, 26.5972], [92.329761, 26.597289], [92.325943, 26.597022], [92.324549, 26.596131], [92.324051, 26.594795], [92.323486, 26.592242], [92.325678, 26.588055], [92.330558, 26.585829], [92.333845, 26.584314], [92.338195, 26.582474], [92.342577, 26.581345], [92.344868, 26.581553], [92.347225, 26.583186], [92.349317, 26.584611], [92.35184, 26.585888], [92.355858, 26.588234], [92.358739, 26.588557], [92.361004, 26.586948], [92.361099, 26.584685], [92.361056, 26.583842], [92.361436, 26.583246], [92.359399, 26.58109], [92.354291, 26.577555], [92.352847, 26.574523], [92.352465, 26.57184], [92.352626, 26.570203], [92.357672, 26.569173], [92.364549, 26.568194], [92.367204, 26.567797], [92.367226, 26.56569], [92.36474, 26.563528], [92.36241, 26.561491], [92.361506, 26.559189], [92.362323, 26.558785], [92.36507, 26.560449], [92.366182, 26.560831], [92.368304, 26.560161], [92.368591, 26.558179], [92.367391, 26.55604], [92.367348, 26.554827], [92.368409, 26.553202], [92.368435, 26.551126], [92.369086, 26.550216], [92.376598, 26.545363], [92.377314, 26.538339], [92.376854, 26.537544], [92.374465, 26.536187], [92.37051, 26.534234], [92.366833, 26.533194], [92.361179, 26.533034], [92.356983, 26.533419], [92.353378, 26.53167], [92.344085, 26.524022], [92.3317, 26.51635], [92.338034, 26.512354], [92.342228, 26.509816], [92.344012, 26.504594], [92.339529, 26.499938], [92.332053, 26.497137], [92.315021, 26.488853], [92.30573, 26.480144], [92.298776, 26.47146], [92.296143, 26.468407], [92.291073, 26.462526], [92.285144, 26.457392], [92.284436, 26.45678]]], "type": "Polygon"}, "id": "darrang-dalgaon-pt", "properties": {"district": "Darrang", "grade": "zonal", "locality_id": "darrang-dalgaon-pt", "osm_id": "relation/10047541", "revenue_circle": "Dalgaon (Pt)"}, "type": "Feature"}, {"geometry": {"coordinates": [[[91.819694, 26.209846], [91.793419, 26.205732], [91.787839, 26.201773], [91.777636, 26.199187], [91.776685, 26.198946], [91.774194, 26.199257], [91.758845, 26.201176], [91.750066, 26.208623], [91.747248, 26.211434], [91.746802, 26.222138], [91.764593, 26.232454], [91.763735, 26.239999], [91.770441, 26.242209], [91.781263, 26.243175], [91.786308, 26.263478], [91.790511, 26.269416], [91.786523, 26.27737], [91.785793, 26.289991], [91.784748, 26.300922], [91.783821, 26.305989], [91.794526, 26.319369], [91.808352, 26.317585], [91.821286, 26.333195], [91.817722, 26.340884], [91.820254, 26.346537], [91.817164, 26.348239], [91.81592, 26.349691], [91.815523, 26.35069], [91.816091, 26.351267], [91.818881, 26.351854], [91.820608, 26.352556], [91.821928, 26.354036], [91.821842, 26.37157], [91.817718, 26.380026], [91.806568, 26.382256], [91.802788, 26.38372], [91.802959, 26.389871], [91.798067, 26.392792], [91.797295, 26.400711], [91.794532, 26.40243], [91.798322, 26.402181], [91.799939, 26.40197], [91.803156, 26.400094], [91.805833, 26.398007], [91.808198, 26.396512], [91.80945, 26.3962], [91.811814, 26.396668], [91.816126, 26.397166], [91.82781, 26.397384], [91.829271, 26.39863], [91.831565, 26.402835], [91.833687, 26.404049], [91.836295, 26.404672], [91.838798, 26.405171], [91.84078, 26.406385], [91.841858, 26.409219], [91.843145, 26.41305], [91.844814, 26.415323], [91.848187, 26.414919], [91.852151, 26.413642], [91.854411, 26.413362], [91.855142, 26.414856], [91.854098, 26.416164], [91.853368, 26.418251], [91.85382, 26.419528], [91.856046, 26.419185], [91.857054, 26.419279], [91.859001, 26.420026], [91.859001, 26.421863], [91.859349, 26.423078], [91.86234, 26.423327], [91.862374, 26.420524], [91.862896, 26.417597], [91.863626, 26.414732], [91.864252, 26.411182], [91.866234, 26.408254], [91.869225, 26.408814], [91.872841, 26.4095], [91.874753, 26.41305], [91.877118, 26.417472], [91.878335, 26.419528], [91.879691, 26.420337], [91.890506, 26.420244], [91.892349, 26.418624], [91.896069, 26.416351], [91.898712, 26.415355], [91.901111, 26.415012], [91.903685, 26.415386], [91.905875, 26.417005], [91.907579, 26.419029], [91.909735, 26.421676], [91.914082, 26.422829], [91.916446, 26.427157], [91.918602, 26.431081], [91.923888, 26.433198], [91.929312, 26.432996], [91.932112, 26.433758], [91.935224, 26.43516], [91.938197, 26.436732], [91.951602, 26.436919], [91.95188, 26.434163], [91.950941, 26.432591], [91.949759, 26.430878], [91.948872, 26.429025], [91.946995, 26.426036], [91.94583, 26.424837], [91.942665, 26.417939], [91.938945, 26.413206], [91.937693, 26.41087], [91.937275, 26.40788], [91.936128, 26.40542], [91.935606, 26.403395], [91.936163, 26.40025], [91.938423, 26.39782], [91.939431, 26.395795], [91.939883, 26.392058], [91.939883, 26.386918], [91.940474, 26.384956], [91.940057, 26.383211], [91.940092, 26.38047], [91.940961, 26.377323], [91.941413, 26.374925], [91.944543, 26.3729], [91.947081, 26.369473], [91.949029, 26.366108], [91.947777, 26.364083], [91.942769, 26.360469], [91.939501, 26.358381], [91.938319, 26.358568], [91.936789, 26.359908], [91.934528, 26.361061], [91.933416, 26.362868], [91.930738, 26.362681], [91.929903, 26.361279], [91.929869, 26.35969], [91.927191, 26.359347], [91.926148, 26.360375], [91.925418, 26.362494], [91.921523, 26.363429], [91.920689, 26.361839], [91.921488, 26.358848], [91.921002, 26.353178], [91.92048, 26.348441], [91.919646, 26.342115], [91.918741, 26.336662], [91.914603, 26.333016], [91.912413, 26.326783], [91.909979, 26.324009], [91.911856, 26.321141], [91.913108, 26.319739], [91.913838, 26.317806], [91.913595, 26.314502], [91.913039, 26.311136], [91.913213, 26.308456], [91.913908, 26.306242], [91.918846, 26.298293], [91.921384, 26.289377], [91.925557, 26.280741], [91.930529, 26.27067], [91.934076, 26.262936], [91.939675, 26.25486], [91.944593, 26.249214], [91.939049, 26.245441], [91.932343, 26.242655], [91.929625, 26.243196], [91.926113, 26.247562], [91.923869, 26.247115], [91.913624, 26.241944], [91.912934, 26.237363], [91.909666, 26.230875], [91.902014, 26.226598], [91.888454, 26.222609], [91.887098, 26.218148], [91.875254, 26.216786], [91.870303, 26.220987], [91.859975, 26.217524], [91.841803, 26.215448], [91.819694, 26.209846]]], "type": "Polygon"}, "id": "darrang-sipajhar", "properties": {"district": "Darrang", "grade": "zonal", "locality_id": "darrang-sipajhar", "osm_id": "relation/10047543", "revenue_circle": "Sipajhar"}, "type": "Feature"}, {"geometry": {"coordinates": [[[89.753408, 26.140529], [89.759916, 26.139421], [89.762982, 26.136413], [89.764781, 26.132169], [89.765532, 26.128509], [89.763642, 26.124827], [89.759889, 26.119858], [89.756841, 26.115801], [89.754159, 26.114271], [89.756422, 26.108995], [89.756902, 26.108708], [89.757226, 26.108376], [89.757585, 26.108008], [89.758339, 26.1079], [89.758813, 26.108195], [89.760323, 26.109225], [89.762811, 26.109816], [89.765125, 26.109603], [89.767399, 26.108329], [89.768409, 26.105708], [89.769024, 26.104779], [89.770349, 26.104844], [89.771602, 26.105425], [89.773185, 26.105881], [89.774955, 26.105688], [89.776307, 26.105902], [89.776481, 26.106139], [89.77661, 26.10622], [89.776963, 26.107106], [89.777213, 26.107718], [89.777669, 26.107748], [89.778177, 26.108082], [89.778474, 26.108227], [89.778828, 26.108221], [89.779633, 26.108129], [89.779939, 26.107708], [89.780018, 26.107118], [89.780218, 26.106582], [89.78063, 26.106105], [89.781256, 26.105815], [89.781976, 26.105835], [89.782878, 26.106206], [89.783582, 26.105818], [89.783816, 26.105631], [89.784313, 26.105233], [89.784637, 26.10466], [89.784944, 26.103437], [89.785532, 26.10239], [89.78567, 26.101405], [89.786303, 26.100918], [89.788256, 26.10061], [89.788942, 26.103038], [89.79598, 26.102691], [89.7998, 26.102653], [89.80216, 26.100687], [89.80289, 26.099068], [89.807482, 26.097334], [89.813018, 26.093981], [89.816966, 26.090512], [89.818511, 26.091322], [89.818253, 26.0956], [89.818983, 26.103539], [89.822159, 26.10905], [89.825935, 26.114445], [89.826579, 26.118799], [89.824991, 26.123153], [89.823875, 26.131013], [89.822459, 26.134327], [89.821386, 26.137486], [89.819283, 26.138449], [89.818082, 26.137717], [89.815679, 26.136407], [89.814348, 26.136908], [89.813962, 26.138334], [89.815207, 26.139836], [89.81864, 26.142032], [89.815893, 26.148273], [89.815636, 26.154205], [89.815464, 26.159521], [89.817524, 26.161755], [89.816408, 26.167302], [89.813318, 26.172001], [89.809713, 26.177932], [89.806623, 26.185326], [89.805937, 26.188022], [89.807653, 26.190487], [89.813404, 26.191488], [89.818468, 26.194261], [89.818983, 26.198111], [89.8207, 26.206505], [89.820099, 26.210202], [89.822588, 26.212666], [89.828167, 26.215746], [89.835205, 26.22052], [89.840526, 26.225525], [89.845676, 26.231607], [89.843359, 26.237074], [89.840956, 26.245311], [89.842071, 26.251393], [89.844046, 26.257782], [89.847221, 26.266018], [89.850998, 26.276716], [89.851169, 26.291876], [89.848198, 26.296551], [89.84779, 26.299215], [89.847243, 26.299956], [89.84499, 26.300071], [89.841814, 26.302341], [89.837394, 26.306188], [89.833961, 26.308381], [89.832115, 26.308804], [89.827824, 26.30965], [89.821172, 26.30965], [89.817953, 26.310804], [89.816751, 26.309304], [89.816623, 26.305611], [89.816751, 26.303033], [89.812331, 26.301956], [89.802418, 26.301648], [89.795079, 26.301687], [89.79392, 26.297686], [89.790959, 26.296993], [89.785423, 26.295493], [89.781175, 26.296878], [89.780145, 26.297878], [89.778428, 26.300379], [89.779201, 26.303149], [89.780617, 26.305496], [89.779286, 26.307535], [89.77654, 26.308496], [89.772291, 26.308958], [89.768085, 26.307842], [89.762936, 26.308381], [89.758859, 26.311459], [89.757657, 26.314036], [89.759492, 26.317487], [89.757528, 26.318171], [89.754138, 26.324345], [89.750984, 26.324383], [89.74946, 26.32196], [89.749404, 26.319368], [89.752078, 26.30638], [89.753709, 26.301648], [89.75697, 26.298609], [89.759116, 26.292915], [89.757553, 26.290441], [89.75461, 26.289298], [89.750512, 26.289991], [89.747937, 26.291741], [89.745662, 26.293896], [89.744632, 26.294127], [89.744418, 26.297282], [89.742122, 26.296801], [89.741414, 26.294762], [89.73959, 26.293992], [89.730449, 26.293915], [89.72563, 26.294819], [89.722102, 26.297513], [89.721243, 26.299359], [89.721973, 26.303418], [89.724583, 26.306061], [89.724076, 26.309958], [89.718239, 26.308785], [89.71781, 26.304341], [89.716932, 26.298031], [89.718356, 26.293747], [89.725878, 26.285874], [89.730899, 26.282199], [89.735899, 26.275388], [89.737886, 26.270103], [89.732981, 26.268365], [89.733667, 26.2624], [89.732555, 26.259187], [89.728281, 26.259032], [89.71745, 26.259157], [89.712811, 26.261611], [89.71163, 26.264324], [89.712853, 26.267133], [89.713461, 26.271812], [89.704657, 26.271925], [89.703627, 26.269231], [89.704701, 26.265135], [89.704572, 26.264316], [89.704542, 26.263892], [89.704379, 26.263588], [89.704335, 26.263505], [89.704129, 26.263121], [89.704052, 26.262978], [89.704022, 26.262876], [89.703938, 26.262804], [89.70363, 26.262458], [89.703178, 26.26195], [89.703056, 26.261812], [89.702758, 26.261478], [89.702548, 26.261218], [89.70247, 26.261122], [89.702423, 26.261063], [89.702437, 26.26085], [89.702443, 26.260764], [89.702485, 26.260133], [89.702532, 26.259438], [89.702574, 26.258652], [89.702602, 26.258112], [89.702616, 26.257863], [89.702674, 26.257813], [89.70355, 26.25705], [89.703871, 26.25677], [89.705828, 26.256205], [89.70766, 26.256159], [89.709712, 26.256623], [89.710657, 26.2569], [89.71191, 26.257267], [89.712961, 26.257654], [89.714433, 26.258254], [89.71554, 26.258348], [89.717075, 26.257367], [89.717375, 26.257155], [89.718376, 26.256432], [89.718427, 26.255998], [89.718436, 26.255927], [89.718446, 26.255846], [89.718453, 26.255694], [89.718453, 26.255691], [89.718457, 26.255615], [89.718458, 26.255589], [89.718459, 26.25556], [89.71848, 26.255128], [89.718479, 26.254244], [89.718449, 26.254069], [89.718432, 26.253969], [89.718298, 26.253193], [89.71829, 26.253148], [89.718193, 26.252588], [89.718164, 26.252521], [89.718104, 26.252385], [89.71745, 26.250897], [89.71737, 26.250715], [89.717194, 26.250501], [89.71718, 26.250485], [89.716929, 26.249886], [89.716779, 26.249019], [89.716663, 26.248234], [89.71661, 26.248028], [89.716482, 26.247535], [89.716497, 26.247146], [89.716559, 26.247005], [89.716587, 26.24694], [89.716593, 26.246928], [89.716624, 26.246858], [89.716662, 26.246772], [89.716753, 26.246726], [89.716796, 26.246705], [89.716894, 26.246656], [89.717228, 26.246489], [89.717287, 26.24646], [89.717303, 26.246389], [89.71732, 26.246318], [89.717335, 26.246254], [89.717352, 26.24618], [89.717552, 26.245584], [89.717882, 26.245151], [89.71791, 26.24516], [89.71796, 26.245176], [89.718377, 26.245313], [89.719203, 26.245655], [89.719663, 26.245461], [89.719958, 26.245317], [89.720024, 26.245285], [89.720984, 26.245031], [89.721445, 26.244864], [89.72217, 26.244615], [89.7225, 26.244539], [89.723191, 26.24424], [89.724311, 26.243838], [89.724807, 26.243612], [89.726292, 26.242866], [89.728433, 26.24175], [89.729624, 26.241153], [89.730349, 26.240738], [89.731039, 26.240304], [89.731676, 26.239962], [89.731707, 26.239945], [89.73183, 26.239879], [89.731929, 26.239649], [89.731958, 26.239482], [89.732029, 26.239073], [89.732094, 26.238696], [89.732119, 26.238351], [89.732158, 26.23783], [89.732146, 26.237783], [89.731957, 26.237081], [89.731566, 26.236729], [89.730735, 26.23622], [89.73041, 26.2359], [89.729648, 26.23521], [89.729353, 26.234826], [89.728757, 26.234375], [89.728397, 26.234055], [89.728175, 26.233925], [89.727631, 26.233604], [89.72717, 26.233238], [89.727075, 26.233163], [89.726549, 26.232982], [89.72615, 26.232816], [89.725988, 26.232748], [89.724992, 26.232623], [89.724172, 26.232569], [89.722651, 26.232714], [89.72183, 26.232719], [89.720969, 26.232567], [89.720643, 26.232093], [89.720538, 26.2317], [89.719782, 26.231678], [89.718597, 26.231769], [89.718296, 26.231765], [89.717113, 26.231571], [89.71701, 26.231554], [89.716585, 26.231382], [89.715819, 26.231171], [89.714933, 26.230639], [89.714533, 26.23045], [89.714102, 26.230247], [89.713955, 26.230085], [89.713811, 26.229926], [89.713641, 26.229353], [89.713642, 26.229258], [89.713645, 26.228794], [89.71364, 26.227837], [89.713609, 26.227336], [89.713596, 26.226746], [89.713594, 26.226659], [89.713609, 26.226294], [89.713611, 26.226183], [89.713628, 26.225319], [89.713542, 26.224953], [89.713507, 26.224389], [89.713561, 26.223505], [89.713605, 26.223335], [89.713607, 26.223114], [89.713608, 26.222979], [89.713707, 26.222406], [89.71364, 26.222123], [89.712964, 26.220644], [89.712583, 26.220012], [89.712214, 26.219483], [89.712007, 26.219187], [89.711491, 26.218826], [89.71052, 26.218208], [89.71004, 26.217843], [89.709069, 26.217284], [89.708028, 26.217041], [89.706907, 26.217041], [89.706102, 26.217195], [89.705326, 26.21716], [89.704465, 26.217192], [89.704136, 26.217399], [89.704041, 26.217846], [89.703926, 26.218654], [89.703741, 26.218889], [89.703606, 26.218987], [89.703201, 26.219282], [89.702751, 26.219395], [89.702176, 26.219639], [89.70183, 26.219752], [89.701185, 26.219937], [89.700739, 26.219247], [89.700394, 26.218448], [89.700407, 26.218379], [89.700419, 26.218321], [89.700474, 26.218048], [89.700508, 26.217875], [89.700588, 26.217661], [89.70062, 26.217573], [89.700773, 26.217162], [89.700797, 26.217012], [89.700817, 26.216893], [89.700875, 26.216535], [89.700914, 26.216299], [89.700918, 26.216277], [89.701233, 26.216034], [89.701834, 26.215462], [89.701879, 26.21542], [89.702108, 26.215203], [89.702427, 26.214948], [89.702748, 26.214692], [89.703823, 26.213803], [89.704233, 26.21359], [89.704993, 26.213143], [89.705833, 26.212732], [89.706379, 26.212547], [89.707499, 26.21228], [89.708885, 26.21204], [89.709981, 26.212134], [89.710771, 26.212309], [89.710795, 26.212306], [89.711257, 26.212246], [89.711687, 26.212277], [89.712873, 26.212457], [89.713403, 26.212691], [89.714524, 26.213377], [89.715355, 26.213945], [89.717427, 26.214237], [89.718843, 26.214597], [89.719144, 26.214714], [89.720525, 26.215521], [89.721435, 26.216065], [89.721912, 26.216351], [89.722377, 26.216558], [89.723358, 26.217067], [89.723964, 26.21727], [89.724885, 26.217865], [89.725701, 26.218185], [89.726966, 26.217746], [89.728087, 26.217299], [89.729132, 26.216811], [89.729867, 26.216819], [89.731238, 26.216434], [89.731713, 26.216163], [89.732633, 26.215061], [89.732811, 26.214539], [89.732875, 26.214352], [89.732893, 26.214299], [89.732987, 26.214023], [89.733067, 26.213483], [89.733216, 26.212475], [89.733219, 26.212359], [89.73323, 26.211992], [89.732974, 26.211465], [89.7329, 26.211311], [89.731892, 26.209678], [89.730916, 26.208392], [89.730159, 26.207826], [89.729814, 26.207567], [89.729088, 26.206941], [89.728738, 26.206729], [89.728643, 26.206704], [89.728177, 26.20658], [89.727207, 26.206495], [89.727206, 26.205963], [89.726826, 26.205927], [89.726186, 26.2059], [89.72501, 26.205928], [89.72402, 26.206168], [89.72336, 26.206466], [89.722724, 26.206588], [89.722355, 26.206471], [89.721878, 26.206318], [89.721383, 26.206319], [89.720378, 26.206622], [89.719162, 26.206622], [89.718677, 26.206438], [89.717541, 26.206177], [89.71706, 26.205965], [89.71637, 26.205785], [89.714618, 26.204834], [89.713582, 26.204451], [89.713267, 26.20427], [89.712276, 26.203616], [89.7118, 26.203159], [89.7116, 26.202967], [89.71198, 26.202899], [89.712264, 26.202867], [89.712445, 26.202847], [89.713561, 26.202722], [89.714702, 26.202636], [89.715442, 26.20245], [89.716877, 26.20198], [89.717287, 26.201767], [89.717812, 26.201348], [89.718592, 26.200431], [89.719187, 26.199447], [89.719231, 26.199176], [89.719315, 26.198973], [89.719359, 26.198867], [89.719611, 26.198259], [89.71964, 26.198194], [89.719855, 26.197718], [89.719985, 26.197221], [89.719986, 26.197217], [89.720105, 26.196761], [89.720309, 26.195863], [89.720369, 26.195601], [89.720248, 26.194771], [89.719837, 26.193516], [89.719687, 26.193106], [89.719111, 26.192294], [89.718795, 26.192005], [89.717599, 26.191219], [89.717429, 26.191108], [89.716013, 26.190066], [89.715002, 26.189417], [89.713931, 26.188578], [89.713075, 26.187717], [89.712214, 26.1876], [89.710898, 26.187361], [89.710188, 26.187217], [89.709212, 26.187155], [89.707927, 26.187363], [89.706282, 26.187752], [89.706097, 26.187725], [89.704781, 26.188082], [89.702851, 26.188914], [89.702441, 26.189126], [89.700611, 26.190314], [89.700196, 26.190553], [89.699161, 26.191326], [89.6986, 26.191177], [89.69875, 26.190839], [89.6988, 26.190726], [89.69881, 26.190703], [89.699125, 26.189927], [89.69957, 26.189335], [89.701019, 26.187638], [89.701349, 26.187042], [89.701434, 26.18682], [89.701599, 26.186207], [89.701943, 26.185466], [89.702453, 26.184541], [89.702798, 26.183828], [89.703112, 26.18328], [89.703141, 26.183229], [89.703277, 26.182993], [89.70329, 26.182623], [89.703341, 26.181205], [89.703351, 26.181089], [89.703415, 26.180333], [89.703435, 26.18009], [89.703505, 26.179269], [89.70352, 26.178733], [89.703525, 26.178692], [89.703522, 26.178649], [89.703539, 26.178051], [89.703587, 26.178034], [89.704394, 26.177752], [89.704778, 26.177305], [89.704794, 26.177286], [89.704997, 26.177049], [89.705084, 26.176949], [89.705494, 26.176655], [89.706109, 26.176379], [89.706584, 26.176027], [89.708548, 26.174654], [89.708793, 26.174239], [89.708988, 26.173643], [89.709237, 26.172808], [89.710142, 26.172424], [89.710887, 26.172211], [89.711218, 26.172599], [89.712438, 26.172567], [89.712878, 26.172571], [89.713654, 26.172656], [89.713804, 26.172954], [89.714199, 26.173342], [89.715285, 26.173788], [89.716906, 26.17441], [89.717136, 26.174559], [89.718057, 26.175303], [89.720003, 26.176402], [89.720964, 26.176966], [89.72172, 26.177385], [89.72235, 26.17771], [89.723136, 26.177714], [89.724391, 26.177591], [89.724716, 26.177681], [89.725081, 26.177889], [89.725577, 26.177978], [89.725972, 26.177861], [89.726237, 26.177649], [89.726597, 26.177648], [89.727492, 26.177828], [89.728935, 26.17785], [89.729173, 26.177854], [89.729633, 26.177917], [89.730889, 26.177975], [89.731614, 26.177825], [89.732469, 26.177824], [89.732929, 26.177526], [89.733753, 26.176334], [89.734382, 26.175323], [89.734642, 26.174727], [89.735006, 26.173716], [89.735626, 26.173417], [89.736551, 26.172789], [89.736155, 26.172614], [89.735992, 26.172592], [89.73599, 26.172592], [89.73523, 26.172493], [89.734805, 26.172583], [89.734045, 26.17285], [89.733255, 26.172914], [89.732329, 26.172973], [89.731375, 26.173389], [89.730615, 26.174017], [89.730125, 26.174284], [89.729465, 26.174257], [89.728904, 26.174108], [89.728144, 26.173513], [89.727913, 26.172859], [89.727482, 26.171961], [89.727692, 26.171637], [89.728271, 26.170742], [89.728831, 26.170029], [89.728851, 26.16936], [89.728865, 26.168927], [89.728864, 26.167944], [89.728269, 26.167646], [89.727608, 26.167349], [89.726653, 26.167322], [89.725828, 26.167323], [89.725008, 26.167472], [89.723922, 26.167568], [89.722697, 26.167533], [89.721842, 26.167475], [89.721512, 26.167326], [89.720686, 26.166997], [89.720161, 26.166763], [89.71933, 26.166406], [89.719146, 26.16544], [89.719136, 26.165129], [89.719475, 26.163556], [89.720078, 26.161672], [89.720275, 26.160269], [89.720445, 26.159547], [89.72052, 26.158869], [89.721832, 26.156435], [89.727303, 26.156745], [89.734167, 26.158611], [89.739826, 26.160003], [89.743823, 26.159663], [89.746634, 26.158678], [89.74838, 26.156066], [89.751243, 26.152604], [89.752888, 26.14998], [89.752755, 26.145066], [89.753408, 26.140529]]], "type": "Polygon"}, "id": "dhubri-agamoni", "properties": {"district": "Dhubri", "grade": "zonal", "locality_id": "dhubri-agamoni", "osm_id": "relation/10041503", "revenue_circle": "Agamoni"}, "type": "Feature"}, {"geometry": {"coordinates": [[[90.150139, 26.210741], [90.148745, 26.208046], [90.143874, 26.205389], [90.139689, 26.202809], [90.136235, 26.201654], [90.13278, 26.200826], [90.130055, 26.199401], [90.126793, 26.197515], [90.12497, 26.196648], [90.123124, 26.196648], [90.122073, 26.197341], [90.121472, 26.19815], [90.121021, 26.19917], [90.120142, 26.199401], [90.118682, 26.199189], [90.116472, 26.198727], [90.114756, 26.198342], [90.111988, 26.197765], [90.1107, 26.197149], [90.110271, 26.19607], [90.110485, 26.194626], [90.110936, 26.19324], [90.111258, 26.192104], [90.110335, 26.191045], [90.107953, 26.190063], [90.103126, 26.187156], [90.100057, 26.1855], [90.098748, 26.187002], [90.097804, 26.187772], [90.096731, 26.189601], [90.09671, 26.190891], [90.096345, 26.191526], [90.09495, 26.191257], [90.093791, 26.189851], [90.092847, 26.188696], [90.091324, 26.18729], [90.090187, 26.186385], [90.088813, 26.186347], [90.08729, 26.186501], [90.085981, 26.185846], [90.083706, 26.18367], [90.082741, 26.182958], [90.079587, 26.181591], [90.078449, 26.181167], [90.076025, 26.178452], [90.073342, 26.175737], [90.069008, 26.171635], [90.067613, 26.171616], [90.067227, 26.173098], [90.067162, 26.174427], [90.065703, 26.175352], [90.064545, 26.174523], [90.061755, 26.172598], [90.057292, 26.168438], [90.054266, 26.164972], [90.053236, 26.161717], [90.052541, 26.159934], [90.051734, 26.157865], [90.051327, 26.156112], [90.053708, 26.154764], [90.056455, 26.157306], [90.057507, 26.157576], [90.057609, 26.155539], [90.056863, 26.153358], [90.05609, 26.151528], [90.056455, 26.148928], [90.057442, 26.146809], [90.059481, 26.142648], [90.061219, 26.142571], [90.064266, 26.143284], [90.067012, 26.1439], [90.070467, 26.144536], [90.071797, 26.144363], [90.076711, 26.144748], [90.07817, 26.143323], [90.078149, 26.141242], [90.077226, 26.139663], [90.07596, 26.138391], [90.072248, 26.137293], [90.067656, 26.134905], [90.063472, 26.133229], [90.061562, 26.131476], [90.061004, 26.13005], [90.060167, 26.128682], [90.056777, 26.127276], [90.052271, 26.124713], [90.051134, 26.123288], [90.050104, 26.121612], [90.047894, 26.119955], [90.043581, 26.117739], [90.039547, 26.11483], [90.036414, 26.113635], [90.034096, 26.112961], [90.033109, 26.109955], [90.032144, 26.10745], [90.031672, 26.106198], [90.032251, 26.104483], [90.033603, 26.102575], [90.03607, 26.098394], [90.039976, 26.09373], [90.04004, 26.092189], [90.038967, 26.090743], [90.037937, 26.087795], [90.036285, 26.085945], [90.03489, 26.084615], [90.030813, 26.081647], [90.031114, 26.080125], [90.033581, 26.080144], [90.035899, 26.081262], [90.038581, 26.082514], [90.041263, 26.08344], [90.044138, 26.083574], [90.044954, 26.08317], [90.048001, 26.082688], [90.051112, 26.08238], [90.054159, 26.080761], [90.056927, 26.079681], [90.058622, 26.078294], [90.059159, 26.077234], [90.059524, 26.075769], [90.060339, 26.075827], [90.060918, 26.076231], [90.062613, 26.07679], [90.068901, 26.081281], [90.071518, 26.082418], [90.072892, 26.081782], [90.073214, 26.079335], [90.072806, 26.076366], [90.071819, 26.075229], [90.070231, 26.074882], [90.066326, 26.073784], [90.063236, 26.072011], [90.05991, 26.070507], [90.052357, 26.062045], [90.051928, 26.059867], [90.057485, 26.060195], [90.060446, 26.059674], [90.062163, 26.058826], [90.059652, 26.056417], [90.058472, 26.055202], [90.057785, 26.054046], [90.058923, 26.052099], [90.059717, 26.051077], [90.059202, 26.04778], [90.059223, 26.045255], [90.057485, 26.041341], [90.057785, 26.03764], [90.06109, 26.03361], [90.062335, 26.02933], [90.067248, 26.027459], [90.068836, 26.026418], [90.071872, 26.025887], [90.072184, 26.027054], [90.074716, 26.029638], [90.080166, 26.035345], [90.080981, 26.03789], [90.081453, 26.039548], [90.084844, 26.039895], [90.088792, 26.039664], [90.091367, 26.038739], [90.092783, 26.038816], [90.095229, 26.03924], [90.097632, 26.04005], [90.10098, 26.040744], [90.102739, 26.041669], [90.110507, 26.047337], [90.115142, 26.05046], [90.116515, 26.051964], [90.120335, 26.0542], [90.123682, 26.054547], [90.131021, 26.0542], [90.142307, 26.051848], [90.156641, 26.046913], [90.168228, 26.047298], [90.173163, 26.047722], [90.176811, 26.047877], [90.179, 26.048648], [90.181789, 26.049535], [90.184407, 26.050768], [90.184622, 26.055125], [90.181661, 26.063375], [90.179257, 26.067539], [90.175652, 26.071664], [90.172477, 26.073899], [90.170588, 26.075518], [90.169129, 26.077253], [90.169086, 26.079373], [90.169601, 26.082726], [90.171919, 26.086581], [90.172133, 26.089395], [90.172906, 26.09533], [90.172906, 26.09745], [90.172992, 26.099222], [90.173421, 26.101458], [90.173936, 26.103616], [90.175052, 26.10431], [90.177627, 26.104849], [90.179901, 26.106005], [90.183291, 26.108394], [90.185652, 26.10982], [90.187025, 26.112556], [90.188012, 26.117489], [90.189128, 26.121226], [90.19299, 26.125889], [90.195866, 26.127661], [90.211492, 26.127448], [90.211143, 26.129934], [90.203762, 26.132708], [90.199985, 26.136638], [90.20093, 26.137948], [90.203333, 26.140337], [90.206251, 26.143034], [90.207024, 26.145345], [90.202904, 26.146501], [90.198441, 26.151509], [90.195522, 26.154282], [90.192776, 26.157518], [90.190201, 26.16214], [90.189686, 26.166223], [90.19166, 26.174158], [90.190115, 26.176931], [90.186596, 26.181937], [90.178184, 26.185789], [90.170803, 26.186867], [90.163078, 26.18833], [90.159044, 26.193105], [90.156469, 26.196417], [90.157499, 26.199729], [90.161362, 26.20381], [90.156212, 26.201962], [90.154259, 26.205774], [90.152864, 26.208546], [90.150139, 26.210741]]], "type": "Polygon"}, "id": "dhubri-bagribari-pt", "properties": {"district": "Dhubri", "grade": "zonal", "locality_id": "dhubri-bagribari-pt", "osm_id": "relation/10041506", "revenue_circle": "Bagribari (Pt)"}, "type": "Feature"}, {"geometry": {"coordinates": [[[90.30899, 26.193028], [90.310235, 26.192066], [90.311415, 26.190583], [90.314602, 26.190169], [90.316361, 26.189794], [90.317853, 26.189447], [90.319537, 26.189553], [90.321618, 26.190044], [90.32467, 26.190027], [90.333366, 26.190256], [90.339117, 26.190256], [90.342894, 26.188638], [90.347056, 26.188985], [90.350232, 26.189062], [90.356669, 26.190025], [90.362463, 26.191411], [90.365467, 26.193991], [90.373063, 26.196802], [90.383749, 26.200961], [90.390766, 26.203656], [90.398458, 26.206534], [90.400379, 26.207285], [90.403651, 26.208999], [90.407943, 26.210664], [90.409927, 26.21153], [90.413264, 26.214148], [90.41586, 26.217575], [90.41835, 26.219673], [90.420442, 26.221511], [90.422963, 26.222262], [90.424647, 26.222743], [90.425795, 26.22309], [90.42675, 26.224062], [90.428596, 26.227719], [90.429357, 26.229018], [90.430527, 26.230068], [90.433617, 26.23128], [90.43808, 26.233263], [90.439775, 26.234312], [90.441781, 26.236025], [90.442725, 26.237526], [90.442672, 26.239172], [90.43999, 26.242232], [90.439367, 26.243829], [90.437329, 26.2461], [90.436084, 26.248304], [90.4344, 26.249872], [90.432351, 26.252499], [90.431278, 26.254645], [90.430559, 26.255578], [90.430162, 26.25656], [90.430366, 26.257493], [90.430473, 26.258311], [90.430827, 26.259177], [90.431932, 26.260379], [90.43279, 26.261178], [90.43382, 26.261601], [90.434797, 26.261784], [90.436267, 26.261495], [90.437275, 26.260707], [90.437897, 26.259148], [90.438294, 26.25707], [90.438788, 26.255472], [90.439571, 26.253875], [90.440419, 26.253404], [90.441427, 26.25298], [90.442532, 26.252807], [90.444925, 26.251652], [90.445837, 26.25119], [90.447564, 26.250834], [90.448766, 26.2507], [90.449667, 26.250921], [90.45089, 26.251373], [90.452253, 26.253105], [90.452027, 26.254847], [90.451727, 26.255655], [90.450847, 26.256685], [90.449356, 26.257387], [90.445676, 26.259937], [90.444385, 26.266276], [90.446191, 26.268673], [90.449265, 26.270806], [90.452821, 26.271963], [90.454323, 26.27104], [90.455418, 26.267364], [90.457392, 26.265825], [90.46898, 26.266293], [90.47311, 26.270106], [90.473421, 26.27281], [90.472026, 26.274195], [90.467992, 26.273233], [90.461319, 26.271482], [90.457573, 26.271576], [90.45574, 26.2766], [90.454629, 26.284811], [90.457327, 26.283719], [90.457383, 26.27789], [90.460997, 26.276235], [90.468572, 26.276697], [90.47061, 26.279756], [90.468721, 26.28191], [90.462735, 26.288148], [90.464602, 26.290298], [90.468078, 26.287836], [90.471468, 26.288721], [90.476446, 26.288605], [90.479684, 26.292608], [90.483184, 26.295377], [90.48121, 26.298648], [90.479193, 26.302533], [90.480437, 26.306688], [90.477862, 26.310766], [90.473142, 26.315305], [90.466303, 26.326505], [90.472607, 26.329526], [90.473442, 26.333922], [90.470138, 26.334269], [90.465932, 26.329691], [90.462885, 26.32823], [90.460951, 26.330519], [90.453815, 26.338993], [90.456748, 26.345114], [90.453658, 26.349883], [90.456662, 26.352729], [90.458251, 26.356426], [90.455246, 26.357882], [90.451967, 26.35796], [90.451212, 26.352536], [90.447135, 26.346076], [90.444003, 26.346129], [90.442801, 26.347883], [90.443273, 26.350229], [90.445504, 26.355305], [90.441513, 26.353613], [90.44117, 26.354959], [90.443139, 26.360648], [90.438852, 26.360227], [90.434637, 26.358618], [90.43838, 26.353075], [90.438766, 26.344922], [90.436867, 26.344345], [90.434191, 26.343007], [90.430913, 26.347306], [90.430183, 26.35569], [90.424992, 26.363295], [90.423553, 26.364034], [90.418682, 26.362823], [90.401945, 26.363784], [90.399596, 26.363246], [90.397632, 26.36239], [90.395572, 26.360689], [90.394671, 26.358785], [90.393791, 26.356016], [90.394006, 26.354228], [90.394628, 26.351498], [90.395808, 26.349518], [90.399091, 26.343326], [90.400679, 26.339191], [90.402782, 26.335961], [90.403855, 26.334095], [90.404177, 26.332903], [90.404069, 26.328499], [90.404563, 26.323114], [90.40437, 26.316959], [90.401258, 26.315363], [90.397096, 26.313805], [90.39053, 26.312478], [90.385788, 26.311978], [90.383835, 26.311689], [90.381217, 26.310478], [90.379372, 26.309035], [90.37972, 26.305837], [90.379699, 26.304202], [90.379162, 26.302432], [90.377896, 26.301086], [90.376223, 26.298316], [90.374828, 26.292621], [90.374721, 26.289774], [90.375794, 26.286619], [90.378283, 26.282175], [90.380922, 26.278923], [90.382317, 26.275922], [90.382124, 26.27317], [90.381308, 26.270381], [90.380214, 26.269034], [90.378025, 26.267918], [90.375021, 26.267013], [90.369528, 26.266417], [90.366567, 26.265378], [90.362125, 26.264954], [90.359765, 26.262664], [90.358499, 26.260567], [90.356803, 26.258739], [90.355323, 26.258893], [90.354765, 26.260451], [90.355323, 26.261933], [90.355902, 26.264396], [90.355666, 26.265743], [90.354207, 26.268514], [90.355023, 26.270323], [90.35631, 26.268591], [90.356954, 26.265474], [90.358928, 26.266244], [90.359872, 26.268976], [90.361503, 26.270708], [90.36249, 26.272978], [90.362018, 26.274556], [90.360344, 26.27521], [90.358799, 26.27698], [90.357254, 26.278596], [90.355881, 26.283522], [90.354078, 26.285138], [90.351718, 26.28633], [90.350001, 26.283752], [90.348499, 26.281213], [90.346053, 26.276711], [90.345281, 26.273094], [90.343607, 26.271169], [90.342148, 26.271169], [90.340303, 26.272324], [90.339101, 26.272285], [90.334337, 26.271631], [90.330046, 26.270631], [90.3282, 26.270554], [90.326698, 26.270554], [90.326098, 26.271977], [90.326355, 26.273594], [90.326655, 26.276749], [90.325668, 26.277865], [90.323351, 26.279058], [90.320047, 26.279135], [90.318802, 26.276942], [90.319145, 26.274171], [90.318802, 26.270669], [90.317257, 26.267591], [90.313867, 26.264704], [90.309918, 26.261895], [90.309404, 26.261895], [90.307129, 26.262511], [90.305756, 26.261433], [90.303782, 26.259509], [90.302709, 26.258162], [90.303309, 26.256622], [90.303052, 26.254159], [90.303052, 26.252273], [90.304211, 26.24981], [90.305412, 26.248231], [90.306056, 26.246846], [90.306056, 26.245961], [90.301164, 26.243805], [90.296915, 26.241842], [90.292967, 26.239917], [90.289019, 26.237954], [90.285628, 26.238532], [90.285071, 26.240264], [90.2855, 26.242458], [90.285714, 26.244767], [90.285972, 26.247038], [90.286658, 26.249386], [90.287173, 26.251003], [90.287087, 26.252658], [90.28374, 26.252735], [90.273054, 26.252773], [90.268822, 26.249314], [90.263758, 26.245927], [90.261183, 26.242232], [90.259402, 26.236997], [90.260861, 26.234668], [90.262663, 26.233359], [90.267899, 26.231203], [90.27071, 26.230164], [90.274465, 26.228951], [90.276461, 26.227527], [90.275817, 26.226199], [90.27395, 26.225467], [90.27189, 26.22564], [90.270581, 26.226641], [90.269444, 26.226353], [90.269294, 26.224177], [90.271354, 26.22233], [90.271697, 26.219057], [90.272791, 26.217421], [90.275967, 26.215496], [90.27777, 26.213763], [90.279658, 26.213552], [90.281761, 26.212127], [90.282898, 26.209528], [90.284121, 26.207641], [90.286353, 26.205697], [90.287941, 26.203906], [90.292554, 26.202289], [90.297811, 26.199305], [90.29942, 26.19865], [90.301974, 26.197399], [90.304892, 26.196205], [90.307821, 26.194944], [90.30899, 26.193028]]], "type": "Polygon"}, "id": "dhubri-chapar-pt", "properties": {"district": "Dhubri", "grade": "zonal", "locality_id": "dhubri-chapar-pt", "osm_id": "relation/10041508", "revenue_circle": "Chapar (Pt)"}, "type": "Feature"}, {"geometry": {"coordinates": [[[90.019002, 25.607006], [90.018668, 25.608573], [90.016351, 25.608791], [90.014462, 25.609797], [90.013647, 25.6115], [90.012531, 25.612622], [90.011458, 25.613706], [90.009828, 25.61506], [90.009055, 25.616531], [90.008798, 25.618582], [90.007296, 25.620013], [90.005236, 25.620903], [90.003905, 25.6216], [90.004935, 25.622606], [90.005622, 25.623419], [90.005321, 25.625237], [90.003304, 25.626166], [90.000815, 25.625856], [89.998927, 25.624657], [89.996738, 25.623303], [89.990516, 25.624928], [89.986911, 25.625856], [89.984722, 25.626398], [89.982276, 25.628062], [89.981418, 25.631041], [89.980345, 25.633943], [89.978671, 25.637967], [89.972577, 25.641604], [89.968543, 25.644621], [89.964895, 25.646169], [89.963179, 25.648645], [89.957342, 25.651314], [89.952879, 25.65437], [89.950175, 25.655647], [89.948373, 25.658239], [89.947557, 25.661101], [89.94597, 25.664273], [89.945154, 25.667832], [89.945583, 25.671777], [89.944038, 25.672087], [89.942493, 25.673479], [89.94288, 25.675452], [89.94215, 25.682182], [89.939446, 25.685662], [89.937258, 25.687905], [89.93464, 25.690226], [89.932365, 25.691309], [89.927816, 25.692701], [89.924254, 25.693977], [89.92198, 25.695795], [89.918675, 25.702639], [89.912925, 25.709445], [89.905071, 25.719962], [89.898634, 25.725723], [89.894385, 25.730633], [89.893355, 25.738364], [89.892712, 25.741921], [89.893098, 25.744163], [89.8946, 25.745709], [89.896789, 25.746444], [89.900351, 25.746714], [89.903526, 25.746444], [89.906359, 25.745477], [89.911251, 25.74339], [89.917731, 25.740645], [89.92301, 25.73821], [89.925113, 25.738674], [89.931121, 25.742307], [89.934811, 25.744859], [89.9367, 25.746366], [89.936914, 25.749111], [89.935584, 25.751159], [89.933953, 25.754097], [89.934597, 25.755527], [89.938073, 25.755914], [89.93979, 25.755952], [89.942794, 25.756687], [89.941485, 25.758194], [89.939296, 25.759122], [89.936142, 25.760726], [89.932237, 25.762832], [89.927022, 25.76604], [89.920371, 25.771895], [89.916937, 25.775663], [89.913676, 25.776958], [89.910393, 25.77947], [89.906466, 25.78032], [89.904342, 25.780745], [89.902368, 25.781305], [89.900908, 25.783179], [89.898462, 25.785981], [89.897518, 25.787894], [89.896531, 25.789845], [89.894965, 25.790599], [89.892154, 25.788396], [89.888506, 25.786251], [89.886703, 25.783624], [89.883506, 25.783334], [89.877756, 25.783314], [89.872799, 25.784377], [89.868207, 25.78658], [89.865975, 25.787894], [89.864388, 25.788976], [89.86192, 25.789304], [89.861019, 25.788724], [89.859753, 25.788319], [89.857113, 25.788628], [89.85441, 25.790174], [89.851942, 25.790946], [89.847479, 25.791719], [89.843144, 25.791796], [89.83704, 25.790444], [89.835709, 25.789835], [89.833996, 25.788306], [89.83401, 25.783431], [89.837435, 25.776978], [89.839619, 25.771501], [89.84036, 25.766223], [89.841511, 25.761116], [89.840217, 25.756202], [89.838322, 25.753082], [89.834994, 25.748281], [89.83148, 25.743882], [89.827252, 25.740282], [89.827365, 25.73791], [89.827157, 25.73488], [89.827504, 25.732526], [89.827788, 25.728956], [89.830945, 25.724792], [89.83161, 25.721806], [89.83368, 25.717842], [89.83525, 25.715721], [89.838303, 25.714732], [89.844357, 25.715202], [89.84893, 25.715103], [89.851036, 25.712783], [89.85186, 25.708532], [89.851525, 25.704671], [89.849779, 25.701565], [89.849324, 25.69914], [89.848589, 25.697261], [89.847414, 25.695099], [89.849587, 25.690629], [89.852906, 25.685466], [89.857665, 25.68083], [89.859461, 25.677717], [89.860504, 25.672203], [89.862755, 25.666946], [89.865359, 25.663759], [89.867604, 25.662566], [89.867901, 25.663647], [89.870797, 25.663086], [89.871493, 25.66108], [89.87295, 25.656824], [89.874362, 25.652746], [89.875378, 25.649317], [89.876107, 25.647027], [89.876994, 25.643708], [89.878117, 25.640285], [89.87837, 25.639376], [89.87985, 25.638158], [89.880974, 25.632628], [89.881548, 25.628224], [89.882277, 25.621571], [89.882043, 25.616686], [89.881574, 25.611498], [89.879987, 25.604863], [89.878589, 25.599311], [89.875739, 25.593458], [89.874111, 25.58887], [89.874156, 25.585746], [89.875953, 25.584292], [89.875834, 25.579087], [89.873936, 25.575021], [89.873089, 25.572331], [89.873546, 25.570634], [89.872928, 25.569079], [89.869709, 25.56593], [89.867778, 25.561607], [89.866893, 25.555393], [89.866653, 25.551733], [89.866383, 25.547223], [89.864902, 25.543754], [89.863057, 25.542645], [89.860139, 25.541628], [89.857489, 25.540665], [89.852264, 25.538763], [89.85361, 25.535457], [89.857237, 25.527107], [89.859103, 25.522073], [89.860718, 25.517803], [89.861029, 25.515327], [89.860166, 25.511559], [89.858202, 25.506202], [89.856298, 25.504131], [89.854633, 25.502518], [89.854667, 25.500887], [89.85569, 25.498524], [89.85456, 25.496006], [89.850826, 25.493118], [89.850654, 25.492631], [89.849753, 25.490079], [89.850917, 25.486464], [89.850268, 25.483087], [89.849683, 25.480921], [89.850183, 25.47545], [89.851298, 25.473847], [89.852506, 25.472949], [89.852871, 25.46652], [89.858551, 25.467706], [89.862499, 25.469081], [89.867091, 25.471852], [89.870417, 25.474041], [89.871383, 25.47528], [89.872906, 25.478457], [89.873378, 25.48084], [89.874, 25.484423], [89.87443, 25.486457], [89.875546, 25.488568], [89.877369, 25.492171], [89.877391, 25.494573], [89.877648, 25.500499], [89.876518, 25.502606], [89.876339, 25.50294], [89.875138, 25.504353], [89.874151, 25.50567], [89.873807, 25.506774], [89.874194, 25.507549], [89.875932, 25.507491], [89.87782, 25.507433], [89.880288, 25.50722], [89.883184, 25.50722], [89.885008, 25.507181], [89.885995, 25.507413], [89.886768, 25.508343], [89.886618, 25.509776], [89.885995, 25.51179], [89.88488, 25.513939], [89.883313, 25.515624], [89.882669, 25.517348], [89.881597, 25.51849], [89.879944, 25.518819], [89.877927, 25.518761], [89.876554, 25.518626], [89.874773, 25.51851], [89.87355, 25.518781], [89.872456, 25.519652], [89.87164, 25.520659], [89.870095, 25.522324], [89.869494, 25.523873], [89.868014, 25.527146], [89.868743, 25.529314], [89.870374, 25.531309], [89.872005, 25.532374], [89.87473, 25.534755], [89.878056, 25.53735], [89.879537, 25.538492], [89.878399, 25.540041], [89.877112, 25.541028], [89.876125, 25.541841], [89.875846, 25.543487], [89.875524, 25.544591], [89.877241, 25.547533], [89.879022, 25.549837], [89.882154, 25.552334], [89.885523, 25.55427], [89.88827, 25.554522], [89.891295, 25.554986], [89.893763, 25.555858], [89.896123, 25.557251], [89.899128, 25.560039], [89.900243, 25.560523], [89.901037, 25.559536], [89.902175, 25.559052], [89.903634, 25.5594], [89.9052, 25.559981], [89.906487, 25.5606], [89.907196, 25.561471], [89.908612, 25.561394], [89.909577, 25.560503], [89.910672, 25.56151], [89.91183, 25.563136], [89.914148, 25.563388], [89.917517, 25.563717], [89.922452, 25.564569], [89.926314, 25.564278], [89.930799, 25.564394], [89.933782, 25.564414], [89.935992, 25.564511], [89.938095, 25.56482], [89.939339, 25.565924], [89.941421, 25.567801], [89.943459, 25.568633], [89.946806, 25.569911], [89.950883, 25.570569], [89.953651, 25.570627], [89.955647, 25.570782], [89.959595, 25.573143], [89.96172, 25.574363], [89.964016, 25.574169], [89.965625, 25.57386], [89.968822, 25.573124], [89.970689, 25.573008], [89.972405, 25.572989], [89.973693, 25.57386], [89.974916, 25.575621], [89.976418, 25.578195], [89.977748, 25.583479], [89.979916, 25.587872], [89.982061, 25.589614], [89.984229, 25.591201], [89.987147, 25.59151], [89.989829, 25.590968], [89.990881, 25.590059], [89.993155, 25.588569], [89.994657, 25.586904], [89.997275, 25.585975], [89.999807, 25.585492], [90.002468, 25.585666], [90.00354, 25.586343], [90.004742, 25.587737], [90.008712, 25.592323], [90.011201, 25.59629], [90.011866, 25.599619], [90.012059, 25.601844], [90.013132, 25.602425], [90.01472, 25.602057], [90.0159, 25.601883], [90.017102, 25.601902], [90.017831, 25.602212], [90.018046, 25.60316], [90.017746, 25.603953], [90.017016, 25.604998], [90.01766, 25.605308], [90.018604, 25.605405], [90.019355, 25.606063], [90.019002, 25.607006]]], "type": "Polygon"}, "id": "dhubri-mankachar", "properties": {"district": "South Salmara-Mankachar", "grade": "zonal", "locality_id": "dhubri-mankachar", "osm_id": "relation/10041812", "revenue_circle": "Mankachar"}, "type": "Feature"}, {"geometry": {"coordinates": [[[95.003972, 27.382133], [95.002642, 27.383695], [95.000152, 27.388649], [94.99805, 27.391888], [94.994316, 27.395355], [94.991441, 27.401299], [94.990196, 27.404652], [94.987664, 27.412043], [94.983115, 27.421872], [94.981613, 27.424614], [94.979596, 27.429223], [94.982557, 27.432118], [94.985261, 27.434518], [94.987278, 27.43726], [94.988437, 27.443659], [94.989509, 27.454589], [94.98672, 27.456607], [94.982514, 27.457445], [94.979854, 27.458549], [94.97715, 27.459578], [94.974532, 27.460986], [94.969168, 27.462053], [94.964447, 27.458892], [94.960971, 27.455427], [94.958653, 27.453446], [94.956422, 27.452304], [94.955134, 27.452532], [94.952774, 27.455198], [94.951057, 27.457673], [94.948783, 27.459958], [94.944277, 27.460263], [94.940286, 27.460149], [94.935737, 27.459996], [94.931016, 27.459387], [94.925523, 27.458587], [94.920244, 27.457902], [94.917111, 27.457635], [94.916596, 27.452951], [94.917841, 27.446972], [94.920201, 27.441221], [94.921617, 27.437908], [94.924278, 27.43387], [94.914966, 27.429566], [94.91106, 27.4261], [94.907713, 27.426862], [94.906425, 27.430061], [94.905438, 27.434061], [94.904623, 27.436917], [94.902821, 27.44084], [94.898572, 27.448229], [94.889731, 27.456417], [94.884882, 27.459882], [94.875827, 27.4734], [94.874239, 27.474732], [94.872351, 27.476484], [94.864669, 27.481395], [94.860077, 27.481281], [94.858661, 27.482309], [94.856, 27.487106], [94.852653, 27.491713], [94.845743, 27.499783], [94.839778, 27.507053], [94.834242, 27.513981], [94.832225, 27.516911], [94.830541, 27.519993], [94.827084, 27.516076], [94.82275, 27.513115], [94.821066, 27.507424], [94.795197, 27.483785], [94.774234, 27.485123], [94.746582, 27.437399], [94.732755, 27.443643], [94.722943, 27.428925], [94.69306, 27.420896], [94.691722, 27.391905], [94.67484, 27.383464], [94.664962, 27.378525], [94.6663, 27.351317], [94.641769, 27.339721], [94.637755, 27.32188], [94.627847, 27.329807], [94.622145, 27.334369], [94.60698, 27.329177], [94.605525, 27.325434], [94.607928, 27.321583], [94.612091, 27.320268], [94.611716, 27.316364], [94.609923, 27.310526], [94.611361, 27.307779], [94.611168, 27.305778], [94.60825, 27.303833], [94.603915, 27.295825], [94.590826, 27.276412], [94.584174, 27.268592], [94.583381, 27.263044], [94.585204, 27.252531], [94.584346, 27.24326], [94.580698, 27.235934], [94.575548, 27.224563], [94.574089, 27.214488], [94.576501, 27.204627], [94.575548, 27.196854], [94.570527, 27.187464], [94.563734, 27.18027], [94.569798, 27.176698], [94.578187, 27.166256], [94.585891, 27.155469], [94.592869, 27.145902], [94.617684, 27.178262], [94.615413, 27.185198], [94.620911, 27.195042], [94.627623, 27.217206], [94.637834, 27.23619], [94.642511, 27.247158], [94.654905, 27.246862], [94.677964, 27.24292], [94.682374, 27.245457], [94.692666, 27.270955], [94.692934, 27.271619], [94.698654, 27.271516], [94.702711, 27.26944], [94.707491, 27.260472], [94.707877, 27.258978], [94.710454, 27.249015], [94.713549, 27.246898], [94.716836, 27.246078], [94.718773, 27.245459], [94.721343, 27.245888], [94.722212, 27.246799], [94.722173, 27.248209], [94.721103, 27.250773], [94.717434, 27.257854], [94.716859, 27.261324], [94.719022, 27.26455], [94.722051, 27.267466], [94.723816, 27.269346], [94.726449, 27.272151], [94.735767, 27.275467], [94.739869, 27.275083], [94.7432, 27.27429], [94.744368, 27.273801], [94.745979, 27.273288], [94.747549, 27.272811], [94.748811, 27.271785], [94.749656, 27.270759], [94.750046, 27.269816], [94.750126, 27.26879], [94.749831, 27.267776], [94.749254, 27.266929], [94.748609, 27.265986], [94.744945, 27.262705], [94.743133, 27.260927], [94.742757, 27.259603], [94.742395, 27.257873], [94.741724, 27.254782], [94.741039, 27.252479], [94.740985, 27.251142], [94.741052, 27.249734], [94.741281, 27.249257], [94.742233, 27.247312], [94.743361, 27.246286], [94.746341, 27.244949], [94.748703, 27.244424], [94.751616, 27.244794], [94.755066, 27.24551], [94.757442, 27.245868], [94.760757, 27.245939], [94.764475, 27.245963], [94.768167, 27.244472], [94.771428, 27.243016], [94.77214, 27.24224], [94.772556, 27.240343], [94.773146, 27.23897], [94.773858, 27.237991], [94.774529, 27.237001], [94.775187, 27.235652], [94.775053, 27.233778], [94.774328, 27.231821], [94.773428, 27.230508], [94.771871, 27.229303], [94.769012, 27.225877], [94.768073, 27.223598], [94.767495, 27.221187], [94.76771, 27.219921], [94.768113, 27.218751], [94.769214, 27.217629], [94.770274, 27.217224], [94.77112, 27.217152], [94.773216, 27.217505], [94.774675, 27.219182], [94.775448, 27.221357], [94.777122, 27.224486], [94.778237, 27.231699], [94.779053, 27.235247], [94.780426, 27.238872], [94.782443, 27.243108], [94.785705, 27.248907], [94.788752, 27.253104], [94.791326, 27.255126], [94.794459, 27.25669], [94.79815, 27.257186], [94.803557, 27.258101], [94.807463, 27.262679], [94.807806, 27.264587], [94.807849, 27.267257], [94.805188, 27.271071], [94.801841, 27.275496], [94.799781, 27.279272], [94.79918, 27.282247], [94.799738, 27.286557], [94.801326, 27.289036], [94.8036, 27.290982], [94.805875, 27.29163], [94.805617, 27.289723], [94.806905, 27.287244], [94.809608, 27.287663], [94.813213, 27.288884], [94.815874, 27.291172], [94.818792, 27.292698], [94.821882, 27.293994], [94.824929, 27.293041], [94.823256, 27.289113], [94.820981, 27.288464], [94.818406, 27.286557], [94.817977, 27.284078], [94.818535, 27.281294], [94.821839, 27.279768], [94.830551, 27.27809], [94.832911, 27.276564], [94.835787, 27.275801], [94.839992, 27.275687], [94.843469, 27.277823], [94.843597, 27.294223], [94.844026, 27.296702], [94.847288, 27.299906], [94.84952, 27.300745], [94.853511, 27.301328], [94.857244, 27.301469], [94.862137, 27.299715], [94.867973, 27.295139], [94.871449, 27.289723], [94.873123, 27.284955], [94.876299, 27.28118], [94.88574, 27.28137], [94.888058, 27.282514], [94.890075, 27.283201], [94.893465, 27.284116], [94.895782, 27.285871], [94.896941, 27.288846], [94.901662, 27.290447], [94.906425, 27.28957], [94.911532, 27.288655], [94.912992, 27.285947], [94.913721, 27.28446], [94.916382, 27.283811], [94.917068, 27.286367], [94.920287, 27.287816], [94.920802, 27.290714], [94.920073, 27.293155], [94.919429, 27.295787], [94.919171, 27.298495], [94.924707, 27.303681], [94.92578, 27.304863], [94.928055, 27.304405], [94.930716, 27.303795], [94.932218, 27.304825], [94.931402, 27.307494], [94.930544, 27.30963], [94.930758, 27.311422], [94.932561, 27.312184], [94.934277, 27.312909], [94.93638, 27.314663], [94.937539, 27.317027], [94.93741, 27.31901], [94.936295, 27.321564], [94.93299, 27.323356], [94.928355, 27.323738], [94.924364, 27.324805], [94.918656, 27.325987], [94.912734, 27.328808], [94.910202, 27.331248], [94.908786, 27.334031], [94.9084, 27.337005], [94.908443, 27.339673], [94.909215, 27.342533], [94.910932, 27.344744], [94.914064, 27.347564], [94.916811, 27.348746], [94.92166, 27.349165], [94.928312, 27.346421], [94.929857, 27.343981], [94.930544, 27.340207], [94.930973, 27.337234], [94.932046, 27.334031], [94.933333, 27.331515], [94.936509, 27.330448], [94.940286, 27.331668], [94.942646, 27.334527], [94.941916, 27.339673], [94.943633, 27.341389], [94.94638, 27.343219], [94.949984, 27.343753], [94.95316, 27.34421], [94.95522, 27.345392], [94.956336, 27.347412], [94.960928, 27.352177], [94.971013, 27.355074], [94.975219, 27.355684], [94.97818, 27.356827], [94.981227, 27.358542], [94.983888, 27.361706], [94.987106, 27.36788], [94.988651, 27.370395], [94.991183, 27.374016], [94.994273, 27.377141], [94.999595, 27.379732], [95.003972, 27.382133]]], "type": "Polygon"}, "id": "dibrugarh-dibrugarh-west", "properties": {"district": "Dibrugarh", "grade": "zonal", "locality_id": "dibrugarh-dibrugarh-west", "osm_id": "relation/10056841", "revenue_circle": "Dibrugarh West"}, "type": "Feature"}, {"geometry": {"coordinates": [[[95.37298, 27.092867], [95.374761, 27.092867], [95.37578, 27.093765], [95.376617, 27.094815], [95.37785, 27.095694], [95.378784, 27.096248], [95.379685, 27.096649], [95.380458, 27.096926], [95.381176, 27.09727], [95.381702, 27.097585], [95.38197, 27.09791], [95.382657, 27.098684], [95.382507, 27.099247], [95.382217, 27.099658], [95.382003, 27.099906], [95.381788, 27.100365], [95.381874, 27.100766], [95.382217, 27.101329], [95.382464, 27.101921], [95.382518, 27.102313], [95.38256, 27.103583], [95.383301, 27.104347], [95.38388, 27.105197], [95.38446, 27.105675], [95.385232, 27.105933], [95.386605, 27.106114], [95.388161, 27.106429], [95.389245, 27.106955], [95.390468, 27.107537], [95.39153, 27.107948], [95.39345, 27.108626], [95.395725, 27.108683], [95.397034, 27.108435], [95.398622, 27.10897], [95.399909, 27.110039], [95.401754, 27.111166], [95.403128, 27.112981], [95.409458, 27.117851], [95.415165, 27.122817], [95.418599, 27.124574], [95.420229, 27.126159], [95.422182, 27.126006], [95.424221, 27.126178], [95.426345, 27.126445], [95.428813, 27.126579], [95.431366, 27.126426], [95.433469, 27.126369], [95.438705, 27.126426], [95.439155, 27.126063], [95.440035, 27.127744], [95.440507, 27.128737], [95.441623, 27.1291], [95.442867, 27.12889], [95.444047, 27.12889], [95.445389, 27.129252], [95.445485, 27.12973], [95.445142, 27.130102], [95.444294, 27.13035], [95.443962, 27.130656], [95.443779, 27.131248], [95.443339, 27.131764], [95.442846, 27.133444], [95.443243, 27.134475], [95.443736, 27.135039], [95.444369, 27.135382], [95.445614, 27.13543], [95.446955, 27.135125], [95.447835, 27.134743], [95.448704, 27.134218], [95.449047, 27.133635], [95.44924, 27.132976], [95.448983, 27.132279], [95.448639, 27.131535], [95.448403, 27.130733], [95.448672, 27.130169], [95.449315, 27.129864], [95.449991, 27.129673], [95.450485, 27.129434], [95.451804, 27.129443], [95.453028, 27.129902], [95.453864, 27.130169], [95.45469, 27.130771], [95.454948, 27.131095], [95.455356, 27.131621], [95.45557, 27.132174], [95.455613, 27.133034], [95.456268, 27.134342], [95.456986, 27.135965], [95.458038, 27.137092], [95.458853, 27.137836], [95.4591, 27.138466], [95.45939, 27.139364], [95.458993, 27.140385], [95.457898, 27.141121], [95.457104, 27.141483], [95.456493, 27.141846], [95.456182, 27.142285], [95.456053, 27.14282], [95.456321, 27.143211], [95.457684, 27.144099], [95.459003, 27.144796], [95.459572, 27.145188], [95.460205, 27.145904], [95.460441, 27.146543], [95.460688, 27.147021], [95.461889, 27.148214], [95.463273, 27.149837], [95.463445, 27.150658], [95.463209, 27.151107], [95.462233, 27.151269], [95.461525, 27.15145], [95.460924, 27.151928], [95.460752, 27.152873], [95.460119, 27.15399], [95.458499, 27.154773], [95.457437, 27.155937], [95.456643, 27.156682], [95.455828, 27.156959], [95.454969, 27.157073], [95.453618, 27.157016], [95.453178, 27.157484], [95.453886, 27.158476], [95.454937, 27.158772], [95.456085, 27.158715], [95.457126, 27.158725], [95.458242, 27.158858], [95.459475, 27.159164], [95.461428, 27.160481], [95.462308, 27.161865], [95.462995, 27.162648], [95.463746, 27.163154], [95.464336, 27.163736], [95.464636, 27.165034], [95.464325, 27.166084], [95.464379, 27.166896], [95.464561, 27.167468], [95.465054, 27.167755], [95.465848, 27.167965], [95.466396, 27.168156], [95.467061, 27.1689], [95.467329, 27.170886], [95.467393, 27.171563], [95.466578, 27.172527], [95.465602, 27.173482], [95.465065, 27.17393], [95.464625, 27.174732], [95.46411, 27.175305], [95.461718, 27.17645], [95.461096, 27.176775], [95.460548, 27.177882], [95.460763, 27.17875], [95.461246, 27.179313], [95.462179, 27.179466], [95.46322, 27.179304], [95.463885, 27.179208], [95.464572, 27.179247], [95.465194, 27.179533], [95.466449, 27.180382], [95.467383, 27.181833], [95.467511, 27.183102], [95.467007, 27.184524], [95.466642, 27.185345], [95.465988, 27.186118], [95.465269, 27.1865], [95.463145, 27.188113], [95.46263, 27.189525], [95.461686, 27.190575], [95.460849, 27.191109], [95.46057, 27.191758], [95.461342, 27.192426], [95.462372, 27.192865], [95.46293, 27.193476], [95.463359, 27.194278], [95.463574, 27.195098], [95.463295, 27.195709], [95.461965, 27.196167], [95.460548, 27.196301], [95.459905, 27.196415], [95.459239, 27.196472], [95.458617, 27.19674], [95.458553, 27.197656], [95.459454, 27.198553], [95.459304, 27.199431], [95.458445, 27.200461], [95.457845, 27.201396], [95.457244, 27.202561], [95.456064, 27.203553], [95.455892, 27.204278], [95.456686, 27.206167], [95.457265, 27.20756], [95.457459, 27.208534], [95.457973, 27.209946], [95.458961, 27.210289], [95.459669, 27.210079], [95.460591, 27.210156], [95.461771, 27.210728], [95.462823, 27.211053], [95.46572, 27.212923], [95.468295, 27.214831], [95.468187, 27.215938], [95.467243, 27.216739], [95.467265, 27.217999], [95.467715, 27.218819], [95.469024, 27.218533], [95.469732, 27.218247], [95.471342, 27.218495], [95.472071, 27.218877], [95.472543, 27.219621], [95.472329, 27.220575], [95.4719, 27.221567], [95.471256, 27.222578], [95.471084, 27.223036], [95.471513, 27.224334], [95.472178, 27.224639], [95.473831, 27.22523], [95.477157, 27.226433], [95.477586, 27.227635], [95.4775, 27.228608], [95.478315, 27.229657], [95.479281, 27.230363], [95.480032, 27.231126], [95.480311, 27.232443], [95.479109, 27.232824], [95.478787, 27.233225], [95.479238, 27.234217], [95.479775, 27.234923], [95.480761, 27.235171], [95.482028, 27.235629], [95.482843, 27.236068], [95.483658, 27.236697], [95.483701, 27.238243], [95.483358, 27.239464], [95.483744, 27.240437], [95.484238, 27.241047], [95.484967, 27.242058], [95.482864, 27.242917], [95.482049, 27.245168], [95.482006, 27.247076], [95.48207, 27.248544], [95.482328, 27.249842], [95.482607, 27.25112], [95.482521, 27.25255], [95.481856, 27.253561], [95.481041, 27.253561], [95.479946, 27.253332], [95.477414, 27.25276], [95.475161, 27.252608], [95.473466, 27.252531], [95.472178, 27.252569], [95.470805, 27.252951], [95.46999, 27.253523], [95.469925, 27.255374], [95.470333, 27.256632], [95.47102, 27.258063], [95.471985, 27.260734], [95.471749, 27.262527], [95.470848, 27.263194], [95.468938, 27.263518], [95.467715, 27.263347], [95.465548, 27.26245], [95.464475, 27.261172], [95.463188, 27.259723], [95.462007, 27.258273], [95.460505, 27.256194], [95.459046, 27.254706], [95.457652, 27.253542], [95.455956, 27.252054], [95.454283, 27.250585], [95.453532, 27.249498], [95.453081, 27.248048], [95.453339, 27.246904], [95.453746, 27.245702], [95.454948, 27.244004], [95.45572, 27.242993], [95.456707, 27.241066], [95.456171, 27.238758], [95.453639, 27.233454], [95.452394, 27.232118], [95.451043, 27.231699], [95.449326, 27.232862], [95.448339, 27.233854], [95.447223, 27.234961], [95.446858, 27.237308], [95.44718, 27.239177], [95.447459, 27.24181], [95.447502, 27.244118], [95.447352, 27.245492], [95.446665, 27.2474], [95.443769, 27.25318], [95.440593, 27.255545], [95.439777, 27.259017], [95.441172, 27.261916], [95.44261, 27.262488], [95.444155, 27.263289], [95.444798, 27.263652], [95.446301, 27.264663], [95.447223, 27.264796], [95.449133, 27.264186], [95.450528, 27.263862], [95.4516, 27.264224], [95.453081, 27.264911], [95.454647, 27.265941], [95.456171, 27.266799], [95.457673, 27.267448], [95.459862, 27.269832], [95.458746, 27.272292], [95.456514, 27.275687], [95.454283, 27.279272], [95.453811, 27.28137], [95.45424, 27.282896], [95.454798, 27.284154], [95.45527, 27.28568], [95.455441, 27.28671], [95.453682, 27.287015], [95.451665, 27.287015], [95.450549, 27.287549], [95.449562, 27.288693], [95.448275, 27.290219], [95.4457, 27.294338], [95.442867, 27.298189], [95.44055, 27.300859], [95.437803, 27.302689], [95.434713, 27.302537], [95.431023, 27.30002], [95.429048, 27.29735], [95.426645, 27.295139], [95.422955, 27.29285], [95.420208, 27.294147], [95.417204, 27.297884], [95.414972, 27.301012], [95.408449, 27.304062], [95.397205, 27.308562], [95.387077, 27.315807], [95.383644, 27.31779], [95.378322, 27.320611], [95.371542, 27.323433], [95.364504, 27.32511], [95.357809, 27.322746], [95.35326, 27.318476], [95.350427, 27.314968], [95.349226, 27.309401], [95.347938, 27.302689], [95.346737, 27.297045], [95.346562, 27.295043], [95.346136, 27.290181], [95.340471, 27.282781], [95.33309, 27.287282], [95.332112, 27.292429], [95.331974, 27.293155], [95.331373, 27.300249], [95.331287, 27.304901], [95.330515, 27.317561], [95.327167, 27.321755], [95.324936, 27.3245], [95.320215, 27.326101], [95.31189, 27.325263], [95.30262, 27.312909], [95.297985, 27.309401], [95.294294, 27.306503], [95.291634, 27.30452], [95.285797, 27.303986], [95.283051, 27.305206], [95.280046, 27.308562], [95.275497, 27.311689], [95.268459, 27.317484], [95.26391, 27.322136], [95.260048, 27.325339], [95.255327, 27.327398], [95.247946, 27.330982], [95.242796, 27.334336], [95.238075, 27.336852], [95.235844, 27.341046], [95.237818, 27.344096], [95.240478, 27.346459], [95.245371, 27.349432], [95.248804, 27.350423], [95.248718, 27.34745], [95.252581, 27.345392], [95.256185, 27.347374], [95.25198, 27.353625], [95.245113, 27.357132], [95.237388, 27.360639], [95.230522, 27.362468], [95.226574, 27.358809], [95.226574, 27.352558], [95.229664, 27.344324], [95.218677, 27.344172], [95.217476, 27.346002], [95.215931, 27.350119], [95.212497, 27.354997], [95.208893, 27.356827], [95.201168, 27.360029], [95.194988, 27.360334], [95.190353, 27.354997], [95.187778, 27.350576], [95.180569, 27.344934], [95.17456, 27.342037], [95.162887, 27.339597], [95.161514, 27.343257], [95.158253, 27.350576], [95.155334, 27.353168], [95.152063, 27.352494], [95.148983, 27.352101], [95.149154, 27.349356], [95.148124, 27.341427], [95.145893, 27.33853], [95.136452, 27.3306], [95.128555, 27.327855], [95.125809, 27.331058], [95.121002, 27.333955], [95.114479, 27.331515], [95.112762, 27.327398], [95.113621, 27.322365], [95.115166, 27.319315], [95.117912, 27.315502], [95.119328, 27.318209], [95.120316, 27.320039], [95.12126, 27.322861], [95.122805, 27.323509], [95.124049, 27.321564], [95.124822, 27.320535], [95.126538, 27.32084], [95.128341, 27.321221], [95.130315, 27.320687], [95.130701, 27.31798], [95.131302, 27.315654], [95.132847, 27.31268], [95.135121, 27.309744], [95.136752, 27.308219], [95.141473, 27.306465], [95.144048, 27.305664], [95.146537, 27.304634], [95.147048, 27.304143], [95.150743, 27.300592], [95.15203, 27.298418], [95.151944, 27.296016], [95.151472, 27.294147], [95.150356, 27.292812], [95.148168, 27.291935], [95.146236, 27.292316], [95.144649, 27.293003], [95.142803, 27.29327], [95.139971, 27.292927], [95.136709, 27.289799], [95.136409, 27.288274], [95.136666, 27.285299], [95.137782, 27.282209], [95.139284, 27.280226], [95.143704, 27.278815], [95.154862, 27.273246], [95.17014, 27.267219], [95.183401, 27.263023], [95.194516, 27.262298], [95.202584, 27.261954], [95.211768, 27.260619], [95.219407, 27.259436], [95.222325, 27.258902], [95.222969, 27.253943], [95.223269, 27.251272], [95.224943, 27.248525], [95.226617, 27.247266], [95.230179, 27.246274], [95.230845, 27.246015], [95.236058, 27.243985], [95.235972, 27.238605], [95.237474, 27.234637], [95.239062, 27.227539], [95.239448, 27.224677], [95.245371, 27.225173], [95.249534, 27.224028], [95.252366, 27.221891], [95.256057, 27.219334], [95.258932, 27.216167], [95.260091, 27.206816], [95.262623, 27.20216], [95.264511, 27.199831], [95.265026, 27.197923], [95.266185, 27.195041], [95.267086, 27.194965], [95.267644, 27.194316], [95.268524, 27.193285], [95.269167, 27.19193], [95.269897, 27.191071], [95.270669, 27.190174], [95.271399, 27.189373], [95.271935, 27.188895], [95.272472, 27.188819], [95.273116, 27.189048], [95.273244, 27.189926], [95.27348, 27.191147], [95.27451, 27.191758], [95.275476, 27.190861], [95.276034, 27.190002], [95.276592, 27.189506], [95.277665, 27.189162], [95.278373, 27.189239], [95.279832, 27.190499], [95.280046, 27.191758], [95.279617, 27.192751], [95.279059, 27.193571], [95.278952, 27.194621], [95.279703, 27.195346], [95.281527, 27.194869], [95.282407, 27.194316], [95.283608, 27.1938], [95.285325, 27.193476], [95.286677, 27.193495], [95.286913, 27.194736], [95.284939, 27.195938], [95.284145, 27.196167], [95.282857, 27.196453], [95.281935, 27.196625], [95.28157, 27.19714], [95.28157, 27.197942], [95.282428, 27.198476], [95.284059, 27.198648], [95.285368, 27.19861], [95.286613, 27.198018], [95.287685, 27.197255], [95.28878, 27.196778], [95.28981, 27.196339], [95.290689, 27.196091], [95.291655, 27.195766], [95.292406, 27.195671], [95.293436, 27.195823], [95.295153, 27.196568], [95.296247, 27.196224], [95.297492, 27.195499], [95.29865, 27.195385], [95.299487, 27.195594], [95.300603, 27.196014], [95.302083, 27.196587], [95.302749, 27.196301], [95.302899, 27.195366], [95.30247, 27.194564], [95.30189, 27.193839], [95.301397, 27.193171], [95.301268, 27.192522], [95.301375, 27.191644], [95.302277, 27.19109], [95.304186, 27.19088], [95.306332, 27.190728], [95.308349, 27.190212], [95.309122, 27.189124], [95.310001, 27.188094], [95.310624, 27.187158], [95.311031, 27.186433], [95.311418, 27.185593], [95.312018, 27.184868], [95.312855, 27.184734], [95.313842, 27.185841], [95.314658, 27.186929], [95.315516, 27.187426], [95.316567, 27.18817], [95.317447, 27.188304], [95.318327, 27.187884], [95.318863, 27.187387], [95.319314, 27.187044], [95.320194, 27.186872], [95.321116, 27.187273], [95.321739, 27.187559], [95.322704, 27.188361], [95.322962, 27.190021], [95.323906, 27.191434], [95.325451, 27.191281], [95.326116, 27.190479], [95.326138, 27.189391], [95.325923, 27.188552], [95.326138, 27.187483], [95.326695, 27.1867], [95.327446, 27.186395], [95.328627, 27.186357], [95.329485, 27.186777], [95.3303, 27.187865], [95.330901, 27.188991], [95.331781, 27.190155], [95.332897, 27.19006], [95.333004, 27.189124], [95.332897, 27.188132], [95.332854, 27.187273], [95.333197, 27.186185], [95.333562, 27.185574], [95.335043, 27.185192], [95.33648, 27.185994], [95.33824, 27.186739], [95.339699, 27.185822], [95.341051, 27.184562], [95.341866, 27.183608], [95.342789, 27.182826], [95.343711, 27.182177], [95.344248, 27.18126], [95.344355, 27.179924], [95.345085, 27.176393], [95.345492, 27.174408], [95.346007, 27.172957], [95.346651, 27.172136], [95.348067, 27.171659], [95.350492, 27.171334], [95.352595, 27.17101], [95.356457, 27.169616], [95.357595, 27.168184], [95.358088, 27.166562], [95.358238, 27.165282], [95.358539, 27.163431], [95.358217, 27.162018], [95.357895, 27.160605], [95.35768, 27.159059], [95.35768, 27.15778], [95.358195, 27.156462], [95.360362, 27.153808], [95.362616, 27.151135], [95.363452, 27.149455], [95.364397, 27.147622], [95.364997, 27.146152], [95.365834, 27.14451], [95.366499, 27.141111], [95.367014, 27.13838], [95.367486, 27.137235], [95.367315, 27.136261], [95.3668, 27.135402], [95.366478, 27.134752], [95.366092, 27.133988], [95.365555, 27.132747], [95.365555, 27.131372], [95.364676, 27.13057], [95.364053, 27.130036], [95.363216, 27.129558], [95.36238, 27.129004], [95.3618, 27.128508], [95.361328, 27.127858], [95.361307, 27.127228], [95.36195, 27.126884], [95.362637, 27.12677], [95.363367, 27.126235], [95.363474, 27.124134], [95.363388, 27.122989], [95.363517, 27.121652], [95.364697, 27.119608], [95.364933, 27.118023], [95.364933, 27.117049], [95.364976, 27.115979], [95.366735, 27.115655], [95.368366, 27.115559], [95.369782, 27.115234], [95.370898, 27.11491], [95.371499, 27.114356], [95.371649, 27.113515], [95.371735, 27.112026], [95.371521, 27.111376], [95.370984, 27.110784], [95.370405, 27.11044], [95.369375, 27.110078], [95.368688, 27.109734], [95.368087, 27.107165], [95.366055, 27.105284], [95.364751, 27.104548], [95.36401, 27.104204], [95.363431, 27.103832], [95.363259, 27.103497], [95.363495, 27.103154], [95.364826, 27.103058], [95.365748, 27.10301], [95.366596, 27.103058], [95.367819, 27.103087], [95.368602, 27.102991], [95.369407, 27.102657], [95.370126, 27.102284], [95.370662, 27.101721], [95.37093, 27.10132], [95.37136, 27.099906], [95.371048, 27.098617], [95.370694, 27.09792], [95.370212, 27.097289], [95.369825, 27.09643], [95.369332, 27.09494], [95.369407, 27.094338], [95.371285, 27.092867], [95.37298, 27.092867]]], "type": "Polygon"}, "id": "dibrugarh-naharkatiya", "properties": {"district": "Dibrugarh", "grade": "zonal", "locality_id": "dibrugarh-naharkatiya", "osm_id": "relation/10056836", "revenue_circle": "Naharkatiya"}, "type": "Feature"}, {"geometry": {"coordinates": [[[93.470578, 25.305196], [93.465414, 25.313208], [93.455372, 25.320365], [93.453355, 25.321703], [93.453333, 25.32374], [93.454257, 25.325772], [93.456058, 25.328007], [93.456788, 25.330024], [93.455579, 25.332578], [93.456037, 25.33462], [93.45653, 25.335862], [93.4549, 25.336521], [93.452153, 25.336249], [93.4499, 25.338305], [93.448291, 25.340788], [93.449342, 25.342029], [93.450329, 25.34325], [93.449994, 25.345319], [93.450694, 25.346082], [93.452067, 25.347051], [93.450909, 25.349495], [93.451638, 25.354536], [93.454428, 25.357484], [93.458848, 25.361245], [93.461552, 25.361672], [93.463697, 25.360121], [93.465157, 25.36047], [93.47095, 25.372103], [93.473486, 25.379508], [93.472924, 25.385325], [93.469577, 25.390559], [93.465199, 25.394746], [93.462238, 25.397886], [93.460693, 25.400794], [93.459063, 25.403779], [93.458076, 25.408082], [93.460522, 25.414168], [93.461337, 25.416416], [93.461938, 25.418819], [93.461723, 25.419943], [93.461251, 25.421145], [93.460393, 25.42254], [93.458805, 25.423974], [93.45799, 25.425292], [93.457518, 25.427191], [93.457518, 25.430137], [93.456745, 25.43285], [93.454514, 25.434981], [93.453505, 25.436028], [93.45078, 25.436803], [93.45005, 25.437306], [93.449299, 25.43752], [93.448226, 25.437655], [93.447626, 25.438023], [93.446896, 25.438721], [93.446338, 25.439515], [93.445222, 25.440387], [93.443613, 25.441124], [93.442132, 25.441608], [93.440545, 25.441395], [93.438828, 25.440756], [93.438613, 25.442306], [93.438141, 25.442829], [93.437455, 25.442829], [93.437154, 25.442965], [93.437219, 25.443643], [93.437669, 25.444108], [93.438206, 25.444709], [93.438442, 25.445425], [93.43797, 25.446007], [93.436811, 25.446588], [93.436339, 25.447344], [93.435996, 25.448235], [93.43488, 25.448642], [93.432477, 25.449165], [93.43194, 25.448254], [93.43061, 25.447983], [93.429129, 25.447867], [93.428078, 25.447692], [93.427091, 25.447712], [93.426104, 25.448351], [93.425181, 25.448409], [93.424516, 25.447983], [93.423786, 25.447382], [93.42252, 25.44744], [93.421855, 25.447344], [93.421576, 25.446569], [93.421082, 25.445677], [93.419173, 25.445774], [93.417671, 25.446123], [93.417263, 25.447014], [93.416469, 25.447382], [93.414667, 25.446937], [93.414152, 25.44747], [93.412693, 25.44807], [93.412424, 25.448409], [93.412103, 25.448332], [93.411823, 25.448051], [93.411705, 25.448041], [93.41163, 25.448177], [93.411577, 25.448487], [93.411577, 25.448797], [93.411738, 25.449058], [93.411384, 25.449281], [93.410987, 25.449562], [93.410568, 25.449843], [93.410354, 25.450095], [93.409817, 25.450473], [93.409474, 25.45055], [93.409227, 25.45025], [93.408927, 25.449756], [93.408176, 25.449562], [93.407564, 25.44963], [93.407199, 25.449717], [93.40677, 25.449649], [93.405944, 25.449417], [93.40559, 25.449533], [93.405483, 25.449746], [93.405279, 25.450211], [93.405043, 25.450831], [93.404818, 25.450899], [93.404539, 25.450657], [93.404088, 25.450308], [93.40338, 25.450328], [93.402758, 25.450289], [93.402436, 25.45055], [93.402693, 25.450918], [93.402715, 25.451403], [93.402548, 25.452154], [93.402066, 25.453059], [93.40184, 25.453394], [93.401679, 25.453437], [93.40161, 25.453185], [93.401524, 25.453059], [93.401309, 25.452972], [93.401223, 25.452977], [93.40103, 25.453093], [93.400832, 25.45336], [93.400639, 25.453999], [93.40036, 25.454479], [93.40014, 25.454779], [93.40014, 25.455045], [93.400252, 25.455171], [93.400462, 25.455331], [93.400649, 25.455346], [93.400902, 25.455544], [93.401073, 25.455811], [93.40095, 25.456053], [93.400617, 25.456329], [93.400086, 25.456682], [93.399609, 25.457496], [93.399174, 25.457825], [93.398471, 25.45799], [93.398155, 25.458281], [93.398134, 25.458436], [93.398139, 25.458605], [93.398278, 25.458736], [93.39845, 25.458949], [93.398606, 25.459109], [93.398568, 25.459274], [93.398316, 25.459492], [93.39823, 25.459564], [93.397924, 25.459705], [93.39793, 25.459884], [93.397892, 25.460073], [93.397742, 25.460209], [93.397549, 25.460252], [93.397286, 25.460252], [93.39712, 25.460112], [93.396878, 25.459923], [93.396626, 25.459995], [93.396503, 25.460184], [93.396299, 25.460393], [93.396063, 25.460586], [93.395864, 25.460596], [93.395719, 25.460388], [93.395795, 25.460121], [93.395881, 25.459802], [93.395945, 25.459511], [93.395698, 25.459249], [93.395344, 25.459225], [93.395076, 25.459312], [93.394904, 25.459346], [93.394641, 25.459182], [93.394588, 25.459051], [93.394652, 25.458789], [93.39477, 25.458678], [93.394851, 25.458518], [93.39484, 25.458349], [93.394507, 25.458247], [93.394223, 25.458218], [93.393976, 25.458252], [93.39345, 25.458426], [93.393069, 25.45861], [93.392866, 25.458789], [93.392694, 25.459177], [93.392528, 25.459908], [93.392485, 25.460528], [93.392394, 25.461298], [93.392254, 25.461478], [93.392099, 25.46171], [93.391991, 25.461812], [93.391718, 25.461802], [93.391557, 25.461676], [93.391465, 25.461419], [93.391444, 25.46123], [93.391305, 25.460872], [93.391289, 25.460654], [93.391235, 25.460518], [93.391042, 25.46033], [93.390843, 25.460083], [93.390634, 25.459855], [93.390382, 25.459637], [93.390103, 25.459608], [93.389958, 25.459681], [93.389899, 25.459811], [93.389888, 25.460015], [93.389878, 25.460315], [93.390103, 25.460683], [93.390044, 25.461599], [93.390114, 25.461928], [93.389856, 25.46203], [93.38925, 25.462185], [93.388955, 25.462364], [93.388408, 25.463163], [93.388386, 25.463405], [93.38844, 25.46386], [93.388993, 25.463967], [93.389427, 25.463715], [93.389652, 25.463555], [93.389846, 25.463434], [93.390151, 25.463362], [93.390425, 25.463599], [93.39065, 25.464006], [93.39094, 25.4645], [93.390693, 25.464941], [93.390436, 25.464999], [93.390124, 25.464999], [93.389754, 25.465062], [93.389507, 25.465091], [93.389234, 25.465178], [93.389025, 25.465323], [93.388837, 25.46557], [93.388617, 25.465909], [93.38852, 25.466142], [93.38836, 25.466195], [93.387898, 25.466025], [93.387726, 25.46588], [93.387426, 25.465764], [93.387196, 25.465822], [93.386874, 25.466238], [93.386815, 25.466476], [93.386938, 25.466669], [93.387056, 25.466883], [93.387083, 25.467091], [93.386868, 25.467183], [93.386584, 25.467168], [93.386375, 25.467062], [93.385956, 25.466931], [93.385726, 25.466999], [93.38571, 25.46741], [93.385785, 25.46759], [93.386117, 25.467856], [93.386793, 25.46789], [93.387152, 25.467924], [93.387292, 25.468011], [93.387432, 25.468243], [93.387592, 25.46866], [93.38712, 25.469014], [93.386804, 25.469076], [93.386428, 25.469106], [93.386171, 25.469091], [93.385886, 25.468931], [93.385758, 25.468728], [93.385629, 25.468442], [93.38557, 25.468331], [93.385398, 25.468239], [93.385136, 25.468219], [93.384814, 25.468282], [93.38454, 25.46836], [93.38439, 25.46851], [93.384374, 25.468679], [93.38432, 25.468922], [93.384465, 25.469503], [93.384803, 25.46973], [93.3855, 25.470055], [93.385962, 25.470224], [93.386117, 25.470374], [93.386176, 25.470588], [93.385908, 25.471314], [93.385924, 25.471459], [93.386021, 25.471561], [93.386289, 25.47158], [93.386525, 25.471517], [93.386745, 25.471469], [93.387024, 25.471556], [93.387142, 25.471852], [93.387265, 25.47204], [93.387394, 25.472278], [93.387528, 25.472438], [93.387839, 25.472447], [93.388199, 25.472307], [93.388397, 25.4722], [93.388574, 25.472016], [93.388832, 25.471832], [93.389046, 25.471808], [93.389202, 25.471861], [93.389325, 25.472055], [93.389352, 25.472288], [93.389298, 25.472476], [93.389239, 25.472762], [93.389116, 25.473028], [93.388933, 25.473338], [93.388896, 25.473518], [93.389062, 25.473769], [93.38925, 25.473939], [93.389486, 25.474273], [93.389288, 25.474428], [93.389041, 25.474515], [93.388751, 25.474544], [93.38837, 25.474593], [93.388268, 25.474757], [93.388231, 25.475145], [93.388279, 25.475387], [93.388317, 25.47561], [93.388499, 25.475745], [93.388767, 25.475803], [93.389068, 25.475798], [93.389368, 25.475857], [93.389486, 25.475992], [93.389491, 25.476176], [93.389336, 25.476317], [93.388875, 25.476312], [93.388515, 25.476283], [93.388032, 25.476259], [93.387684, 25.476244], [93.38711, 25.476331], [93.386697, 25.476549], [93.386289, 25.47683], [93.386214, 25.477096], [93.386541, 25.477697], [93.386638, 25.477789], [93.386825, 25.477862], [93.387254, 25.477862], [93.387662, 25.477784], [93.388027, 25.477745], [93.388343, 25.477765], [93.38881, 25.477929], [93.38903, 25.478138], [93.389132, 25.478317], [93.389534, 25.47975], [93.389851, 25.481111], [93.390028, 25.481314], [93.390462, 25.481358], [93.390639, 25.481217], [93.39072, 25.481009], [93.390843, 25.480942], [93.391085, 25.480966], [93.391347, 25.481087], [93.391482, 25.481242], [93.39161, 25.48146], [93.391723, 25.481702], [93.391632, 25.481997], [93.391476, 25.482331], [93.390672, 25.482481], [93.390318, 25.482578], [93.389792, 25.482748], [93.389255, 25.482874], [93.388612, 25.48283], [93.388081, 25.482685], [93.387743, 25.482704], [93.387351, 25.482772], [93.386847, 25.482869], [93.386342, 25.483043], [93.386015, 25.483121], [93.385715, 25.483266], [93.385677, 25.483484], [93.385978, 25.483934], [93.386375, 25.484264], [93.386385, 25.484486], [93.386257, 25.484704], [93.385935, 25.484801], [93.385543, 25.484757], [93.384894, 25.484646], [93.384835, 25.484641], [93.384578, 25.484661], [93.384524, 25.484883], [93.384481, 25.485145], [93.385441, 25.486036], [93.385956, 25.486346], [93.386466, 25.48669], [93.386702, 25.486854], [93.386868, 25.487077], [93.386788, 25.487372], [93.386466, 25.487653], [93.38608, 25.487731], [93.385881, 25.487755], [93.385511, 25.487731], [93.385157, 25.487614], [93.384824, 25.487498], [93.384444, 25.487372], [93.384143, 25.487455], [93.384084, 25.487707], [93.384116, 25.48838], [93.384213, 25.48867], [93.384406, 25.488864], [93.384562, 25.488932], [93.384803, 25.48899], [93.385136, 25.489077], [93.385463, 25.48913], [93.385677, 25.489285], [93.385763, 25.489619], [93.385511, 25.490602], [93.385431, 25.490859], [93.385114, 25.49099], [93.384406, 25.49113], [93.383478, 25.49099], [93.382469, 25.490781], [93.381718, 25.490801], [93.381461, 25.490941], [93.381386, 25.491251], [93.3813, 25.491537], [93.380898, 25.49158], [93.380544, 25.491512], [93.37998, 25.491396], [93.379814, 25.491701], [93.379787, 25.491968], [93.379777, 25.492282], [93.37975, 25.492486], [93.379535, 25.492689], [93.379219, 25.492767], [93.379058, 25.492728], [93.378752, 25.492592], [93.378521, 25.492495], [93.378194, 25.492399], [93.377781, 25.492345], [93.377448, 25.492307], [93.377041, 25.492331], [93.376864, 25.492534], [93.376955, 25.492839], [93.377293, 25.493948], [93.377813, 25.494887], [93.378017, 25.495193], [93.37784, 25.495522], [93.377346, 25.495527], [93.376606, 25.49558], [93.375737, 25.495793], [93.375635, 25.495924], [93.375699, 25.496142], [93.375866, 25.496321], [93.376257, 25.496369], [93.376697, 25.496379], [93.377073, 25.496674], [93.377309, 25.496907], [93.377336, 25.497216], [93.377078, 25.497405], [93.376531, 25.497444], [93.376188, 25.497381], [93.375796, 25.497081], [93.375431, 25.496747], [93.375201, 25.49665], [93.374943, 25.496572], [93.374702, 25.496534], [93.374466, 25.496582], [93.374348, 25.496732], [93.374187, 25.496994], [93.374085, 25.497333], [93.374069, 25.497894], [93.374246, 25.49833], [93.37423, 25.498674], [93.37409, 25.499003], [93.373489, 25.49895], [93.373039, 25.498703], [93.372486, 25.498175], [93.372272, 25.497754], [93.371961, 25.49758], [93.371531, 25.497507], [93.371027, 25.497672], [93.370303, 25.498427], [93.369906, 25.498795], [93.369756, 25.498964], [93.36945, 25.499037], [93.369053, 25.498921], [93.368785, 25.498766], [93.368463, 25.498582], [93.368227, 25.49864], [93.366998, 25.499444], [93.366838, 25.499855], [93.36688, 25.500669], [93.367433, 25.502078], [93.367771, 25.502436], [93.368109, 25.502605], [93.368474, 25.502712], [93.368871, 25.502794], [93.369085, 25.502935], [93.36931, 25.503511], [93.369053, 25.503932], [93.368588, 25.504165], [93.367459, 25.503966], [93.365786, 25.503346], [93.364734, 25.50354], [93.364112, 25.504044], [93.364133, 25.504741], [93.363833, 25.505322], [93.363919, 25.506426], [93.363554, 25.506755], [93.362739, 25.506484], [93.362374, 25.506832], [93.36261, 25.50782], [93.362331, 25.508827], [93.361494, 25.509273], [93.361314, 25.509568], [93.361979, 25.510226], [93.362116, 25.510706], [93.36173, 25.511635], [93.361215, 25.512061], [93.360765, 25.513146], [93.360421, 25.513301], [93.359348, 25.513204], [93.358061, 25.513262], [93.356816, 25.513862], [93.356752, 25.514269], [93.356945, 25.514714], [93.357439, 25.514908], [93.357718, 25.51514], [93.357567, 25.515353], [93.357138, 25.515547], [93.356537, 25.515547], [93.356301, 25.515876], [93.356044, 25.517057], [93.355958, 25.517774], [93.355743, 25.519342], [93.35598, 25.520911], [93.355357, 25.521918], [93.355143, 25.523177], [93.355271, 25.524609], [93.354799, 25.525384], [93.353726, 25.526836], [93.353383, 25.527921], [93.352932, 25.528831], [93.35246, 25.528985], [93.351109, 25.528579], [93.350594, 25.528424], [93.350122, 25.528637], [93.3501, 25.529644], [93.350508, 25.530244], [93.350551, 25.530651], [93.350293, 25.532432], [93.350057, 25.532567], [93.349606, 25.532471], [93.34892, 25.53187], [93.348748, 25.531386], [93.348598, 25.530341], [93.348426, 25.530108], [93.348083, 25.530089], [93.34716, 25.530244], [93.346559, 25.530631], [93.346345, 25.531057], [93.346615, 25.531469], [93.346645, 25.531909], [93.346959, 25.532882], [93.347117, 25.533303], [93.346967, 25.533613], [93.346474, 25.533826], [93.345508, 25.534097], [93.344907, 25.534581], [93.342139, 25.535065], [93.341174, 25.535181], [93.340616, 25.535143], [93.34023, 25.534891], [93.340122, 25.5346], [93.340058, 25.534368], [93.340423, 25.534136], [93.340929, 25.533986], [93.341036, 25.533811], [93.340744, 25.533419], [93.339843, 25.533129], [93.339371, 25.533284], [93.338062, 25.534058], [93.336668, 25.534755], [93.336002, 25.534542], [93.335659, 25.53462], [93.335037, 25.53491], [93.334844, 25.535375], [93.335487, 25.535898], [93.335595, 25.536324], [93.33611, 25.537098], [93.335895, 25.5376], [93.335831, 25.537968], [93.336389, 25.538394], [93.336453, 25.538975], [93.33611, 25.539207], [93.335402, 25.539304], [93.334608, 25.539169], [93.334114, 25.539556], [93.33347, 25.540505], [93.333676, 25.541672], [93.333578, 25.542538], [93.332955, 25.542673], [93.332312, 25.542518], [93.331346, 25.542092], [93.330702, 25.541995], [93.330337, 25.542402], [93.330423, 25.542944], [93.330745, 25.543293], [93.330593, 25.543974], [93.330129, 25.543206], [93.329716, 25.542587], [93.329179, 25.541667], [93.328825, 25.541406], [93.328482, 25.540989], [93.327313, 25.540389], [93.326379, 25.539779], [93.324566, 25.538782], [93.32418, 25.53825], [93.323633, 25.537456], [93.322849, 25.536207], [93.322592, 25.53551], [93.321798, 25.534523], [93.321047, 25.534], [93.319352, 25.533245], [93.316906, 25.532722], [93.31418, 25.532219], [93.309309, 25.532374], [93.306627, 25.532257], [93.304739, 25.531657], [93.303194, 25.531134], [93.301692, 25.531289], [93.299932, 25.532006], [93.30004, 25.535084], [93.300769, 25.536711], [93.300641, 25.537853], [93.300276, 25.538918], [93.298087, 25.540854], [93.297615, 25.541648], [93.295984, 25.543177], [93.295126, 25.54399], [93.294053, 25.544532], [93.292272, 25.544649], [93.290641, 25.544474], [93.289697, 25.543429], [93.289311, 25.542461], [93.288946, 25.541667], [93.287745, 25.54097], [93.286178, 25.540138], [93.284333, 25.539286], [93.281972, 25.538531], [93.279526, 25.537582], [93.277724, 25.535181], [93.276758, 25.533884], [93.276136, 25.532858], [93.274805, 25.531986], [93.273797, 25.531831], [93.271844, 25.532335], [93.27045, 25.532858], [93.268819, 25.533903], [93.267961, 25.535123], [93.267403, 25.536265], [93.266566, 25.537505], [93.265965, 25.538492], [93.26472, 25.539673], [93.26442, 25.540854], [93.264635, 25.542016], [93.264678, 25.543139], [93.264592, 25.544203], [93.264141, 25.545345], [93.263111, 25.546062], [93.261609, 25.546894], [93.261158, 25.547649], [93.259807, 25.548927], [93.259098, 25.549392], [93.255966, 25.549876], [93.254442, 25.549585], [93.253734, 25.548792], [93.252811, 25.548133], [93.251331, 25.548133], [93.250151, 25.548946], [93.249185, 25.549798], [93.247919, 25.549934], [93.246546, 25.549508], [93.245752, 25.548579], [93.243563, 25.546817], [93.237662, 25.547069], [93.235001, 25.547165], [93.231783, 25.547301], [93.229487, 25.547301], [93.227191, 25.547862], [93.225431, 25.548424], [93.223908, 25.548811], [93.221569, 25.548656], [93.218951, 25.548637], [93.217599, 25.548598], [93.216677, 25.548424], [93.215196, 25.54854], [93.214016, 25.548888], [93.212922, 25.548714], [93.212106, 25.547688], [93.211634, 25.546449], [93.211312, 25.545133], [93.210754, 25.544145], [93.210025, 25.543855], [93.208888, 25.544126], [93.208158, 25.544784], [93.207364, 25.546139], [93.207407, 25.546643], [93.207729, 25.547359], [93.208308, 25.548056], [93.208094, 25.549992], [93.207235, 25.550611], [93.20642, 25.551328], [93.206205, 25.552373], [93.205712, 25.553457], [93.204875, 25.554541], [93.204081, 25.555141], [93.202858, 25.555257], [93.201442, 25.55518], [93.19994, 25.556496], [93.199253, 25.557581], [93.199296, 25.558781], [93.199511, 25.559749], [93.199854, 25.56062], [93.20009, 25.561491], [93.199339, 25.563891], [93.198931, 25.564685], [93.197751, 25.565459], [93.196506, 25.565478], [93.194232, 25.565459], [93.192837, 25.568769], [93.191893, 25.569775], [93.191185, 25.570724], [93.190241, 25.571421], [93.189898, 25.572195], [93.190134, 25.573298], [93.190949, 25.574266], [93.191142, 25.575059], [93.190412, 25.575989], [93.187816, 25.577092], [93.187687, 25.578389], [93.187902, 25.579298], [93.187923, 25.580382], [93.187709, 25.581176], [93.186228, 25.581853], [93.185263, 25.582105], [93.184619, 25.582647], [93.184576, 25.583421], [93.184683, 25.584485], [93.184726, 25.585259], [93.183535, 25.586024], [93.182591, 25.586275], [93.181411, 25.586662], [93.179705, 25.587398], [93.17948, 25.587659], [93.179072, 25.587969], [93.178697, 25.588424], [93.178021, 25.589411], [93.17787, 25.589914], [93.177559, 25.590311], [93.177205, 25.590804], [93.17712, 25.591472], [93.176937, 25.591936], [93.176583, 25.592362], [93.176551, 25.592826], [93.176851, 25.593252], [93.177431, 25.593494], [93.177817, 25.593417], [93.178514, 25.592701], [93.178761, 25.59301], [93.179362, 25.593329], [93.180027, 25.593329], [93.180649, 25.593136], [93.181443, 25.592972], [93.181604, 25.593184], [93.181776, 25.593388], [93.181722, 25.593659], [93.18139, 25.593881], [93.181003, 25.594016], [93.180746, 25.594345], [93.180714, 25.594607], [93.18081, 25.594839], [93.180628, 25.595149], [93.180027, 25.59511], [93.179437, 25.59511], [93.179201, 25.595216], [93.178868, 25.595613], [93.178729, 25.596039], [93.178986, 25.596755], [93.179276, 25.597093], [93.179544, 25.597403], [93.179823, 25.597703], [93.180242, 25.597935], [93.180413, 25.598361], [93.180295, 25.598777], [93.180124, 25.599164], [93.17963, 25.599696], [93.179233, 25.600054], [93.178782, 25.600257], [93.178589, 25.600383], [93.178321, 25.600615], [93.178128, 25.600964], [93.178257, 25.601225], [93.178418, 25.601593], [93.17831, 25.601854], [93.17787, 25.602047], [93.177806, 25.602396], [93.17772, 25.60288], [93.177452, 25.603479], [93.177195, 25.603876], [93.176873, 25.604311], [93.176465, 25.60434], [93.175993, 25.604631], [93.176025, 25.604921], [93.176208, 25.605308], [93.176819, 25.605327], [93.176722, 25.605647], [93.176808, 25.605947], [93.177109, 25.606305], [93.17728, 25.606595], [93.177248, 25.606924], [93.177334, 25.607814], [93.177441, 25.608172], [93.177484, 25.608694], [93.177452, 25.608839], [93.176991, 25.609381], [93.176808, 25.609575], [93.176755, 25.609865], [93.176894, 25.610126], [93.177345, 25.610339], [93.177838, 25.610784], [93.178525, 25.611036], [93.178428, 25.611355], [93.178278, 25.611626], [93.177946, 25.611955], [93.177452, 25.61239], [93.177441, 25.612777], [93.177495, 25.61328], [93.177527, 25.613764], [93.177688, 25.614248], [93.177935, 25.614422], [93.178407, 25.614325], [93.178654, 25.614122], [93.179051, 25.613996], [93.179534, 25.614112], [93.17978, 25.614422], [93.179877, 25.614886], [93.180016, 25.615312], [93.179834, 25.615554], [93.179598, 25.615873], [93.180113, 25.61626], [93.180993, 25.616937], [93.180928, 25.617227], [93.180199, 25.617866], [93.179727, 25.618195], [93.17949, 25.61864], [93.179448, 25.619239], [93.180199, 25.619452], [93.181271, 25.619394], [93.181679, 25.619201], [93.182301, 25.619007], [93.183053, 25.619123], [93.183417, 25.619936], [93.183503, 25.620671], [93.183546, 25.621271], [93.184211, 25.621813], [93.184791, 25.622103], [93.185585, 25.6222], [93.186507, 25.621987], [93.187387, 25.621832], [93.188052, 25.621639], [93.188739, 25.621851], [93.188986, 25.623409], [93.189286, 25.623922], [93.189683, 25.62426], [93.18993, 25.624637], [93.189973, 25.625005], [93.189822, 25.625673], [93.189576, 25.626321], [93.189318, 25.626833], [93.189093, 25.627385], [93.188932, 25.627878], [93.1889, 25.628323], [93.189147, 25.628633], [93.18978, 25.628439], [93.190294, 25.628091], [93.191442, 25.628807], [93.191839, 25.629348], [93.192129, 25.629774], [93.192194, 25.630248], [93.192226, 25.630722], [93.192301, 25.631177], [93.192344, 25.631651], [93.192054, 25.632037], [93.191464, 25.632009], [93.19082, 25.631989], [93.190048, 25.631844], [93.189189, 25.631757], [93.188782, 25.631554], [93.188235, 25.63107], [93.187752, 25.630877], [93.187344, 25.631148], [93.187355, 25.631544], [93.187494, 25.632212], [93.187795, 25.633585], [93.18772, 25.634001], [93.18729, 25.634291], [93.186808, 25.634311], [93.186132, 25.634107], [93.185767, 25.634069], [93.185563, 25.634301], [93.18537, 25.634794], [93.185327, 25.635355], [93.185209, 25.636042], [93.185102, 25.636709], [93.184758, 25.637213], [93.184319, 25.63729], [93.183417, 25.637232], [93.183085, 25.63758], [93.182838, 25.637967], [93.182602, 25.638383], [93.182237, 25.638828], [93.182108, 25.639224], [93.182141, 25.63965], [93.182226, 25.64023], [93.182065, 25.64083], [93.181572, 25.641052], [93.181014, 25.64113], [93.180617, 25.640985], [93.18066, 25.640462], [93.180896, 25.640047], [93.181153, 25.639515], [93.181325, 25.638857], [93.181304, 25.638499], [93.18095, 25.638093], [93.180649, 25.638083], [93.180134, 25.638596], [93.179845, 25.639002], [93.179222, 25.639205], [93.178257, 25.639157], [93.178085, 25.639447], [93.178246, 25.639843], [93.178622, 25.64025], [93.179094, 25.640453], [93.179705, 25.640743], [93.179898, 25.641062], [93.179802, 25.641594], [93.179416, 25.641923], [93.178943, 25.642039], [93.178482, 25.641942], [93.178064, 25.641449], [93.177516, 25.641468], [93.17712, 25.6426], [93.177291, 25.643635], [93.176787, 25.64495], [93.17684, 25.645366], [93.177291, 25.645898], [93.177581, 25.646324], [93.178021, 25.646807], [93.178278, 25.647213], [93.178235, 25.647523], [93.177667, 25.647775], [93.177345, 25.647794], [93.17698, 25.647707], [93.17683, 25.647591], [93.176401, 25.647717], [93.175553, 25.648761], [93.174995, 25.649486], [93.174856, 25.649844], [93.175006, 25.65027], [93.175242, 25.650492], [93.175424, 25.650744], [93.175424, 25.651044], [93.175113, 25.651508], [93.174706, 25.651808], [93.174105, 25.651962], [93.173804, 25.651933], [93.173268, 25.651672], [93.172603, 25.651546], [93.172206, 25.651769], [93.171873, 25.652165], [93.171766, 25.652484], [93.171648, 25.653036], [93.171852, 25.654003], [93.172195, 25.654786], [93.17242, 25.655154], [93.172581, 25.655579], [93.172485, 25.656043], [93.172377, 25.656527], [93.172216, 25.657069], [93.172002, 25.657552], [93.171744, 25.65792], [93.171401, 25.657794], [93.170736, 25.657659], [93.170532, 25.657929], [93.17036, 25.658278], [93.170242, 25.658568], [93.17036, 25.658751], [93.170704, 25.658877], [93.171036, 25.659022], [93.171143, 25.65937], [93.170993, 25.659748], [93.170736, 25.660279], [93.170671, 25.660715], [93.170618, 25.661217], [93.170446, 25.661546], [93.16992, 25.661672], [93.169287, 25.661643], [93.168794, 25.661711], [93.168451, 25.662098], [93.168247, 25.662581], [93.168064, 25.662929], [93.167796, 25.6629], [93.167485, 25.662832], [93.167206, 25.662678], [93.16667, 25.6626], [93.166359, 25.663045], [93.165961, 25.663393], [93.165361, 25.663007], [93.165157, 25.662697], [93.164846, 25.661643], [93.164427, 25.661198], [93.163837, 25.661459], [93.16344, 25.661778], [93.163032, 25.662126], [93.16241, 25.662243], [93.16197, 25.662136], [93.161209, 25.661933], [93.160533, 25.662233], [93.160372, 25.662755], [93.16005, 25.663616], [93.159964, 25.664341], [93.159503, 25.664834], [93.159159, 25.665028], [93.158516, 25.665356], [93.157893, 25.665521], [93.157271, 25.66554], [93.156885, 25.665347], [93.156499, 25.665105], [93.156102, 25.665057], [93.155619, 25.66526], [93.155201, 25.665637], [93.154289, 25.665743], [93.154374, 25.665144], [93.154321, 25.664651], [93.154171, 25.664273], [93.153827, 25.663606], [93.15357, 25.663074], [93.153334, 25.66262], [93.152958, 25.662407], [93.152497, 25.66232], [93.152282, 25.662591], [93.151853, 25.662968], [93.151435, 25.662968], [93.150898, 25.662736], [93.15034, 25.662533], [93.150244, 25.663403], [93.150233, 25.66377], [93.150201, 25.66436], [93.150147, 25.664757], [93.149857, 25.665279], [93.14945, 25.665443], [93.14901, 25.665443], [93.148195, 25.665337], [93.147808, 25.66525], [93.147175, 25.665076], [93.146639, 25.665028], [93.145394, 25.664863], [93.144879, 25.664409], [93.144718, 25.663722], [93.144558, 25.662862], [93.144128, 25.661662], [93.143903, 25.661188], [93.143474, 25.660821], [93.142937, 25.660686], [93.142498, 25.660811], [93.142079, 25.661159], [93.141929, 25.661788], [93.141875, 25.662291], [93.141886, 25.663055], [93.14194, 25.663684], [93.142315, 25.664544], [93.142197, 25.665801], [93.142058, 25.666246], [93.141768, 25.666749], [93.1415, 25.667203], [93.140802, 25.667629], [93.139912, 25.668141], [93.139193, 25.668548], [93.137852, 25.66964], [93.137262, 25.670162], [93.136629, 25.670791], [93.136393, 25.671458], [93.136318, 25.671903], [93.136554, 25.672783], [93.137358, 25.674475], [93.137552, 25.67492], [93.137552, 25.675616], [93.13738, 25.675897], [93.136801, 25.676109], [93.136264, 25.676264], [93.135663, 25.676409], [93.134998, 25.676583], [93.134601, 25.676815], [93.134333, 25.677192], [93.134151, 25.677724], [93.133829, 25.678208], [93.133163, 25.678913], [93.132724, 25.68046], [93.132767, 25.681447], [93.132305, 25.684676], [93.132595, 25.685662], [93.132305, 25.686513], [93.131747, 25.687074], [93.131415, 25.687509], [93.13149, 25.687644], [93.132005, 25.68777], [93.132434, 25.687731], [93.133206, 25.687625], [93.133829, 25.687557], [93.134097, 25.687635], [93.134665, 25.68837], [93.134526, 25.688959], [93.134387, 25.689327], [93.134065, 25.689617], [93.133689, 25.689897], [93.13355, 25.690187], [93.133732, 25.690738], [93.13414, 25.691173], [93.134547, 25.691434], [93.135095, 25.691676], [93.13591, 25.691802], [93.136285, 25.691821], [93.136436, 25.692101], [93.136425, 25.692614], [93.136017, 25.692981], [93.135781, 25.693213], [93.135363, 25.693571], [93.135202, 25.69391], [93.135256, 25.694489], [93.135309, 25.695311], [93.135792, 25.69679], [93.135996, 25.697612], [93.136232, 25.698076], [93.136285, 25.698521], [93.136049, 25.699024], [93.135889, 25.699594], [93.135717, 25.700126], [93.135449, 25.700996], [93.134741, 25.70175], [93.134258, 25.702214], [93.134129, 25.702523], [93.134226, 25.702871], [93.134376, 25.7032], [93.134987, 25.703567], [93.135116, 25.703915], [93.135062, 25.70436], [93.134826, 25.704776], [93.134472, 25.705182], [93.134075, 25.70552], [93.133861, 25.70583], [93.133818, 25.706168], [93.134236, 25.706467], [93.13561, 25.706748], [93.136457, 25.706729], [93.136854, 25.706738], [93.137037, 25.707086], [93.137037, 25.707657], [93.136854, 25.708198], [93.136565, 25.708575], [93.136049, 25.70902], [93.135985, 25.709319], [93.136167, 25.709677], [93.136629, 25.710015], [93.137101, 25.71104], [93.137262, 25.711562], [93.137691, 25.711929], [93.138217, 25.712026], [93.138807, 25.712103], [93.139311, 25.712123], [93.139633, 25.712123], [93.14018, 25.712152], [93.140566, 25.712422], [93.140856, 25.712983], [93.140813, 25.713921], [93.140341, 25.71423], [93.139708, 25.714597], [93.139322, 25.71509], [93.139343, 25.715564], [93.13959, 25.716018], [93.140062, 25.71654], [93.14076, 25.717062], [93.141253, 25.717362], [93.141918, 25.717594], [93.142594, 25.717526], [93.143045, 25.717497], [93.143399, 25.717574], [93.143764, 25.717787], [93.143978, 25.718029], [93.143688, 25.718401], [93.143592, 25.718763], [93.143678, 25.723384], [93.14815, 25.733802], [93.139429, 25.741553], [93.13031, 25.747777], [93.125997, 25.748879], [93.128275, 25.754926], [93.127368, 25.757788], [93.127885, 25.761325], [93.120225, 25.761112], [93.115203, 25.764571], [93.105256, 25.770198], [93.100033, 25.773943], [93.096406, 25.776629], [93.09396, 25.770349], [93.095613, 25.763141], [93.095527, 25.747912], [93.095398, 25.736702], [93.094282, 25.72116], [93.090076, 25.71567], [93.083124, 25.707744], [93.072824, 25.704225], [93.049693, 25.696762], [93.034415, 25.69216], [93.008537, 25.681988], [92.996735, 25.675375], [92.991843, 25.671429], [92.983389, 25.657659], [92.979698, 25.650076], [92.975664, 25.637464], [92.972917, 25.621755], [92.970085, 25.598613], [92.970858, 25.590059], [92.969184, 25.577672], [92.96957, 25.570705], [92.973261, 25.555799], [92.974677, 25.549721], [92.976093, 25.545578], [92.980084, 25.542674], [92.986994, 25.537175], [92.99695, 25.529121], [93.003559, 25.524357], [93.009009, 25.519865], [93.019481, 25.511461], [93.025918, 25.505302], [93.031755, 25.493953], [93.034501, 25.483571], [93.034887, 25.468888], [93.035359, 25.458], [93.032999, 25.447925], [93.032269, 25.442112], [93.031926, 25.438392], [93.030038, 25.434206], [93.023858, 25.426106], [93.018794, 25.418935], [93.009696, 25.407113], [93.001542, 25.40343], [92.980385, 25.394397], [92.968884, 25.387225], [92.959785, 25.379936], [92.954078, 25.373499], [92.94837, 25.363766], [92.947941, 25.349378], [92.947168, 25.335648], [92.944937, 25.322149], [92.947769, 25.31152], [92.950001, 25.303761], [92.959099, 25.294138], [92.968283, 25.2863], [92.975149, 25.279937], [92.98296, 25.271942], [92.988281, 25.26224], [92.994547, 25.244385], [93.000298, 25.237786], [93.007078, 25.232585], [93.016004, 25.22746], [93.033771, 25.219773], [93.054113, 25.212319], [93.065443, 25.212319], [93.075657, 25.21325], [93.086557, 25.215114], [93.0916, 25.216784], [93.10853, 25.221326], [93.136682, 25.227771], [93.158569, 25.231187], [93.169813, 25.231032], [93.182945, 25.230799], [93.197107, 25.231109], [93.207836, 25.227227], [93.21599, 25.225752], [93.221827, 25.225752], [93.231268, 25.228625], [93.240194, 25.233283], [93.252125, 25.239339], [93.272638, 25.248966], [93.297872, 25.2485], [93.314695, 25.24586], [93.322248, 25.245162], [93.329716, 25.246482], [93.336754, 25.25013], [93.342848, 25.255875], [93.365078, 25.27008], [93.398466, 25.285447], [93.41383, 25.294526], [93.436661, 25.305778], [93.445673, 25.307796], [93.454771, 25.309425], [93.461895, 25.310201], [93.470578, 25.305196]]], "type": "Polygon"}, "id": "dima-hasao-maibong", "properties": {"district": "Dima Hasao", "grade": "zonal", "locality_id": "dima-hasao-maibong", "osm_id": "relation/10052296", "revenue_circle": "Maibong"}, "type": "Feature"}, {"geometry": {"coordinates": [[[92.661253, 25.572377], [92.662772, 25.572709], [92.665343, 25.572437], [92.666588, 25.572698], [92.668498, 25.573134], [92.670493, 25.573289], [92.673261, 25.573608], [92.674559, 25.573792], [92.677188, 25.574576], [92.679602, 25.574856], [92.680728, 25.574914], [92.682681, 25.57564], [92.68325, 25.576618], [92.683303, 25.577643], [92.683164, 25.578253], [92.682316, 25.579201], [92.681018, 25.579143], [92.679988, 25.579124], [92.679033, 25.579395], [92.678443, 25.579898], [92.678314, 25.580943], [92.678379, 25.581824], [92.679151, 25.582995], [92.68046, 25.585163], [92.681125, 25.586082], [92.683271, 25.58822], [92.684891, 25.589904], [92.686769, 25.591617], [92.688893, 25.593262], [92.690685, 25.594287], [92.692627, 25.595603], [92.693528, 25.596668], [92.696264, 25.598506], [92.698077, 25.599203], [92.700158, 25.599483], [92.702122, 25.59957], [92.704364, 25.599348], [92.706006, 25.599358], [92.708302, 25.599367], [92.709782, 25.599261], [92.712078, 25.59899], [92.712829, 25.598129], [92.713537, 25.596958], [92.71402, 25.595594], [92.714235, 25.594268], [92.714857, 25.591849], [92.715179, 25.590794], [92.715822, 25.590214], [92.716509, 25.589827], [92.717839, 25.589159], [92.718687, 25.588869], [92.720329, 25.587891], [92.721637, 25.587398], [92.722753, 25.58764], [92.723483, 25.588278], [92.724245, 25.588666], [92.726691, 25.589894], [92.728118, 25.590456], [92.729083, 25.59091], [92.729909, 25.591356], [92.731261, 25.591926], [92.732366, 25.592294], [92.733675, 25.592275], [92.73448, 25.592226], [92.735102, 25.592246], [92.735767, 25.592236], [92.737098, 25.592265], [92.739748, 25.593184], [92.741454, 25.593862], [92.742966, 25.594549], [92.744501, 25.595748], [92.747827, 25.598467], [92.749393, 25.600248], [92.750595, 25.601796], [92.750702, 25.602947], [92.750412, 25.603702], [92.749919, 25.604524], [92.749286, 25.605086], [92.748857, 25.605647], [92.748739, 25.606266], [92.748867, 25.606837], [92.749683, 25.609101], [92.750316, 25.609981], [92.750895, 25.610368], [92.751775, 25.610852], [92.752043, 25.611287], [92.752172, 25.612342], [92.752783, 25.612951], [92.753921, 25.613967], [92.754521, 25.614847], [92.754918, 25.615486], [92.755852, 25.616144], [92.757407, 25.616328], [92.758416, 25.616211], [92.759875, 25.615854], [92.761345, 25.615186], [92.762568, 25.614528], [92.763512, 25.614044], [92.764134, 25.614315], [92.764907, 25.614847], [92.765765, 25.615544], [92.766505, 25.616086], [92.767321, 25.61656], [92.768233, 25.617295], [92.768812, 25.618591], [92.768362, 25.619617], [92.76731, 25.620062], [92.76657, 25.620197], [92.76525, 25.620429], [92.764006, 25.620565], [92.762579, 25.620981], [92.762139, 25.621503], [92.761023, 25.622412], [92.759457, 25.62425], [92.757955, 25.625847], [92.757847, 25.626466], [92.757386, 25.62782], [92.757794, 25.628768], [92.758523, 25.629822], [92.759403, 25.63077], [92.76024, 25.631148], [92.761302, 25.631322], [92.76231, 25.631273], [92.763694, 25.631273], [92.765143, 25.631583], [92.766162, 25.632067], [92.766988, 25.632647], [92.767364, 25.633392], [92.76819, 25.635162], [92.768716, 25.636526], [92.769509, 25.637677], [92.770958, 25.639302], [92.771677, 25.639853], [92.772717, 25.640143], [92.774069, 25.640385], [92.774799, 25.640588], [92.776161, 25.642648], [92.776955, 25.643703], [92.777835, 25.644186], [92.778543, 25.644738], [92.779863, 25.645598], [92.780485, 25.645792], [92.781333, 25.645889], [92.781966, 25.645937], [92.782867, 25.646053], [92.783414, 25.646527], [92.784069, 25.647465], [92.785377, 25.650347], [92.786772, 25.65263], [92.787845, 25.654293], [92.788446, 25.656034], [92.789605, 25.659012], [92.789884, 25.66054], [92.78954, 25.661566], [92.788661, 25.662397], [92.787395, 25.663248], [92.786043, 25.663829], [92.783875, 25.664602], [92.782674, 25.665434], [92.780957, 25.666497], [92.778726, 25.669224], [92.77703, 25.670327], [92.775743, 25.670888], [92.774713, 25.671371], [92.774241, 25.672396], [92.774284, 25.673441], [92.775056, 25.674775], [92.776408, 25.678159], [92.778189, 25.679629], [92.779949, 25.680209], [92.78173, 25.680809], [92.78409, 25.681795], [92.785184, 25.682124], [92.786129, 25.683245], [92.787309, 25.684154], [92.788982, 25.684696], [92.790527, 25.685276], [92.7916, 25.685972], [92.795184, 25.687848], [92.797265, 25.688814], [92.799261, 25.689801], [92.800398, 25.690941], [92.800891, 25.692179], [92.801042, 25.693629], [92.800849, 25.696297], [92.801042, 25.697902], [92.802157, 25.699043], [92.803509, 25.699739], [92.804775, 25.700145], [92.806041, 25.700551], [92.80735, 25.700706], [92.808895, 25.700725], [92.81029, 25.700725], [92.811835, 25.700783], [92.814024, 25.702891], [92.814538, 25.70407], [92.81456, 25.705365], [92.814581, 25.706951], [92.814667, 25.707976], [92.81529, 25.70929], [92.815976, 25.710122], [92.816749, 25.710856], [92.818122, 25.711552], [92.818916, 25.712326], [92.819581, 25.713892], [92.820332, 25.715032], [92.821748, 25.717139], [92.82207, 25.718667], [92.822413, 25.720561], [92.822478, 25.721605], [92.822885, 25.723848], [92.822649, 25.725162], [92.822371, 25.726264], [92.822156, 25.728023], [92.821448, 25.73187], [92.821298, 25.734189], [92.820976, 25.7362], [92.820761, 25.740201], [92.820826, 25.741128], [92.821555, 25.741437], [92.8228, 25.741534], [92.823937, 25.741534], [92.825138, 25.741843], [92.826877, 25.742153], [92.828658, 25.742404], [92.829602, 25.743177], [92.830589, 25.744143], [92.833829, 25.745806], [92.838678, 25.748067], [92.84179, 25.749458], [92.845545, 25.751101], [92.851896, 25.751816], [92.860351, 25.753053], [92.86623, 25.753556], [92.870564, 25.75402], [92.873611, 25.754406], [92.876787, 25.754793], [92.880521, 25.755566], [92.884212, 25.75688], [92.886357, 25.757653], [92.896614, 25.762252], [92.904467, 25.764649], [92.911763, 25.767856], [92.915926, 25.769441], [92.918501, 25.770523], [92.921205, 25.771644], [92.925281, 25.774001], [92.92747, 25.776591], [92.9288, 25.780532], [92.92953, 25.784899], [92.929187, 25.787488], [92.928028, 25.789961], [92.927771, 25.791584], [92.928371, 25.793516], [92.930174, 25.795796], [92.932019, 25.799505], [92.93232, 25.800896], [92.932148, 25.80248], [92.930989, 25.804373], [92.927299, 25.80673], [92.928929, 25.807039], [92.931633, 25.806884], [92.933274, 25.806701], [92.93454, 25.806382], [92.935903, 25.806102], [92.937555, 25.805484], [92.938961, 25.804759], [92.940602, 25.803938], [92.941879, 25.803427], [92.942415, 25.803214], [92.94336, 25.803291], [92.944239, 25.803494], [92.945087, 25.804074], [92.946095, 25.804711], [92.946428, 25.805397], [92.946664, 25.806344], [92.947061, 25.80728], [92.94807, 25.808217], [92.949175, 25.808749], [92.950462, 25.808942], [92.951943, 25.808884], [92.952619, 25.808729], [92.953563, 25.808517], [92.954711, 25.808459], [92.955548, 25.808459], [92.956299, 25.808806], [92.957489, 25.81011], [92.958873, 25.812255], [92.96, 25.814331], [92.960933, 25.8155], [92.962478, 25.816784], [92.96383, 25.817547], [92.964946, 25.817827], [92.96589, 25.817789], [92.96648, 25.81746], [92.967178, 25.816862], [92.967467, 25.816282], [92.967575, 25.815538], [92.967457, 25.814901], [92.967006, 25.814167], [92.966126, 25.813558], [92.964281, 25.812129], [92.9625, 25.810864], [92.961534, 25.810052], [92.959871, 25.808671], [92.958133, 25.807464], [92.957082, 25.805889], [92.956739, 25.805204], [92.956449, 25.804412], [92.956331, 25.803687], [92.95632, 25.803204], [92.957039, 25.801659], [92.957597, 25.800558], [92.958112, 25.799708], [92.958927, 25.799109], [92.959378, 25.798693], [92.960011, 25.798181], [92.962146, 25.796317], [92.963841, 25.795322], [92.964806, 25.794762], [92.966266, 25.79424], [92.968368, 25.793216], [92.970353, 25.791729], [92.970632, 25.790956], [92.970546, 25.790231], [92.97031, 25.789526], [92.96986, 25.788792], [92.968401, 25.787092], [92.967886, 25.785971], [92.967725, 25.785266], [92.967585, 25.78401], [92.967736, 25.783431], [92.9681, 25.783112], [92.968626, 25.782851], [92.968969, 25.782793], [92.970074, 25.782957], [92.971255, 25.783179], [92.972263, 25.783546], [92.973465, 25.784126], [92.974216, 25.784493], [92.975578, 25.785546], [92.976286, 25.786309], [92.977284, 25.787256], [92.978915, 25.78886], [92.979645, 25.789942], [92.97987, 25.790618], [92.980235, 25.791217], [92.981082, 25.791168], [92.981544, 25.790753], [92.981951, 25.789739], [92.982198, 25.788599], [92.982091, 25.787517], [92.981651, 25.786512], [92.980739, 25.784986], [92.980052, 25.783179], [92.979816, 25.782204], [92.979816, 25.781498], [92.980031, 25.780928], [92.98032, 25.780677], [92.980975, 25.780445], [92.981844, 25.780513], [92.983239, 25.780571], [92.983861, 25.780696], [92.984687, 25.781112], [92.98591, 25.782793], [92.986393, 25.784464], [92.98664, 25.785836], [92.987026, 25.787469], [92.987402, 25.790019], [92.98752, 25.791652], [92.987477, 25.793893], [92.987509, 25.796114], [92.987412, 25.798993], [92.987498, 25.801417], [92.987605, 25.802567], [92.987348, 25.803745], [92.986704, 25.804083], [92.98591, 25.804103], [92.98532, 25.804035], [92.984226, 25.804141], [92.983378, 25.804566], [92.982692, 25.805059], [92.981983, 25.805996], [92.981447, 25.806633], [92.981114, 25.807483], [92.981254, 25.808217], [92.981554, 25.808787], [92.982659, 25.810052], [92.984805, 25.811704], [92.98561, 25.812641], [92.986254, 25.813587], [92.98679, 25.815278], [92.986897, 25.817035], [92.987777, 25.81887], [92.988399, 25.820039], [92.989043, 25.821063], [92.989826, 25.822125], [92.990405, 25.822492], [92.991135, 25.822492], [92.991929, 25.822086], [92.992712, 25.821671], [92.993495, 25.821227], [92.99445, 25.821111], [92.995448, 25.821246], [92.996339, 25.821671], [92.997208, 25.822144], [92.998045, 25.823013], [92.999654, 25.825544], [93.001285, 25.827437], [93.002314, 25.828615], [93.003752, 25.828943], [93.004911, 25.828557], [93.006113, 25.827804], [93.006735, 25.826819], [93.007014, 25.825602], [93.006842, 25.824172], [93.006456, 25.822859], [93.005147, 25.820213], [93.003495, 25.817702], [93.000062, 25.812448], [92.99901, 25.810574], [92.998667, 25.809492], [92.998538, 25.808642], [92.998602, 25.80644], [92.999589, 25.80078], [92.999546, 25.798906], [92.999311, 25.7968], [92.99974, 25.794269], [93.000147, 25.79282], [93.001048, 25.790714], [93.001885, 25.789362], [93.002636, 25.788164], [93.003344, 25.787198], [93.004332, 25.78685], [93.005662, 25.787179], [93.00725, 25.787739], [93.009245, 25.788415], [93.010404, 25.789014], [93.012035, 25.79], [93.012636, 25.790714], [93.013344, 25.792183], [93.014417, 25.793999], [93.015296, 25.796993], [93.01652, 25.800104], [93.017743, 25.801302], [93.018687, 25.8019], [93.019631, 25.801842], [93.020253, 25.800857], [93.020661, 25.799891], [93.021841, 25.797843], [93.022935, 25.796375], [93.024566, 25.795235], [93.025682, 25.794636], [93.026969, 25.794424], [93.027892, 25.794598], [93.03154, 25.795776], [93.033085, 25.796221], [93.034973, 25.796008], [93.036861, 25.795177], [93.038235, 25.794308], [93.040209, 25.793187], [93.046882, 25.789497], [93.050873, 25.78687], [93.052408, 25.785836], [93.053148, 25.785343], [93.053856, 25.784783], [93.053974, 25.784339], [93.05391, 25.783788], [93.053534, 25.783353], [93.052772, 25.782909], [93.052225, 25.78231], [93.052053, 25.781576], [93.051925, 25.780967], [93.051946, 25.780484], [93.052075, 25.780107], [93.052568, 25.77918], [93.053341, 25.779238], [93.054156, 25.779663], [93.05465, 25.780783], [93.055916, 25.781576], [93.057182, 25.781305], [93.058791, 25.781402], [93.059692, 25.779933], [93.059757, 25.779373], [93.058898, 25.779141], [93.05804, 25.77945], [93.057032, 25.779315], [93.056581, 25.778677], [93.056345, 25.776494], [93.058169, 25.776165], [93.058941, 25.775547], [93.058169, 25.774291], [93.057654, 25.773499], [93.058298, 25.772726], [93.059735, 25.773306], [93.061602, 25.775605], [93.062568, 25.776803], [93.064864, 25.777929], [93.065753, 25.777465], [93.066945, 25.771141], [93.069027, 25.76746], [93.072535, 25.767373], [93.077813, 25.768088], [93.07932, 25.768788], [93.085217, 25.770422], [93.09396, 25.770349], [93.095613, 25.763141], [93.095527, 25.747912], [93.095398, 25.736702], [93.094282, 25.72116], [93.090076, 25.71567], [93.083124, 25.707744], [93.072824, 25.704225], [93.049693, 25.696762], [93.034415, 25.69216], [93.008537, 25.681988], [92.996735, 25.675375], [92.991843, 25.671429], [92.983389, 25.657659], [92.979698, 25.650076], [92.975664, 25.637464], [92.972917, 25.621755], [92.970085, 25.598613], [92.970858, 25.590059], [92.969184, 25.577672], [92.96957, 25.570705], [92.973261, 25.555799], [92.974677, 25.549721], [92.976093, 25.545578], [92.980084, 25.542674], [92.986994, 25.537175], [92.99695, 25.529121], [93.003559, 25.524357], [93.009009, 25.519865], [93.019481, 25.511461], [93.025918, 25.505302], [93.031755, 25.493953], [93.034501, 25.483571], [93.034887, 25.468888], [93.035359, 25.458], [93.032999, 25.447925], [93.032269, 25.442112], [93.031926, 25.438392], [93.030038, 25.434206], [93.023858, 25.426106], [93.018794, 25.418935], [93.009696, 25.407113], [93.001542, 25.40343], [92.980385, 25.394397], [92.968884, 25.387225], [92.959785, 25.379936], [92.954078, 25.373499], [92.94837, 25.363766], [92.926354, 25.363844], [92.913136, 25.363262], [92.906485, 25.354769], [92.90082, 25.347943], [92.897429, 25.335454], [92.896914, 25.330489], [92.89391, 25.325796], [92.891893, 25.321839], [92.890091, 25.320055], [92.887988, 25.318852], [92.885199, 25.318619], [92.879963, 25.31893], [92.876573, 25.319783], [92.870135, 25.321684], [92.862968, 25.324322], [92.851682, 25.328938], [92.844601, 25.331459], [92.835245, 25.336851], [92.829623, 25.339449], [92.822714, 25.343444], [92.814603, 25.349727], [92.812457, 25.351589], [92.807693, 25.35411], [92.803488, 25.357057], [92.799539, 25.360276], [92.796793, 25.362292], [92.793832, 25.363882], [92.790828, 25.364425], [92.787652, 25.363029], [92.783575, 25.359268], [92.782888, 25.356126], [92.782867, 25.353354], [92.78115, 25.350406], [92.778854, 25.345403], [92.777159, 25.342378], [92.775807, 25.339352], [92.774134, 25.337607], [92.773533, 25.337908], [92.772717, 25.338169], [92.771634, 25.338257], [92.770851, 25.337898], [92.770078, 25.337239], [92.768866, 25.336511], [92.766033, 25.334921], [92.765057, 25.3343], [92.763995, 25.333757], [92.763083, 25.333816], [92.762557, 25.334106], [92.761549, 25.334969], [92.760562, 25.3359], [92.759939, 25.336511], [92.758888, 25.337461], [92.757847, 25.338373], [92.756249, 25.340458], [92.755401, 25.342019], [92.754189, 25.342659], [92.753127, 25.343037], [92.751914, 25.34327], [92.751088, 25.343386], [92.750337, 25.343726], [92.749618, 25.344084], [92.749135, 25.34518], [92.74906, 25.34613], [92.749146, 25.347381], [92.749511, 25.349233], [92.749425, 25.3506], [92.748138, 25.35282], [92.747805, 25.353693], [92.747473, 25.35442], [92.746893, 25.355341], [92.746561, 25.356223], [92.745863, 25.3576], [92.745456, 25.358492], [92.744983, 25.358986], [92.744533, 25.359287], [92.74361, 25.359617], [92.742634, 25.359723], [92.741668, 25.35983], [92.740638, 25.359975], [92.739748, 25.360383], [92.739276, 25.360896], [92.738664, 25.362447], [92.738664, 25.363049], [92.738675, 25.363582], [92.738761, 25.364163], [92.738943, 25.365152], [92.739007, 25.365918], [92.738997, 25.366694], [92.738836, 25.36713], [92.738031, 25.367508], [92.737302, 25.367518], [92.735928, 25.367566], [92.734716, 25.367663], [92.733117, 25.368061], [92.732742, 25.368351], [92.732195, 25.368788], [92.732023, 25.36934], [92.732098, 25.370756], [92.732259, 25.371531], [92.732409, 25.372249], [92.732645, 25.373131], [92.734126, 25.37474], [92.735531, 25.375699], [92.736411, 25.376349], [92.737012, 25.376756], [92.737677, 25.377483], [92.738074, 25.378249], [92.738289, 25.378889], [92.738353, 25.37948], [92.737548, 25.379945], [92.735081, 25.37981], [92.733825, 25.379897], [92.732581, 25.379974], [92.731293, 25.379984], [92.729834, 25.379897], [92.727914, 25.379422], [92.725232, 25.378889], [92.723783, 25.378617], [92.722957, 25.378491], [92.721981, 25.378133], [92.721219, 25.377124], [92.719964, 25.374633], [92.719073, 25.373286], [92.718494, 25.372869], [92.717872, 25.372675], [92.717164, 25.372723], [92.716584, 25.372985], [92.715983, 25.373654], [92.715715, 25.374401], [92.714728, 25.376494], [92.714642, 25.377454], [92.714342, 25.378036], [92.713569, 25.379179], [92.712657, 25.380653], [92.710608, 25.383415], [92.710372, 25.384055], [92.709932, 25.384569], [92.709428, 25.385073], [92.708902, 25.385461], [92.708355, 25.385703], [92.707615, 25.385713], [92.707068, 25.385664], [92.706424, 25.385538], [92.705737, 25.385344], [92.70387, 25.384559], [92.702808, 25.384385], [92.701693, 25.384705], [92.700448, 25.385238], [92.699364, 25.385868], [92.698538, 25.386469], [92.69783, 25.38705], [92.697154, 25.387903], [92.696714, 25.38864], [92.696511, 25.38925], [92.696307, 25.390317], [92.695684, 25.391848], [92.694912, 25.394261], [92.694633, 25.395386], [92.694054, 25.39619], [92.693378, 25.397382], [92.69164, 25.398972], [92.690631, 25.399485], [92.689977, 25.399931], [92.688947, 25.400939], [92.688464, 25.401433], [92.688153, 25.402005], [92.687316, 25.402693], [92.686812, 25.403062], [92.684859, 25.404099], [92.683947, 25.404302], [92.683239, 25.40468], [92.681973, 25.405378], [92.680943, 25.405863], [92.679838, 25.406279], [92.678969, 25.40658], [92.677724, 25.407074], [92.67692, 25.408062], [92.676072, 25.409148], [92.675557, 25.410766], [92.674634, 25.412724], [92.67354, 25.41408], [92.673186, 25.414361], [92.672414, 25.414575], [92.670536, 25.414827], [92.669721, 25.414904], [92.668626, 25.414952], [92.667693, 25.414923], [92.66706, 25.414681], [92.666373, 25.414061], [92.6653, 25.412792], [92.664968, 25.411396], [92.664506, 25.409458], [92.664152, 25.407946], [92.663884, 25.407025], [92.663305, 25.40627], [92.662243, 25.405853], [92.661374, 25.406279], [92.660236, 25.407384], [92.658949, 25.408605], [92.657404, 25.410165], [92.656052, 25.412142], [92.655526, 25.413383], [92.655044, 25.414206], [92.654507, 25.41472], [92.65381, 25.415098], [92.653188, 25.415476], [92.652501, 25.416115], [92.651546, 25.418722], [92.65087, 25.420718], [92.650613, 25.422104], [92.650602, 25.424071], [92.650655, 25.424924], [92.650688, 25.425553], [92.65087, 25.426532], [92.651246, 25.427443], [92.651578, 25.428286], [92.652136, 25.429584], [92.652522, 25.430137], [92.652962, 25.430873], [92.653391, 25.431522], [92.653863, 25.432307], [92.654056, 25.433082], [92.653885, 25.433576], [92.653123, 25.433886], [92.651975, 25.433528], [92.650023, 25.431958], [92.648832, 25.430505], [92.647662, 25.429458], [92.645677, 25.427414], [92.645345, 25.426968], [92.644948, 25.425844], [92.644261, 25.424904], [92.643489, 25.424274], [92.641686, 25.422986], [92.641257, 25.422356], [92.641139, 25.421697], [92.641032, 25.420699], [92.640742, 25.419614], [92.640699, 25.418809], [92.64042, 25.418121], [92.640023, 25.417695], [92.639508, 25.417511], [92.638897, 25.417433], [92.638081, 25.417598], [92.637609, 25.417956], [92.63703, 25.418567], [92.636096, 25.420156], [92.63586, 25.420999], [92.635742, 25.421871], [92.635614, 25.423276], [92.635485, 25.425059], [92.635539, 25.425612], [92.635474, 25.426338], [92.635217, 25.426968], [92.63423, 25.427976], [92.632427, 25.429478], [92.631805, 25.430069], [92.631022, 25.430766], [92.630217, 25.431532], [92.629284, 25.432307], [92.628586, 25.432888], [92.627792, 25.433596], [92.627084, 25.434303], [92.626559, 25.434826], [92.626001, 25.435175], [92.62525, 25.435156], [92.624874, 25.434836], [92.62466, 25.434235], [92.624563, 25.433489], [92.624724, 25.432036], [92.625411, 25.429206], [92.626215, 25.427123], [92.627728, 25.424197], [92.627835, 25.423693], [92.627878, 25.422957], [92.627546, 25.422327], [92.62585, 25.421319], [92.624424, 25.42097], [92.62378, 25.420999], [92.622954, 25.421096], [92.622149, 25.421367], [92.621119, 25.421765], [92.620132, 25.422133], [92.619317, 25.422569], [92.618512, 25.42286], [92.617686, 25.422714], [92.615862, 25.421833], [92.615132, 25.421397], [92.614929, 25.420786], [92.614617, 25.42003], [92.614006, 25.418489], [92.61362, 25.417753], [92.612965, 25.416842], [92.611506, 25.415418], [92.609768, 25.413625], [92.608652, 25.413121], [92.607976, 25.412947], [92.606345, 25.413228], [92.605906, 25.413664], [92.605337, 25.414875], [92.604361, 25.419139], [92.604146, 25.419962], [92.604286, 25.420786], [92.605283, 25.422511], [92.606592, 25.425021], [92.606957, 25.42568], [92.607193, 25.426358], [92.606989, 25.427404], [92.606066, 25.428761], [92.604382, 25.431144], [92.603406, 25.432569], [92.60273, 25.434313], [92.602944, 25.436841], [92.603191, 25.439816], [92.602923, 25.443856], [92.602944, 25.444592], [92.603127, 25.44496], [92.603577, 25.445532], [92.603899, 25.446045], [92.604275, 25.446617], [92.604532, 25.447818], [92.604404, 25.448525], [92.603749, 25.44902], [92.602901, 25.449427], [92.601807, 25.449717], [92.601013, 25.449766], [92.599672, 25.450008], [92.59847, 25.450153], [92.597752, 25.450541], [92.59743, 25.450948], [92.597387, 25.451383], [92.597344, 25.452275], [92.597752, 25.455394], [92.598116, 25.45644], [92.598449, 25.458], [92.598814, 25.459947], [92.599028, 25.460838], [92.599211, 25.461516], [92.600166, 25.463308], [92.60023, 25.464219], [92.599747, 25.465817], [92.599415, 25.466582], [92.598857, 25.467716], [92.59847, 25.468423], [92.597859, 25.469236], [92.59625, 25.470137], [92.595456, 25.470631], [92.593245, 25.470922], [92.592055, 25.470806], [92.590767, 25.470689], [92.589555, 25.469992], [92.587259, 25.468326], [92.586358, 25.467377], [92.585617, 25.466795], [92.584845, 25.466137], [92.584115, 25.465875], [92.583461, 25.465991], [92.582774, 25.467289], [92.58242, 25.469081], [92.582388, 25.469876], [92.582313, 25.470883], [92.582291, 25.471716], [92.581723, 25.472229], [92.580864, 25.47252], [92.579931, 25.472326], [92.579008, 25.471919], [92.577442, 25.470622], [92.576648, 25.469827], [92.576015, 25.46911], [92.575479, 25.468462], [92.574867, 25.467086], [92.573311, 25.466253], [92.572228, 25.465662], [92.570919, 25.464994], [92.56947, 25.464374], [92.567368, 25.463812], [92.565801, 25.463812], [92.5652, 25.464916], [92.564728, 25.466156], [92.564406, 25.467958], [92.564385, 25.471464], [92.564814, 25.474351], [92.566295, 25.476927], [92.567646, 25.479813], [92.568998, 25.481866], [92.569728, 25.482893], [92.570393, 25.484036], [92.573268, 25.487077], [92.574062, 25.488472], [92.574449, 25.489382], [92.574727, 25.490079], [92.575972, 25.49219], [92.58065, 25.49465], [92.584512, 25.4968], [92.592258, 25.500693], [92.594941, 25.50201], [92.597966, 25.504314], [92.601442, 25.507065], [92.60421, 25.508285], [92.60788, 25.510589], [92.612944, 25.513223], [92.619853, 25.516728], [92.621849, 25.518277], [92.624295, 25.520117], [92.626934, 25.521821], [92.62835, 25.523728], [92.628747, 25.524648], [92.629627, 25.525839], [92.630936, 25.526826], [92.633575, 25.528462], [92.635131, 25.528792], [92.636075, 25.529189], [92.637266, 25.529576], [92.637931, 25.529905], [92.638382, 25.530999], [92.638532, 25.531589], [92.639047, 25.532325], [92.639776, 25.533119], [92.642019, 25.534048], [92.64263, 25.534397], [92.643145, 25.534803], [92.643403, 25.535394], [92.643242, 25.537233], [92.643027, 25.538685], [92.642577, 25.539789], [92.642062, 25.540873], [92.641783, 25.541532], [92.641611, 25.542267], [92.64189, 25.54279], [92.642748, 25.5437], [92.642856, 25.544474], [92.642856, 25.54521], [92.642856, 25.545829], [92.642834, 25.546468], [92.642791, 25.547223], [92.642984, 25.548172], [92.644401, 25.550766], [92.645581, 25.552528], [92.646117, 25.554096], [92.646139, 25.555064], [92.645452, 25.555374], [92.645195, 25.555741], [92.645624, 25.556303], [92.646718, 25.557116], [92.648027, 25.557677], [92.65013, 25.558277], [92.65279, 25.559303], [92.653584, 25.559729], [92.655151, 25.560445], [92.656159, 25.560871], [92.656953, 25.561704], [92.65734, 25.562788], [92.657168, 25.564452], [92.657447, 25.567975], [92.658143, 25.571014], [92.65904, 25.571392], [92.659661, 25.57158], [92.661253, 25.572377]]], "type": "Polygon"}, "id": "dima-hasao-umrangso", "properties": {"district": "Dima Hasao", "grade": "zonal", "locality_id": "dima-hasao-umrangso", "osm_id": "relation/10052297", "revenue_circle": "Umrangso"}, "type": "Feature"}, {"geometry": {"coordinates": [[[90.602175, 26.214061], [90.607424, 26.211819], [90.617251, 26.209778], [90.620599, 26.202309], [90.624504, 26.203271], [90.629053, 26.205658], [90.635919, 26.207353], [90.639025, 26.208192], [90.639954, 26.202655], [90.639095, 26.188523], [90.639009, 26.181206], [90.638924, 26.177008], [90.635705, 26.172887], [90.634933, 26.170576], [90.634546, 26.167533], [90.635104, 26.163874], [90.642314, 26.157287], [90.647936, 26.155284], [90.651369, 26.154051], [90.654116, 26.152626], [90.654845, 26.149506], [90.653257, 26.147464], [90.649309, 26.145152], [90.646563, 26.144344], [90.642185, 26.143534], [90.635748, 26.143457], [90.630855, 26.143188], [90.628624, 26.140684], [90.628109, 26.135868], [90.628881, 26.134365], [90.630855, 26.133595], [90.632486, 26.132054], [90.630598, 26.128894], [90.628924, 26.128046], [90.628066, 26.126698], [90.628495, 26.123654], [90.625191, 26.121535], [90.613689, 26.110129], [90.61326, 26.096178], [90.607166, 26.090165], [90.601931, 26.083806], [90.596952, 26.076829], [90.593219, 26.06804], [90.594549, 26.062257], [90.595922, 26.059713], [90.598326, 26.056783], [90.604506, 26.053236], [90.60648, 26.049458], [90.605836, 26.046874], [90.602746, 26.045101], [90.6003, 26.04379], [90.597081, 26.043751], [90.596566, 26.038931], [90.597639, 26.037582], [90.600257, 26.035692], [90.602746, 26.033533], [90.606093, 26.02933], [90.608668, 26.026438], [90.608025, 26.021501], [90.60914, 26.010664], [90.60605, 26.002294], [90.604849, 25.997126], [90.600386, 25.990877], [90.595751, 25.979767], [90.59442, 25.977297], [90.59236, 25.972359], [90.591245, 25.968925], [90.592983, 25.965453], [90.594056, 25.962848], [90.593777, 25.96144], [90.592446, 25.960109], [90.589828, 25.959048], [90.587683, 25.957504], [90.584106, 25.957135], [90.579915, 25.953569], [90.57672, 25.944891], [90.575596, 25.936239], [90.550303, 25.922579], [90.54348, 25.922733], [90.541892, 25.920688], [90.545282, 25.919761], [90.548201, 25.916249], [90.546012, 25.914589], [90.536485, 25.912813], [90.52493, 25.900461], [90.516658, 25.895982], [90.512689, 25.896104], [90.508675, 25.897334], [90.506916, 25.901773], [90.512967, 25.907795], [90.516057, 25.914589], [90.519834, 25.927095], [90.526997, 25.933412], [90.532836, 25.938561], [90.533395, 25.950559], [90.527977, 25.957752], [90.519018, 25.969234], [90.506101, 25.98266], [90.496424, 25.997274], [90.480203, 26.006756], [90.474021, 26.009095], [90.457383, 25.999579], [90.447264, 25.99755], [90.442672, 25.995718], [90.440569, 25.99917], [90.43396, 26.000944], [90.438251, 26.005959], [90.442886, 26.012361], [90.445375, 26.014675], [90.453014, 26.015755], [90.457477, 26.016449], [90.462971, 26.01776], [90.465975, 26.01992], [90.467777, 26.024162], [90.470438, 26.034188], [90.474472, 26.037736], [90.479879, 26.040358], [90.481768, 26.041592], [90.478849, 26.04699], [90.475759, 26.050923], [90.473785, 26.055164], [90.473185, 26.059405], [90.471296, 26.061563], [90.46709, 26.063568], [90.460653, 26.064031], [90.457134, 26.063877], [90.453014, 26.062643], [90.448551, 26.061641], [90.443315, 26.060792], [90.437822, 26.06033], [90.433788, 26.058633], [90.430612, 26.056475], [90.427866, 26.055395], [90.423403, 26.054778], [90.419369, 26.055549], [90.415249, 26.057168], [90.411301, 26.058017], [90.408382, 26.058017], [90.402031, 26.056243], [90.380831, 26.045833], [90.373449, 26.046913], [90.360146, 26.045448], [90.345983, 26.044214], [90.341177, 26.045293], [90.338173, 26.048224], [90.344009, 26.064185], [90.356712, 26.072512], [90.362549, 26.081146], [90.368814, 26.082996], [90.372505, 26.08554], [90.374737, 26.083305], [90.377226, 26.085849], [90.378942, 26.089163], [90.381946, 26.09109], [90.382976, 26.093326], [90.382891, 26.098413], [90.378256, 26.100417], [90.372076, 26.101496], [90.368299, 26.101959], [90.366497, 26.102961], [90.365467, 26.103886], [90.365724, 26.106429], [90.36375, 26.108125], [90.360489, 26.108896], [90.35963, 26.111824], [90.361862, 26.115447], [90.365124, 26.117527], [90.367012, 26.119839], [90.365467, 26.120687], [90.359287, 26.121689], [90.357141, 26.122305], [90.352936, 26.122999], [90.354137, 26.129549], [90.375423, 26.14234], [90.38126, 26.13764], [90.384951, 26.134173], [90.386581, 26.131861], [90.389242, 26.137871], [90.388727, 26.140183], [90.385465, 26.143111], [90.381861, 26.146732], [90.381174, 26.149429], [90.383749, 26.149968], [90.38641, 26.150199], [90.386925, 26.15251], [90.385809, 26.156054], [90.383749, 26.161139], [90.387182, 26.168997], [90.388041, 26.176392], [90.389843, 26.182631], [90.389049, 26.191295], [90.396653, 26.194177], [90.406751, 26.192412], [90.411987, 26.193645], [90.418081, 26.194107], [90.427093, 26.193413], [90.431986, 26.191334], [90.438209, 26.189139], [90.442114, 26.186944], [90.444817, 26.185673], [90.446491, 26.18394], [90.446534, 26.182246], [90.444045, 26.18136], [90.439324, 26.177932], [90.437393, 26.17616], [90.437093, 26.174158], [90.438037, 26.171269], [90.439968, 26.168342], [90.441213, 26.167032], [90.442801, 26.16526], [90.446706, 26.167032], [90.452285, 26.16969], [90.46031, 26.173888], [90.464859, 26.177393], [90.468378, 26.178625], [90.47018, 26.176738], [90.467391, 26.173965], [90.465245, 26.170807], [90.463958, 26.168958], [90.465202, 26.167533], [90.469837, 26.170653], [90.475502, 26.173965], [90.480652, 26.177239], [90.483913, 26.179588], [90.489106, 26.184402], [90.492496, 26.186674], [90.497131, 26.189254], [90.499406, 26.190718], [90.510907, 26.19711], [90.516186, 26.198265], [90.520649, 26.200383], [90.52494, 26.201346], [90.529618, 26.202309], [90.533738, 26.203194], [90.543566, 26.205735], [90.552621, 26.205851], [90.556054, 26.205004], [90.561504, 26.204773], [90.57086, 26.204619], [90.574894, 26.203772], [90.58013, 26.205735], [90.582619, 26.206929], [90.591631, 26.21128], [90.598411, 26.215669], [90.602175, 26.214061]]], "type": "Polygon"}, "id": "goalpara-balijana", "properties": {"district": "Goalpara", "grade": "zonal", "locality_id": "goalpara-balijana", "osm_id": "relation/10041778", "revenue_circle": "Balijana"}, "type": "Feature"}, {"geometry": {"coordinates": [[[90.433187, 25.991026], [90.442672, 25.995718], [90.440569, 25.99917], [90.43396, 26.000944], [90.438251, 26.005959], [90.442886, 26.012361], [90.445375, 26.014675], [90.453014, 26.015755], [90.457477, 26.016449], [90.462971, 26.01776], [90.465975, 26.01992], [90.467777, 26.024162], [90.470438, 26.034188], [90.474472, 26.037736], [90.479879, 26.040358], [90.481768, 26.041592], [90.478849, 26.04699], [90.475759, 26.050923], [90.473785, 26.055164], [90.473185, 26.059405], [90.471296, 26.061563], [90.46709, 26.063568], [90.460653, 26.064031], [90.457134, 26.063877], [90.453014, 26.062643], [90.448551, 26.061641], [90.443315, 26.060792], [90.437822, 26.06033], [90.433788, 26.058633], [90.430612, 26.056475], [90.427866, 26.055395], [90.423403, 26.054778], [90.419369, 26.055549], [90.415249, 26.057168], [90.411301, 26.058017], [90.408382, 26.058017], [90.402031, 26.056243], [90.380831, 26.045833], [90.373449, 26.046913], [90.360146, 26.045448], [90.345983, 26.044214], [90.341177, 26.045293], [90.338173, 26.048224], [90.344009, 26.064185], [90.356712, 26.072512], [90.362549, 26.081146], [90.368814, 26.082996], [90.372505, 26.08554], [90.374737, 26.083305], [90.377226, 26.085849], [90.378942, 26.089163], [90.381946, 26.09109], [90.382976, 26.093326], [90.382891, 26.098413], [90.378256, 26.100417], [90.372076, 26.101496], [90.368299, 26.101959], [90.366497, 26.102961], [90.365467, 26.103886], [90.365724, 26.106429], [90.36375, 26.108125], [90.360489, 26.108896], [90.35963, 26.111824], [90.361862, 26.115447], [90.365124, 26.117527], [90.367012, 26.119839], [90.365467, 26.120687], [90.359287, 26.121689], [90.357141, 26.122305], [90.352936, 26.122999], [90.354137, 26.129549], [90.375423, 26.14234], [90.38126, 26.13764], [90.384951, 26.134173], [90.386581, 26.131861], [90.389242, 26.137871], [90.388727, 26.140183], [90.385465, 26.143111], [90.381861, 26.146732], [90.381174, 26.149429], [90.383749, 26.149968], [90.38641, 26.150199], [90.386925, 26.15251], [90.385809, 26.156054], [90.383749, 26.161139], [90.387182, 26.168997], [90.388041, 26.176392], [90.389843, 26.182631], [90.389049, 26.191295], [90.390766, 26.203656], [90.383749, 26.200961], [90.373063, 26.196802], [90.365467, 26.193991], [90.362463, 26.191411], [90.356669, 26.190025], [90.350232, 26.189062], [90.347056, 26.188985], [90.342894, 26.188638], [90.339117, 26.190256], [90.333366, 26.190256], [90.32467, 26.190027], [90.321618, 26.190044], [90.319537, 26.189553], [90.317853, 26.189447], [90.316361, 26.189794], [90.314602, 26.190169], [90.311415, 26.190583], [90.310235, 26.192066], [90.30899, 26.193028], [90.306222, 26.192971], [90.303776, 26.192566], [90.30251, 26.191969], [90.301158, 26.191161], [90.299335, 26.190679], [90.296438, 26.18989], [90.29264, 26.188831], [90.28955, 26.187213], [90.287812, 26.18756], [90.285065, 26.188041], [90.282404, 26.187772], [90.281181, 26.187194], [90.279787, 26.186713], [90.278564, 26.186905], [90.277705, 26.187599], [90.27571, 26.187021], [90.27468, 26.186308], [90.273049, 26.185423], [90.27174, 26.184441], [90.270646, 26.182919], [90.269144, 26.182592], [90.267427, 26.182939], [90.265818, 26.18315], [90.264895, 26.182592], [90.26468, 26.180089], [90.263371, 26.177142], [90.262685, 26.17512], [90.262556, 26.173657], [90.262813, 26.171962], [90.262985, 26.169536], [90.262899, 26.168977], [90.262771, 26.167822], [90.261998, 26.164914], [90.261612, 26.162583], [90.262234, 26.159772], [90.260475, 26.155322], [90.258479, 26.152838], [90.256698, 26.15174], [90.253565, 26.150892], [90.250433, 26.150122], [90.249724, 26.14939], [90.247986, 26.144382], [90.247621, 26.14103], [90.247493, 26.139605], [90.242665, 26.13841], [90.240755, 26.137467], [90.233502, 26.135714], [90.2214, 26.131052], [90.216937, 26.128085], [90.212817, 26.12743], [90.211492, 26.127448], [90.195866, 26.127661], [90.19299, 26.125889], [90.189128, 26.121226], [90.188012, 26.117489], [90.187025, 26.112556], [90.185652, 26.10982], [90.183291, 26.108394], [90.179901, 26.106005], [90.177627, 26.104849], [90.175052, 26.10431], [90.173936, 26.103616], [90.173421, 26.101458], [90.172992, 26.099222], [90.172906, 26.09745], [90.172906, 26.09533], [90.172133, 26.089395], [90.171919, 26.086581], [90.169601, 26.082726], [90.169086, 26.079373], [90.169129, 26.077253], [90.170588, 26.075518], [90.172477, 26.073899], [90.175652, 26.071664], [90.179257, 26.067539], [90.181661, 26.063375], [90.184622, 26.055125], [90.184407, 26.050768], [90.181789, 26.049535], [90.179, 26.048648], [90.176811, 26.047877], [90.173163, 26.047722], [90.168228, 26.047298], [90.177584, 26.037505], [90.180309, 26.032839], [90.185523, 26.03199], [90.189707, 26.031239], [90.193205, 26.030236], [90.195634, 26.028164], [90.196359, 26.026013], [90.19623, 26.023237], [90.194127, 26.019689], [90.19166, 26.017201], [90.189707, 26.015331], [90.185485, 26.011764], [90.184208, 26.010068], [90.185059, 26.007615], [90.187111, 26.005611], [90.186768, 26.002796], [90.18548, 26.001639], [90.183055, 26.001619], [90.180266, 26.001484], [90.178978, 26.00079], [90.17885, 25.998591], [90.17812, 25.997396], [90.176318, 25.997164], [90.174451, 25.995313], [90.173786, 25.993982], [90.173485, 25.992497], [90.173356, 25.991436], [90.172069, 25.991359], [90.169966, 25.991031], [90.168636, 25.990124], [90.164366, 25.986151], [90.162778, 25.986961], [90.161662, 25.988639], [90.15868, 25.988948], [90.156791, 25.988504], [90.154538, 25.987231], [90.152199, 25.985264], [90.151126, 25.983566], [90.150611, 25.981927], [90.149539, 25.9805], [90.14823, 25.980133], [90.147178, 25.980287], [90.145719, 25.981425], [90.14456, 25.982563], [90.143273, 25.982853], [90.141449, 25.982563], [90.141256, 25.98077], [90.141578, 25.978146], [90.140548, 25.974944], [90.139475, 25.973594], [90.138037, 25.973575], [90.136921, 25.974385], [90.135634, 25.975137], [90.134733, 25.975118], [90.133145, 25.974423], [90.132072, 25.973015], [90.131471, 25.971337], [90.129647, 25.968945], [90.12851, 25.967247], [90.127566, 25.967228], [90.1266, 25.967826], [90.125849, 25.969871], [90.12366, 25.970237], [90.120635, 25.970392], [90.119154, 25.969543], [90.117588, 25.967691], [90.115399, 25.963774], [90.116476, 25.956979], [90.120496, 25.957813], [90.120764, 25.954958], [90.131229, 25.956683], [90.139823, 25.9581], [90.153204, 25.96479], [90.156517, 25.957289], [90.163765, 25.956463], [90.17595, 25.957207], [90.18264, 25.944273], [90.186811, 25.944693], [90.190673, 25.952064], [90.193791, 25.957207], [90.208509, 25.961668], [90.212969, 25.954086], [90.219769, 25.953646], [90.227241, 25.954977], [90.274186, 25.96063], [90.320331, 25.972036], [90.326414, 25.974211], [90.33092, 25.987173], [90.338323, 25.988003], [90.339932, 25.989527], [90.340864, 25.994145], [90.343602, 25.996836], [90.347528, 26.001176], [90.348666, 26.004551], [90.352142, 26.005573], [90.365059, 26.010283], [90.381024, 26.011725], [90.399863, 26.011636], [90.408466, 26.00239], [90.414863, 25.997974], [90.413961, 25.993249], [90.416813, 25.990822], [90.424669, 25.987906], [90.428839, 25.988874], [90.433187, 25.991026]]], "type": "Polygon"}, "id": "goalpara-lakhipur", "properties": {"district": "Goalpara", "grade": "zonal", "locality_id": "goalpara-lakhipur", "osm_id": "relation/10041777", "revenue_circle": "Lakhipur"}, "type": "Feature"}, {"geometry": {"coordinates": [[[93.650458, 26.773305], [93.651667, 26.756801], [93.672234, 26.715873], [93.649933, 26.708291], [93.566083, 26.727023], [93.560285, 26.731037], [93.562515, 26.739066], [93.545566, 26.744864], [93.53397, 26.756906], [93.509439, 26.76315], [93.472514, 26.760779], [93.460824, 26.760028], [93.431833, 26.74754], [93.403289, 26.755568], [93.35735, 26.740404], [93.347537, 26.73416], [93.335941, 26.710075], [93.305168, 26.699574], [93.305426, 26.698347], [93.305683, 26.696469], [93.306885, 26.694475], [93.308601, 26.692673], [93.311562, 26.690487], [93.314481, 26.688187], [93.315596, 26.686806], [93.315682, 26.684314], [93.316712, 26.682052], [93.317099, 26.67814], [93.316541, 26.677373], [93.314009, 26.677642], [93.312249, 26.675686], [93.309245, 26.672043], [93.308515, 26.670547], [93.308043, 26.668706], [93.308108, 26.666808], [93.309202, 26.665044], [93.312228, 26.662379], [93.317614, 26.658045], [93.319008, 26.65607], [93.319051, 26.652407], [93.319008, 26.650278], [93.315725, 26.6479], [93.31403, 26.643968], [93.311412, 26.640957], [93.309224, 26.639058], [93.304696, 26.636987], [93.302014, 26.636603], [93.29989, 26.635798], [93.29783, 26.635855], [93.294697, 26.636795], [93.292251, 26.637179], [93.289912, 26.637601], [93.287637, 26.637332], [93.288002, 26.636277], [93.289483, 26.635088], [93.290749, 26.632882], [93.292615, 26.628816], [93.293366, 26.626399], [93.294203, 26.622524], [93.295662, 26.619378], [93.296199, 26.617364], [93.296971, 26.610707], [93.297143, 26.608635], [93.297508, 26.606198], [93.2971, 26.602687], [93.296306, 26.599176], [93.295577, 26.595991], [93.29431, 26.593804], [93.293323, 26.592288], [93.29298, 26.590657], [93.293173, 26.588738], [93.294074, 26.586704], [93.296875, 26.584603], [93.297635, 26.584234], [93.299074, 26.583538], [93.303304, 26.582429], [93.320331, 26.585192], [93.35422, 26.581427], [93.384731, 26.580133], [93.386932, 26.58004], [93.391321, 26.579201], [93.395011, 26.579124], [93.396856, 26.579838], [93.402213, 26.579916], [93.402886, 26.57993], [93.40309, 26.57946], [93.4028, 26.578789], [93.402511, 26.578338], [93.402457, 26.577954], [93.402586, 26.577589], [93.40294, 26.577167], [93.403616, 26.576812], [93.404217, 26.576582], [93.405172, 26.57615], [93.405858, 26.575958], [93.406309, 26.575507], [93.406341, 26.574874], [93.405858, 26.574404], [93.405333, 26.574135], [93.4047, 26.573905], [93.403562, 26.573588], [93.402854, 26.573511], [93.401867, 26.573406], [93.401062, 26.573252], [93.400661, 26.57318], [93.400108, 26.573079], [93.398563, 26.572782], [93.397694, 26.572619], [93.397447, 26.572293], [93.397393, 26.571918], [93.397576, 26.571506], [93.398144, 26.570825], [93.398992, 26.57047], [93.399754, 26.57047], [93.400312, 26.57047], [93.400902, 26.570306], [93.401245, 26.56999], [93.401856, 26.569827], [93.402511, 26.569827], [93.403487, 26.569865], [93.40427, 26.570009], [93.405139, 26.570162], [93.405837, 26.570172], [93.406384, 26.570066], [93.406856, 26.570066], [93.407725, 26.57046], [93.408508, 26.570556], [93.409034, 26.570383], [93.408562, 26.569894], [93.408412, 26.569529], [93.40853, 26.569203], [93.408884, 26.569049], [93.409388, 26.56928], [93.410064, 26.569721], [93.410429, 26.570201], [93.410761, 26.570834], [93.411223, 26.571295], [93.412113, 26.571487], [93.412703, 26.571631], [93.413379, 26.57188], [93.413905, 26.572187], [93.414398, 26.572417], [93.416233, 26.572513], [93.417016, 26.572456], [93.417692, 26.572676], [93.418443, 26.573147], [93.419044, 26.573319], [93.419945, 26.573338], [93.423561, 26.573617], [93.425503, 26.574298], [93.428646, 26.575373], [93.432348, 26.575872], [93.434107, 26.575881], [93.435545, 26.575776], [93.43621, 26.575785], [93.437422, 26.576188], [93.438849, 26.576927], [93.440416, 26.577321], [93.441714, 26.577743], [93.442905, 26.57805], [93.443892, 26.578213], [93.445544, 26.57851], [93.446027, 26.578079], [93.446596, 26.577829], [93.447357, 26.578079], [93.447958, 26.578664], [93.448355, 26.579163], [93.448859, 26.579729], [93.449342, 26.579969], [93.449986, 26.579825], [93.450319, 26.579719], [93.450801, 26.5797], [93.451284, 26.579902], [93.451906, 26.580305], [93.453634, 26.580573], [93.45446, 26.580362], [93.454921, 26.579921], [93.454964, 26.579355], [93.455018, 26.578904], [93.454975, 26.57827], [93.454288, 26.577321], [93.453827, 26.576783], [93.453333, 26.57639], [93.452604, 26.575891], [93.452454, 26.575325], [93.452658, 26.575056], [93.453655, 26.575008], [93.454964, 26.575248], [93.456123, 26.575498], [93.457249, 26.575891], [93.457775, 26.576198], [93.459406, 26.578664], [93.461498, 26.581792], [93.46226, 26.583269], [93.463, 26.584306], [93.463955, 26.585217], [93.464717, 26.585659], [93.465478, 26.585754], [93.466015, 26.585591], [93.46624, 26.585351], [93.466412, 26.584853], [93.466422, 26.584315], [93.466111, 26.583423], [93.466101, 26.582982], [93.466294, 26.58255], [93.466433, 26.581897], [93.46653, 26.58159], [93.466412, 26.581159], [93.466111, 26.580823], [93.465661, 26.580496], [93.465521, 26.580141], [93.464867, 26.578482], [93.464706, 26.577906], [93.464577, 26.577378], [93.464416, 26.57685], [93.464073, 26.576457], [93.463676, 26.576083], [93.463139, 26.575833], [93.462035, 26.575363], [93.460972, 26.575046], [93.459899, 26.574528], [93.458419, 26.573147], [93.457829, 26.572878], [93.457164, 26.572676], [93.456616, 26.572446], [93.455865, 26.572024], [93.45564, 26.571765], [93.455629, 26.571391], [93.455833, 26.570968], [93.456005, 26.570642], [93.456252, 26.569452], [93.456498, 26.56879], [93.456681, 26.568521], [93.457142, 26.56856], [93.457925, 26.568905], [93.458462, 26.568963], [93.459127, 26.568992], [93.459932, 26.569337], [93.459996, 26.569644], [93.460093, 26.570805], [93.460661, 26.571045], [93.461316, 26.570815], [93.462163, 26.57046], [93.462818, 26.569999], [93.463118, 26.569568], [93.463665, 26.56927], [93.464084, 26.5695], [93.464148, 26.569807], [93.464084, 26.570402], [93.46388, 26.570949], [93.463837, 26.571391], [93.464502, 26.571707], [93.464792, 26.571707], [93.465382, 26.571822], [93.465886, 26.571928], [93.466305, 26.572235], [93.466455, 26.572724], [93.466637, 26.57366], [93.467168, 26.574308], [93.467506, 26.574749], [93.469545, 26.576505], [93.469899, 26.577196], [93.470253, 26.577647], [93.470811, 26.577906], [93.471444, 26.57827], [93.471819, 26.578549], [93.472109, 26.578961], [93.472366, 26.579335], [93.47272, 26.579902], [93.473536, 26.58113], [93.474995, 26.582061], [93.475789, 26.582387], [93.476497, 26.582588], [93.47713, 26.582905], [93.477527, 26.583135], [93.47831, 26.58374], [93.478997, 26.58419], [93.480499, 26.584785], [93.481947, 26.584718], [93.482945, 26.585006], [93.483599, 26.585275], [93.48479, 26.585735], [93.485477, 26.586052], [93.4864, 26.586042], [93.48759, 26.585889], [93.48846, 26.585822], [93.489886, 26.585572], [93.490895, 26.585918], [93.491356, 26.586474], [93.491625, 26.58705], [93.491732, 26.58752], [93.491474, 26.588383], [93.491073, 26.588854], [93.490927, 26.589026], [93.490745, 26.589155], [93.490369, 26.589419], [93.490027, 26.589548], [93.489479, 26.589755], [93.489321, 26.589787], [93.488728, 26.589909], [93.487945, 26.589928], [93.487625, 26.589841], [93.487312, 26.589755], [93.486421, 26.589487], [93.485606, 26.58916], [93.484576, 26.589045], [93.483557, 26.589026], [93.48213, 26.588853], [93.481325, 26.588969], [93.480964, 26.589012], [93.480692, 26.589045], [93.479941, 26.589007], [93.47963, 26.588796], [93.479125, 26.588537], [93.478707, 26.588546], [93.47802, 26.588757], [93.477312, 26.589045], [93.476476, 26.589323], [93.475617, 26.58963], [93.474909, 26.58987], [93.473139, 26.590628], [93.472667, 26.590782], [93.472077, 26.590811], [93.471497, 26.590782], [93.470961, 26.590715], [93.470564, 26.59083], [93.470049, 26.591319], [93.469706, 26.592221], [93.469566, 26.593017], [93.469448, 26.594063], [93.469416, 26.594687], [93.469577, 26.595301], [93.469995, 26.59556], [93.470875, 26.595588], [93.471776, 26.595569], [93.472398, 26.595588], [93.472817, 26.595598], [93.473246, 26.59625], [93.473246, 26.596874], [93.472967, 26.597948], [93.473139, 26.598965], [93.473675, 26.599311], [93.474576, 26.599474], [93.475177, 26.599694], [93.475703, 26.599905], [93.476078, 26.600299], [93.476293, 26.600788], [93.476443, 26.601133], [93.47649, 26.601196], [93.477559, 26.60263], [93.478686, 26.603397], [93.479404, 26.603742], [93.48067, 26.604155], [93.481561, 26.604347], [93.482569, 26.604424], [93.483235, 26.604452], [93.484039, 26.604788], [93.484962, 26.605105], [93.485606, 26.605143], [93.486335, 26.605076], [93.488106, 26.604846], [93.489146, 26.605076], [93.489983, 26.605297], [93.490391, 26.605584], [93.49126, 26.60615], [93.491989, 26.606208], [93.492687, 26.606102], [93.493009, 26.605863], [93.493502, 26.605786], [93.494167, 26.605901], [93.494757, 26.606179], [93.495219, 26.60639], [93.495594, 26.606649], [93.496227, 26.607207], [93.496313, 26.607282], [93.496045, 26.608011], [93.495616, 26.60851], [93.495508, 26.609268], [93.495465, 26.609776], [93.495594, 26.610285], [93.496356, 26.609594], [93.49745, 26.608788], [93.49833, 26.608079], [93.499081, 26.607503], [93.499607, 26.606899], [93.500261, 26.606246], [93.500841, 26.605815], [93.501624, 26.605565], [93.503019, 26.605613], [93.503716, 26.60545], [93.504167, 26.60498], [93.504413, 26.604261], [93.504724, 26.603541], [93.505057, 26.602831], [93.505422, 26.602025], [93.506452, 26.599704], [93.506806, 26.598351], [93.507192, 26.597258], [93.507535, 26.596615], [93.508308, 26.595185], [93.508512, 26.593967], [93.508909, 26.593382], [93.509746, 26.593286], [93.510464, 26.593295], [93.511258, 26.593267], [93.512106, 26.59318], [93.512986, 26.593065], [93.514187, 26.592969], [93.515067, 26.593055], [93.515786, 26.593152], [93.516773, 26.593535], [93.518339, 26.59437], [93.520389, 26.595041], [93.521118, 26.594936], [93.521923, 26.594552], [93.522695, 26.594053], [93.523393, 26.593574], [93.524187, 26.593295], [93.524895, 26.593478], [93.525839, 26.59366], [93.529326, 26.594514], [93.53351, 26.596049], [93.535849, 26.596845], [93.538016, 26.597622], [93.538585, 26.598111], [93.538971, 26.598735], [93.539357, 26.599848], [93.540001, 26.601623], [93.542114, 26.603033], [93.543767, 26.603896], [93.545076, 26.604366], [93.546191, 26.605047], [93.548069, 26.604884], [93.549249, 26.604577], [93.549861, 26.604462], [93.550751, 26.604913], [93.55176, 26.605613], [93.553047, 26.606524], [93.555386, 26.608088], [93.555708, 26.608395], [93.55544, 26.609498], [93.55559, 26.610218], [93.556062, 26.61064], [93.556641, 26.610774], [93.55721, 26.610927], [93.557564, 26.611023], [93.55795, 26.611397], [93.558336, 26.611541], [93.559163, 26.61133], [93.55986, 26.6111], [93.560418, 26.610822], [93.560826, 26.610582], [93.561201, 26.61016], [93.561373, 26.609719], [93.56162, 26.609297], [93.561941, 26.609278], [93.562338, 26.609661], [93.562907, 26.61015], [93.563272, 26.610256], [93.566072, 26.610285], [93.569376, 26.608865], [93.571587, 26.607791], [93.573046, 26.606966], [93.574376, 26.606333], [93.575706, 26.605508], [93.578174, 26.604951], [93.580577, 26.605143], [93.583431, 26.604568], [93.585405, 26.603704], [93.587015, 26.602898], [93.58783, 26.602073], [93.588345, 26.601287], [93.589032, 26.600385], [93.589461, 26.599215], [93.589182, 26.598044], [93.587294, 26.597814], [93.585749, 26.597641], [93.584311, 26.597373], [93.583539, 26.59672], [93.583281, 26.595799], [93.583796, 26.594629], [93.583968, 26.593804], [93.583968, 26.592499], [93.584053, 26.591156], [93.584182, 26.589774], [93.583624, 26.588047], [93.583174, 26.586781], [93.582895, 26.585476], [93.582895, 26.584056], [93.583066, 26.582617], [93.583345, 26.581773], [93.584633, 26.579643], [93.586435, 26.578434], [93.588495, 26.577321], [93.589654, 26.576572], [93.590019, 26.574384], [93.589954, 26.572849], [93.590083, 26.57189], [93.590834, 26.571084], [93.591821, 26.570431], [93.593752, 26.570892], [93.595898, 26.571986], [93.597958, 26.573233], [93.599954, 26.574327], [93.602271, 26.57473], [93.60712, 26.576246], [93.608923, 26.577033], [93.610661, 26.576898], [93.612356, 26.57638], [93.613107, 26.575267], [93.613322, 26.574001], [93.613043, 26.572523], [93.612764, 26.571352], [93.610833, 26.569107], [93.610296, 26.568224], [93.610296, 26.567552], [93.61079, 26.567399], [93.612163, 26.568032], [93.613129, 26.56809], [93.61418, 26.567725], [93.614695, 26.566689], [93.616219, 26.565691], [93.616626, 26.566861], [93.616304, 26.567879], [93.615704, 26.568704], [93.614781, 26.56926], [93.614502, 26.570239], [93.615103, 26.570968], [93.616626, 26.571141], [93.617291, 26.571237], [93.618085, 26.572792], [93.618836, 26.573655], [93.620145, 26.5745], [93.621132, 26.575862], [93.621347, 26.577014], [93.621926, 26.578683], [93.622355, 26.581945], [93.622806, 26.584248], [93.622591, 26.585764], [93.622999, 26.586819], [93.624201, 26.589717], [93.626304, 26.591693], [93.628042, 26.593535], [93.630638, 26.595051], [93.634865, 26.597123], [93.637354, 26.597392], [93.639779, 26.597296], [93.641174, 26.597296], [93.642311, 26.597891], [93.642848, 26.598639], [93.644435, 26.599752], [93.64583, 26.599963], [93.652246, 26.602035], [93.654177, 26.602476], [93.657696, 26.602898], [93.658941, 26.602495], [93.659284, 26.601747], [93.659842, 26.600692], [93.660271, 26.599905], [93.661044, 26.599445], [93.663597, 26.600193], [93.664584, 26.600941], [93.664327, 26.601997], [93.664455, 26.603129], [93.664884, 26.604318], [93.665721, 26.604855], [93.66703, 26.604951], [93.669155, 26.604855], [93.670549, 26.60451], [93.671687, 26.603915], [93.67218, 26.603186], [93.672695, 26.601939], [93.673103, 26.600961], [93.67394, 26.600442], [93.674991, 26.600347], [93.677266, 26.601383], [93.678639, 26.602457], [93.678982, 26.603474], [93.680055, 26.60403], [93.6813, 26.604318], [93.682995, 26.60499], [93.684561, 26.605661], [93.687007, 26.606179], [93.690956, 26.606735], [93.693488, 26.606985], [93.695419, 26.607158], [93.697886, 26.607215], [93.700719, 26.607273], [93.703036, 26.606908], [93.705504, 26.606256], [93.707972, 26.605853], [93.71031, 26.605584], [93.712735, 26.605354], [93.714666, 26.604472], [93.715203, 26.603647], [93.717112, 26.603493], [93.71825, 26.603167], [93.719258, 26.602515], [93.720803, 26.601459], [93.72237, 26.600385], [93.725781, 26.597584], [93.728163, 26.596413], [93.729258, 26.595914], [93.731017, 26.595281], [93.732047, 26.594725], [93.733764, 26.594053], [93.734386, 26.593689], [93.735244, 26.592307], [93.735695, 26.590408], [93.736768, 26.589371], [93.737068, 26.588374], [93.737068, 26.587414], [93.73754, 26.586493], [93.738463, 26.58538], [93.7393, 26.584632], [93.740609, 26.584248], [93.742111, 26.584075], [93.744063, 26.584229], [93.745909, 26.58467], [93.747175, 26.584766], [93.74887, 26.584114], [93.749556, 26.583845], [93.751102, 26.584171], [93.751509, 26.582982], [93.751702, 26.582003], [93.751684, 26.581636], [93.754342, 26.581446], [93.7555, 26.581619], [93.756187, 26.58208], [93.756745, 26.583212], [93.756917, 26.58444], [93.756874, 26.586186], [93.756831, 26.587395], [93.757389, 26.588642], [93.758397, 26.590024], [93.760457, 26.59319], [93.761208, 26.59484], [93.762839, 26.598121], [93.763139, 26.601805], [93.76286, 26.605661], [93.762174, 26.60898], [93.760328, 26.612894], [93.759856, 26.616807], [93.758268, 26.622984], [93.758268, 26.627204], [93.75874, 26.629238], [93.761015, 26.631348], [93.764362, 26.633649], [93.777065, 26.642817], [93.785648, 26.646883], [93.798952, 26.650642], [93.813672, 26.654785], [93.819466, 26.65931], [93.824101, 26.664143], [93.825688, 26.671775], [93.826761, 26.677373], [93.826289, 26.68324], [93.824186, 26.686078], [93.819723, 26.687228], [93.814616, 26.687458], [93.809938, 26.687535], [93.806548, 26.687113], [93.804402, 26.686423], [93.802042, 26.685618], [93.792515, 26.68324], [93.788266, 26.681783], [93.78552, 26.681438], [93.78243, 26.683087], [93.781528, 26.68393], [93.781056, 26.686346], [93.781314, 26.68742], [93.782086, 26.689989], [93.784575, 26.699881], [93.785176, 26.707012], [93.785048, 26.710654], [93.782172, 26.720697], [93.778868, 26.725834], [93.776765, 26.728977], [93.777022, 26.739095], [93.772516, 26.750094], [93.770714, 26.756456], [93.767023, 26.764119], [93.765006, 26.768487], [93.764448, 26.772166], [93.762216, 26.774273], [93.75814, 26.775576], [93.754749, 26.77615], [93.751144, 26.77684], [93.743763, 26.775384], [93.740244, 26.775461], [93.739643, 26.776802], [93.740501, 26.77799], [93.742175, 26.778641], [93.744965, 26.78025], [93.746295, 26.781782], [93.748827, 26.785307], [93.75608, 26.79408], [93.756037, 26.801396], [93.753408, 26.808643], [93.745379, 26.804183], [93.727093, 26.81801], [93.711037, 26.820686], [93.695872, 26.801061], [93.670899, 26.803239], [93.649933, 26.792141], [93.650458, 26.773305]]], "type": "Polygon"}, "id": "golaghat-bokakhat", "properties": {"district": "Golaghat", "grade": "zonal", "locality_id": "golaghat-bokakhat", "osm_id": "relation/10054502", "revenue_circle": "Bokakhat"}, "type": "Feature"}, {"geometry": {"coordinates": [[[94.095948, 26.64604], [94.094918, 26.646864], [94.093587, 26.647535], [94.092643, 26.648187], [94.091785, 26.648801], [94.090969, 26.649377], [94.090433, 26.649146], [94.090669, 26.648418], [94.090326, 26.647823], [94.088116, 26.647957], [94.086871, 26.648111], [94.086013, 26.648859], [94.084833, 26.649741], [94.084382, 26.651333], [94.085026, 26.6521], [94.085777, 26.65279], [94.086356, 26.653634], [94.086506, 26.654382], [94.086378, 26.655743], [94.086356, 26.656932], [94.08612, 26.657738], [94.085798, 26.658524], [94.085348, 26.659234], [94.084682, 26.659732], [94.083567, 26.660001], [94.082687, 26.660135], [94.082215, 26.660231], [94.082215, 26.66071], [94.082365, 26.661477], [94.082451, 26.662225], [94.082236, 26.662532], [94.081078, 26.662436], [94.080568, 26.661942], [94.080348, 26.661918], [94.07979, 26.661171], [94.079533, 26.660461], [94.08009, 26.660039], [94.080756, 26.659426], [94.080949, 26.658965], [94.080606, 26.658831], [94.07964, 26.659176], [94.078953, 26.659387], [94.078395, 26.659924], [94.078288, 26.660653], [94.078374, 26.661382], [94.077945, 26.662129], [94.076743, 26.662647], [94.075863, 26.662685], [94.07522, 26.662321], [94.074533, 26.661995], [94.07361, 26.66165], [94.073245, 26.661554], [94.072387, 26.66188], [94.071829, 26.662609], [94.071593, 26.662992], [94.072022, 26.663472], [94.073095, 26.663548], [94.073803, 26.663951], [94.073052, 26.664814], [94.071465, 26.665102], [94.070971, 26.664411], [94.070048, 26.662532], [94.068954, 26.661362], [94.068439, 26.661496], [94.067044, 26.662436], [94.067023, 26.66374], [94.067216, 26.664603], [94.06786, 26.664987], [94.068804, 26.665198], [94.069791, 26.665639], [94.070284, 26.66606], [94.070456, 26.666425], [94.06992, 26.666712], [94.068739, 26.666789], [94.06786, 26.666751], [94.067194, 26.666655], [94.066529, 26.666693], [94.066057, 26.666866], [94.0661, 26.667499], [94.066207, 26.667959], [94.066336, 26.668649], [94.066057, 26.669071], [94.065414, 26.668937], [94.065049, 26.668285], [94.06507, 26.667518], [94.065242, 26.666942], [94.065521, 26.666405], [94.065392, 26.665754], [94.064963, 26.665236], [94.064405, 26.664814], [94.063697, 26.664469], [94.063246, 26.664277], [94.062774, 26.664277], [94.062345, 26.664603], [94.062302, 26.665619], [94.061959, 26.666022], [94.060671, 26.666597], [94.05859, 26.667096], [94.058483, 26.66631], [94.058161, 26.665562], [94.05771, 26.664795], [94.057496, 26.664296], [94.057066, 26.663721], [94.056315, 26.664066], [94.055865, 26.664488], [94.055243, 26.665408], [94.055564, 26.66606], [94.055779, 26.666636], [94.055715, 26.667211], [94.054878, 26.667863], [94.053676, 26.667403], [94.052947, 26.66746], [94.052689, 26.667959], [94.052861, 26.669282], [94.053376, 26.67024], [94.054213, 26.670586], [94.055007, 26.669934], [94.055393, 26.669301], [94.055564, 26.668726], [94.055908, 26.668572], [94.056594, 26.668802], [94.056852, 26.669378], [94.056723, 26.670566], [94.056573, 26.671449], [94.056144, 26.671832], [94.055436, 26.671583], [94.054813, 26.671487], [94.054127, 26.671583], [94.053655, 26.671794], [94.052539, 26.672503], [94.052303, 26.67304], [94.052088, 26.673884], [94.053161, 26.674286], [94.053805, 26.674881], [94.054041, 26.675782], [94.054105, 26.676913], [94.053977, 26.67791], [94.053698, 26.678658], [94.052732, 26.678658], [94.051938, 26.678466], [94.051251, 26.678466], [94.050651, 26.678428], [94.049964, 26.67814], [94.050114, 26.677527], [94.050586, 26.677105], [94.051123, 26.676568], [94.051895, 26.675839], [94.051766, 26.675245], [94.050758, 26.674977], [94.049857, 26.674766], [94.049063, 26.674459], [94.048355, 26.674056], [94.047475, 26.673903], [94.046981, 26.674095], [94.046788, 26.674957], [94.046874, 26.675724], [94.046488, 26.676434], [94.045973, 26.677047], [94.045436, 26.677718], [94.045179, 26.678294], [94.045007, 26.679195], [94.045007, 26.679827], [94.045522, 26.680249], [94.045908, 26.680863], [94.045136, 26.681016], [94.044278, 26.680709], [94.043612, 26.680345], [94.043055, 26.680364], [94.043226, 26.681304], [94.043956, 26.682071], [94.044621, 26.682742], [94.045136, 26.682876], [94.045565, 26.68209], [94.045651, 26.681764], [94.046102, 26.68138], [94.047174, 26.681457], [94.048183, 26.681687], [94.049406, 26.681975], [94.049943, 26.682339], [94.050007, 26.682857], [94.049535, 26.683624], [94.048913, 26.683988], [94.048333, 26.684563], [94.048333, 26.685081], [94.048719, 26.685656], [94.049084, 26.686097], [94.049492, 26.686845], [94.04902, 26.687822], [94.04829, 26.68765], [94.047582, 26.687381], [94.047217, 26.686634], [94.046402, 26.686538], [94.046059, 26.686749], [94.045823, 26.687075], [94.045587, 26.687842], [94.04535, 26.688225], [94.045007, 26.68811], [94.044771, 26.687496], [94.0446, 26.686921], [94.044192, 26.686729], [94.043441, 26.686979], [94.043677, 26.688359], [94.043913, 26.689548], [94.044449, 26.690468], [94.045093, 26.691024], [94.045672, 26.691388], [94.046745, 26.692289], [94.047303, 26.692922], [94.047625, 26.693574], [94.046874, 26.694954], [94.045715, 26.695357], [94.04535, 26.694609], [94.045179, 26.694015], [94.043977, 26.693631], [94.043291, 26.69367], [94.042883, 26.693861], [94.042797, 26.694321], [94.042561, 26.695127], [94.041864, 26.695951], [94.041477, 26.696545], [94.041381, 26.696919], [94.041789, 26.697264], [94.042293, 26.697245], [94.042776, 26.696861], [94.043119, 26.696401], [94.043452, 26.696037], [94.043966, 26.695865], [94.044632, 26.696018], [94.044996, 26.696593], [94.045179, 26.696967], [94.045297, 26.697427], [94.044975, 26.697686], [94.044653, 26.697801], [94.044299, 26.698002], [94.044267, 26.698318], [94.044213, 26.699536], [94.04402, 26.700015], [94.043516, 26.700427], [94.042862, 26.701012], [94.043269, 26.701625], [94.043344, 26.701999], [94.043226, 26.702421], [94.042593, 26.702459], [94.042186, 26.702162], [94.041756, 26.701903], [94.041241, 26.701798], [94.040909, 26.70198], [94.040855, 26.702296], [94.040834, 26.702862], [94.040662, 26.703322], [94.040501, 26.703839], [94.040265, 26.704405], [94.040823, 26.704778], [94.041574, 26.704874], [94.041939, 26.705009], [94.042196, 26.70521], [94.042336, 26.705516], [94.042357, 26.705727], [94.042132, 26.706063], [94.04137, 26.706647], [94.041188, 26.707012], [94.041027, 26.707481], [94.041059, 26.708056], [94.041166, 26.708545], [94.041102, 26.709015], [94.040909, 26.709513], [94.040136, 26.709513], [94.039385, 26.709312], [94.038634, 26.709111], [94.037926, 26.708852], [94.037347, 26.70866], [94.036961, 26.708708], [94.036596, 26.70888], [94.036349, 26.709283], [94.036156, 26.709647], [94.036435, 26.710778], [94.037239, 26.7112], [94.038023, 26.711392], [94.038549, 26.711478], [94.039235, 26.711181], [94.039675, 26.711133], [94.040533, 26.711392], [94.041027, 26.711746], [94.041241, 26.712014], [94.041628, 26.712513], [94.042239, 26.712551], [94.042668, 26.712264], [94.043409, 26.711909], [94.044224, 26.712532], [94.044567, 26.713126], [94.044675, 26.713663], [94.043966, 26.714123], [94.042904, 26.714315], [94.0421, 26.71443], [94.041359, 26.714688], [94.041027, 26.715292], [94.04137, 26.715675], [94.04195, 26.715877], [94.042261, 26.716059], [94.042518, 26.716279], [94.042647, 26.716586], [94.042121, 26.717448], [94.042046, 26.71856], [94.041885, 26.719403], [94.041756, 26.720189], [94.041595, 26.720994], [94.041499, 26.721493], [94.040962, 26.721473], [94.040523, 26.721224], [94.039611, 26.720965], [94.038935, 26.720793], [94.038645, 26.720726], [94.038205, 26.720841], [94.038055, 26.72108], [94.038259, 26.72156], [94.038763, 26.72225], [94.039235, 26.722575], [94.039847, 26.722652], [94.040512, 26.722652], [94.041306, 26.722652], [94.0421, 26.722652], [94.04254, 26.722729], [94.04579, 26.724137], [94.046616, 26.724712], [94.046552, 26.72523], [94.045994, 26.725795], [94.045533, 26.726006], [94.044535, 26.726025], [94.043891, 26.72615], [94.04373, 26.72637], [94.043795, 26.726725], [94.044299, 26.726859], [94.045082, 26.727223], [94.045651, 26.727539], [94.04652, 26.728392], [94.046745, 26.728967], [94.046584, 26.729417], [94.04608, 26.729676], [94.044503, 26.729762], [94.043516, 26.729667], [94.04343, 26.729245], [94.043258, 26.728747], [94.042915, 26.728296], [94.042518, 26.728229], [94.04211, 26.728325], [94.041724, 26.728737], [94.041456, 26.729408], [94.041145, 26.730165], [94.041263, 26.730586], [94.041671, 26.730874], [94.042454, 26.731305], [94.042786, 26.731573], [94.042937, 26.731899], [94.04299, 26.732407], [94.04357, 26.733097], [94.044385, 26.73325], [94.044567, 26.733509], [94.044567, 26.734007], [94.044524, 26.734774], [94.044718, 26.735167], [94.045297, 26.735435], [94.045951, 26.735857], [94.04725, 26.737342], [94.047271, 26.737859], [94.04696, 26.738204], [94.046273, 26.738405], [94.045179, 26.738559], [94.044192, 26.738511], [94.043441, 26.738405], [94.042937, 26.737936], [94.043301, 26.7376], [94.043677, 26.737246], [94.043924, 26.736968], [94.044128, 26.736307], [94.04387, 26.736086], [94.043216, 26.73601], [94.042304, 26.735895], [94.041778, 26.735818], [94.041552, 26.73578], [94.04078, 26.735933], [94.040608, 26.736441], [94.040458, 26.736911], [94.040136, 26.73715], [94.039332, 26.737313], [94.038774, 26.737399], [94.038216, 26.737476], [94.037894, 26.737696], [94.03769, 26.737974], [94.037669, 26.738377], [94.03783, 26.738788], [94.038216, 26.739038], [94.038645, 26.73922], [94.03946, 26.73968], [94.039879, 26.740609], [94.039793, 26.741423], [94.039739, 26.741989], [94.039503, 26.742209], [94.039181, 26.742075], [94.037486, 26.741031], [94.03607, 26.740341], [94.035544, 26.73989], [94.034965, 26.739239], [94.035008, 26.738865], [94.035223, 26.738654], [94.035405, 26.738511], [94.035813, 26.738271], [94.035995, 26.737955], [94.035877, 26.737658], [94.035426, 26.737255], [94.034976, 26.737131], [94.034386, 26.737102], [94.033935, 26.737131], [94.033399, 26.737294], [94.033034, 26.737543], [94.032916, 26.737792], [94.032862, 26.738319], [94.032959, 26.738903], [94.033012, 26.739344], [94.033023, 26.739919], [94.032809, 26.740465], [94.032197, 26.740839], [94.031822, 26.741117], [94.031103, 26.741605], [94.030716, 26.74197], [94.030083, 26.742334], [94.029676, 26.742382], [94.02929, 26.742104], [94.0293, 26.741672], [94.029408, 26.74127], [94.029483, 26.74013], [94.028968, 26.739565], [94.028184, 26.739296], [94.02724, 26.739258], [94.026747, 26.739306], [94.025878, 26.739603], [94.025481, 26.739747], [94.025084, 26.740015], [94.024322, 26.740149], [94.023711, 26.740044], [94.022616, 26.739574], [94.021769, 26.739277], [94.020942, 26.739038], [94.020181, 26.739229], [94.020438, 26.740082], [94.021232, 26.740484], [94.021908, 26.740743], [94.022681, 26.740887], [94.023421, 26.741184], [94.023936, 26.741452], [94.024622, 26.741855], [94.024901, 26.742161], [94.025116, 26.742458], [94.025384, 26.743014], [94.025373, 26.743656], [94.024719, 26.744039], [94.024301, 26.744164], [94.024043, 26.744269], [94.023496, 26.744595], [94.023271, 26.744854], [94.023002, 26.745112], [94.022863, 26.745745], [94.022798, 26.746252], [94.022584, 26.746511], [94.021061, 26.747182], [94.020138, 26.74722], [94.019344, 26.747143], [94.018722, 26.746952], [94.017842, 26.746607], [94.016222, 26.746473], [94.015213, 26.746626], [94.014859, 26.746693], [94.014119, 26.746952], [94.012552, 26.747076], [94.012027, 26.746923], [94.00986, 26.746109], [94.008122, 26.745409], [94.00722, 26.745074], [94.006759, 26.744901], [94.004517, 26.745189], [94.003015, 26.745764], [94.001555, 26.74722], [94.00104, 26.748983], [94.001212, 26.750669], [94.001641, 26.75247], [94.002199, 26.755306], [94.002113, 26.75749], [94.001298, 26.759521], [94.000697, 26.761935], [93.997435, 26.766878], [93.993616, 26.768219], [93.987908, 26.768028], [93.985677, 26.767645], [93.9816, 26.767683], [93.97748, 26.767415], [93.975935, 26.767376], [93.973961, 26.767376], [93.973145, 26.767683], [93.972244, 26.768832], [93.971429, 26.770978], [93.971343, 26.77366], [93.9713, 26.775997], [93.971558, 26.778488], [93.97203, 26.779407], [93.97409, 26.780327], [93.976493, 26.780978], [93.97851, 26.781706], [93.980098, 26.782855], [93.982801, 26.784196], [93.985419, 26.785001], [93.986835, 26.786418], [93.986664, 26.787223], [93.98087, 26.790402], [93.975592, 26.793888], [93.974004, 26.795919], [93.973532, 26.796532], [93.973274, 26.798638], [93.975034, 26.80063], [93.97675, 26.802814], [93.979239, 26.809287], [93.98075, 26.811744], [93.97572, 26.811508], [93.973145, 26.811125], [93.964047, 26.810245], [93.956194, 26.808636], [93.951216, 26.801282], [93.947568, 26.79588], [93.942246, 26.789981], [93.933277, 26.78389], [93.926883, 26.780442], [93.904395, 26.772855], [93.893237, 26.768296], [93.890662, 26.76684], [93.889546, 26.764809], [93.89092, 26.761284], [93.892207, 26.758142], [93.893323, 26.751397], [93.89152, 26.746683], [93.880363, 26.731545], [93.871093, 26.72384], [93.859978, 26.71487], [93.848348, 26.705823], [93.850021, 26.702181], [93.851309, 26.700686], [93.853111, 26.698999], [93.852425, 26.696737], [93.851411, 26.694389], [93.851446, 26.693936], [93.854012, 26.69041], [93.85663, 26.689414], [93.860536, 26.689299], [93.861737, 26.687036], [93.863111, 26.686001], [93.8659, 26.685426], [93.869033, 26.684429], [93.87238, 26.682243], [93.874998, 26.679406], [93.885942, 26.679444], [93.887958, 26.680364], [93.89049, 26.682397], [93.893409, 26.684084], [93.895812, 26.684851], [93.899117, 26.684506], [93.903022, 26.681591], [93.903623, 26.677603], [93.904567, 26.67327], [93.903837, 26.670931], [93.900275, 26.667709], [93.900146, 26.66422], [93.899674, 26.661458], [93.898301, 26.658889], [93.895984, 26.656434], [93.890619, 26.65467], [93.888216, 26.648264], [93.889589, 26.645426], [93.892593, 26.642127], [93.896198, 26.638483], [93.898344, 26.636948], [93.900275, 26.63691], [93.901949, 26.637984], [93.904138, 26.638483], [93.908129, 26.638521], [93.912034, 26.638138], [93.913407, 26.637025], [93.920188, 26.632383], [93.925381, 26.62943], [93.927526, 26.627895], [93.930702, 26.625785], [93.932419, 26.623483], [93.935766, 26.618764], [93.940229, 26.620721], [93.945165, 26.622677], [93.948512, 26.624749], [93.952632, 26.629621], [93.955336, 26.632192], [93.959069, 26.632499], [93.962116, 26.632844], [93.963275, 26.634301], [93.965721, 26.633649], [93.96791, 26.632192], [93.970742, 26.63012], [93.972244, 26.625286], [93.97336, 26.620452], [93.974862, 26.617229], [93.976321, 26.610784], [93.976922, 26.603109], [93.977866, 26.595895], [93.980913, 26.59225], [93.987393, 26.590331], [93.997993, 26.589602], [94.009881, 26.588067], [94.019194, 26.585956], [94.023485, 26.584996], [94.02636, 26.585227], [94.030394, 26.585342], [94.031253, 26.58776], [94.03151, 26.590715], [94.032497, 26.592019], [94.037604, 26.59367], [94.043355, 26.5972], [94.045672, 26.597891], [94.051681, 26.597852], [94.059276, 26.590484], [94.063311, 26.586225], [94.066615, 26.579662], [94.068417, 26.576438], [94.070778, 26.573291], [94.072881, 26.57118], [94.076228, 26.570565], [94.07906, 26.570796], [94.081936, 26.57141], [94.085026, 26.572638], [94.086699, 26.574749], [94.086206, 26.577436], [94.084511, 26.577455], [94.082408, 26.576668], [94.080927, 26.576265], [94.079168, 26.575689], [94.078202, 26.575785], [94.077065, 26.577282], [94.077773, 26.579969], [94.078395, 26.581581], [94.078889, 26.584574], [94.079747, 26.587107], [94.07906, 26.588412], [94.076228, 26.58918], [94.073825, 26.588911], [94.072237, 26.58964], [94.071035, 26.591521], [94.069834, 26.593823], [94.069705, 26.595895], [94.070563, 26.597584], [94.072451, 26.598773], [94.074855, 26.599848], [94.076614, 26.600999], [94.07773, 26.603109], [94.082622, 26.604759], [94.084639, 26.606793], [94.085712, 26.608462], [94.086571, 26.609824], [94.085905, 26.610611], [94.084554, 26.6104], [94.083931, 26.609287], [94.083373, 26.608923], [94.082644, 26.609153], [94.081378, 26.610496], [94.080691, 26.61203], [94.08082, 26.612894], [94.080133, 26.613412], [94.079318, 26.613412], [94.077794, 26.61416], [94.077859, 26.614716], [94.078953, 26.615388], [94.079597, 26.615733], [94.080391, 26.615656], [94.080884, 26.615829], [94.080412, 26.616309], [94.079747, 26.616654], [94.079275, 26.617268], [94.079683, 26.617766], [94.080541, 26.617249], [94.081099, 26.616443], [94.081592, 26.615925], [94.081485, 26.617018], [94.081678, 26.617766], [94.082429, 26.618572], [94.08361, 26.619819], [94.08479, 26.619723], [94.085691, 26.619186], [94.086292, 26.619033], [94.086914, 26.619109], [94.087429, 26.619436], [94.08788, 26.619838], [94.087901, 26.620222], [94.087536, 26.620913], [94.086571, 26.621143], [94.086571, 26.622198], [94.087579, 26.622773], [94.088266, 26.62333], [94.08833, 26.623828], [94.087558, 26.624576], [94.086699, 26.625344], [94.085905, 26.626169], [94.085369, 26.627051], [94.084704, 26.62753], [94.083481, 26.62778], [94.083202, 26.627991], [94.083545, 26.628643], [94.084811, 26.629065], [94.085669, 26.629008], [94.086699, 26.628758], [94.087601, 26.628509], [94.088674, 26.628125], [94.089467, 26.627972], [94.09009, 26.628643], [94.090733, 26.629238], [94.091914, 26.628681], [94.093759, 26.628125], [94.09451, 26.628048], [94.094682, 26.628432], [94.095004, 26.629219], [94.094875, 26.629794], [94.094553, 26.630312], [94.094725, 26.630676], [94.095132, 26.630868], [94.095798, 26.630811], [94.096291, 26.630945], [94.096205, 26.631424], [94.095669, 26.631827], [94.094853, 26.632786], [94.095154, 26.63411], [94.095261, 26.634628], [94.095282, 26.636162], [94.094639, 26.637044], [94.093995, 26.637524], [94.094145, 26.638023], [94.095669, 26.638233], [94.096334, 26.637869], [94.097064, 26.637543], [94.097578, 26.637677], [94.0979, 26.638195], [94.098072, 26.638598], [94.097879, 26.638828], [94.096441, 26.638636], [94.095454, 26.638713], [94.095154, 26.63879], [94.094059, 26.639097], [94.093716, 26.639327], [94.093566, 26.64042], [94.094059, 26.641034], [94.094639, 26.641206], [94.095497, 26.641053], [94.096613, 26.640477], [94.097342, 26.640746], [94.098179, 26.641552], [94.097729, 26.642664], [94.097106, 26.644006], [94.095948, 26.64604]]], "type": "Polygon"}, "id": "golaghat-dergaon", "properties": {"district": "Golaghat", "grade": "zonal", "locality_id": "golaghat-dergaon", "osm_id": "relation/10054500", "revenue_circle": "Dergaon"}, "type": "Feature"}, {"geometry": {"coordinates": [[[93.794698, 25.808918], [93.793899, 25.809396], [93.792912, 25.80983], [93.791678, 25.810052], [93.790605, 25.810139], [93.789307, 25.810439], [93.788652, 25.810902], [93.78803, 25.811791], [93.787762, 25.812544], [93.787676, 25.813665], [93.787504, 25.815355], [93.787032, 25.816533], [93.786024, 25.818349], [93.785691, 25.819266], [93.786078, 25.820618], [93.786292, 25.822337], [93.78655, 25.823477], [93.785965, 25.823979], [93.784822, 25.824332], [93.784028, 25.824747], [93.783256, 25.82507], [93.782741, 25.825809], [93.782365, 25.826756], [93.78244, 25.827524], [93.782692, 25.829812], [93.782708, 25.82996], [93.7828, 25.83085], [93.782478, 25.83169], [93.781378, 25.833173], [93.779538, 25.835181], [93.778943, 25.836002], [93.778787, 25.836577], [93.778793, 25.837185], [93.779002, 25.837591], [93.779485, 25.837958], [93.780059, 25.838334], [93.780354, 25.838788], [93.780321, 25.839261], [93.780177, 25.839763], [93.779989, 25.840063], [93.779683, 25.840318], [93.779039, 25.840608], [93.77816, 25.840589], [93.776421, 25.84084], [93.776035, 25.841443], [93.77603, 25.84209], [93.776143, 25.842728], [93.777312, 25.843968], [93.779238, 25.845253], [93.780069, 25.845972], [93.780246, 25.846238], [93.780348, 25.846604], [93.780112, 25.847053], [93.779608, 25.84716], [93.779093, 25.847131], [93.778524, 25.847044], [93.777795, 25.846904], [93.777151, 25.846754], [93.776518, 25.84674], [93.776143, 25.847136], [93.775681, 25.847946], [93.775526, 25.848801], [93.775638, 25.849945], [93.775837, 25.850915], [93.77633, 25.851389], [93.777371, 25.852103], [93.778052, 25.852625], [93.778846, 25.852987], [93.779447, 25.853247], [93.780429, 25.853672], [93.78082, 25.85442], [93.78081, 25.855144], [93.780595, 25.855676], [93.779699, 25.856559], [93.77905, 25.857322], [93.778557, 25.857872], [93.778498, 25.858205], [93.778793, 25.85862], [93.77927, 25.858876], [93.779984, 25.858837], [93.780525, 25.858678], [93.781153, 25.858432], [93.78177, 25.857997], [93.782081, 25.857833], [93.78244, 25.857742], [93.782902, 25.857886], [93.783465, 25.858654], [93.783546, 25.859648], [93.783395, 25.860686], [93.783084, 25.861391], [93.782247, 25.863549], [93.781952, 25.864471], [93.781802, 25.86504], [93.781904, 25.865644], [93.782231, 25.866165], [93.782923, 25.866826], [93.783696, 25.86755], [93.784168, 25.868704], [93.784463, 25.869727], [93.784474, 25.870582], [93.784318, 25.871986], [93.784313, 25.872532], [93.784527, 25.873014], [93.785058, 25.873873], [93.785917, 25.875186], [93.786142, 25.876142], [93.786163, 25.877435], [93.785804, 25.878811], [93.784838, 25.881031], [93.784205, 25.882851], [93.783803, 25.883507], [93.783572, 25.884096], [93.783508, 25.885095], [93.783546, 25.886084], [93.783717, 25.886712], [93.783905, 25.887252], [93.784141, 25.887662], [93.784468, 25.888005], [93.784919, 25.888338], [93.786297, 25.888864], [93.787596, 25.889352], [93.788797, 25.889776], [93.789468, 25.889906], [93.79002, 25.889902], [93.790755, 25.889757], [93.79134, 25.889554], [93.791812, 25.8894], [93.792306, 25.889381], [93.792719, 25.889448], [93.79296, 25.889685], [93.792992, 25.890104], [93.792998, 25.890737], [93.792901, 25.891292], [93.792815, 25.891774], [93.792713, 25.892392], [93.792638, 25.893106], [93.792359, 25.893555], [93.792118, 25.893811], [93.791871, 25.894221], [93.79193, 25.894636], [93.792123, 25.895186], [93.792338, 25.895659], [93.792349, 25.89592], [93.7923, 25.896272], [93.792381, 25.896595], [93.792225, 25.897218], [93.792193, 25.897435], [93.792284, 25.897676], [93.792488, 25.897879], [93.792933, 25.897927], [93.79326, 25.89784], [93.79362, 25.897638], [93.793936, 25.897517], [93.794478, 25.897469], [93.794848, 25.897565], [93.794982, 25.897831], [93.795036, 25.89812], [93.794816, 25.898419], [93.794532, 25.898636], [93.793958, 25.898916], [93.793497, 25.89937], [93.793196, 25.899833], [93.792949, 25.90034], [93.792987, 25.900755], [93.79311, 25.901189], [93.793539, 25.901754], [93.793904, 25.902014], [93.794462, 25.902188], [93.794961, 25.902497], [93.795658, 25.902873], [93.795894, 25.903168], [93.795986, 25.903699], [93.795825, 25.904003], [93.795492, 25.904287], [93.794816, 25.904649], [93.794505, 25.904939], [93.794247, 25.905436], [93.794178, 25.905875], [93.794113, 25.906806], [93.79414, 25.907559], [93.794167, 25.908225], [93.79392, 25.908789], [93.793507, 25.909272], [93.792992, 25.910092], [93.792778, 25.910594], [93.792847, 25.910951], [93.793041, 25.911298], [93.793437, 25.91181], [93.793829, 25.912481], [93.79421, 25.913344], [93.794231, 25.913696], [93.794172, 25.913971], [93.793893, 25.914116], [93.793529, 25.914174], [93.79326, 25.91414], [93.79289, 25.913991], [93.792504, 25.913692], [93.792209, 25.913388], [93.791914, 25.91291], [93.791699, 25.912731], [93.791361, 25.912538], [93.791034, 25.912529], [93.790793, 25.912736], [93.790541, 25.913219], [93.790294, 25.913682], [93.790181, 25.914087], [93.790219, 25.914464], [93.790584, 25.914888], [93.790997, 25.915433], [93.791265, 25.915651], [93.791356, 25.91595], [93.791292, 25.916244], [93.790385, 25.916717], [93.78972, 25.916837], [93.789361, 25.916808], [93.788851, 25.916765], [93.788314, 25.916707], [93.787869, 25.916746], [93.78766, 25.916866], [93.787542, 25.917059], [93.787606, 25.917363], [93.787783, 25.917817], [93.788111, 25.91815], [93.788727, 25.918483], [93.789403, 25.918845], [93.789913, 25.919134], [93.790165, 25.919544], [93.790208, 25.919858], [93.79016, 25.920157], [93.789988, 25.920437], [93.789715, 25.92076], [93.789537, 25.920943], [93.789473, 25.921204], [93.789441, 25.921638], [93.789425, 25.922236], [93.789328, 25.922738], [93.789039, 25.92324], [93.788899, 25.923862], [93.788926, 25.924253], [93.7892, 25.924736], [93.789704, 25.925107], [93.790128, 25.925676], [93.790203, 25.926386], [93.79016, 25.926921], [93.789961, 25.927326], [93.789393, 25.927746], [93.788888, 25.927819], [93.788492, 25.927949], [93.788105, 25.9282], [93.787901, 25.928513], [93.787837, 25.928957], [93.788062, 25.929666], [93.788309, 25.930153], [93.78832, 25.930385], [93.788116, 25.930621], [93.787848, 25.930872], [93.78729, 25.931244], [93.786941, 25.931451], [93.786995, 25.931909], [93.787252, 25.932127], [93.787494, 25.932339], [93.787746, 25.932416], [93.787987, 25.932566], [93.788116, 25.93286], [93.788331, 25.933815], [93.788556, 25.934297], [93.788722, 25.93478], [93.788668, 25.935089], [93.788518, 25.935311], [93.787944, 25.935547], [93.787526, 25.935624], [93.787032, 25.935682], [93.7867, 25.935875], [93.786646, 25.936193], [93.78671, 25.937013], [93.78656, 25.938393], [93.786442, 25.939329], [93.786914, 25.940979], [93.786957, 25.941886], [93.786517, 25.942706], [93.785927, 25.943352], [93.785562, 25.943854], [93.785412, 25.944346], [93.785605, 25.94479], [93.786142, 25.945098], [93.787, 25.945369], [93.787118, 25.945783], [93.786737, 25.946512], [93.786485, 25.94683], [93.786254, 25.947216], [93.786281, 25.94778], [93.786539, 25.948292], [93.786662, 25.948663], [93.786587, 25.949064], [93.786391, 25.949313], [93.786158, 25.949609], [93.785273, 25.949903], [93.784447, 25.950342], [93.783422, 25.950699], [93.782682, 25.950872], [93.782462, 25.951104], [93.782322, 25.951649], [93.782054, 25.952594], [93.781121, 25.953858], [93.780305, 25.955131], [93.779919, 25.956742], [93.779597, 25.957341], [93.77919, 25.957639], [93.778363, 25.957775], [93.777398, 25.957967], [93.77655, 25.958286], [93.776218, 25.958942], [93.776239, 25.959472], [93.776421, 25.9598], [93.776937, 25.960196], [93.77728, 25.960591], [93.777215, 25.9609], [93.777044, 25.961054], [93.776239, 25.961006], [93.775424, 25.960861], [93.774887, 25.961025], [93.774716, 25.961392], [93.774855, 25.962926], [93.774909, 25.964662], [93.774544, 25.965713], [93.774394, 25.966389], [93.774469, 25.966871], [93.774694, 25.967083], [93.775306, 25.967083], [93.776046, 25.966938], [93.776733, 25.966823], [93.777258, 25.966909], [93.777537, 25.96717], [93.777677, 25.96798], [93.777344, 25.969967], [93.776851, 25.973652], [93.77876, 25.974404], [93.779683, 25.974693], [93.780992, 25.974635], [93.782537, 25.974693], [93.78376, 25.974963], [93.784296, 25.975581], [93.784532, 25.976584], [93.784211, 25.977259], [93.783181, 25.978127], [93.781743, 25.978474], [93.780649, 25.978513], [93.779254, 25.978783], [93.778996, 25.979439], [93.779061, 25.980384], [93.779876, 25.981348], [93.780799, 25.982081], [93.781979, 25.982583], [93.782859, 25.982776], [93.784146, 25.982776], [93.785219, 25.982486], [93.786464, 25.98183], [93.786893, 25.981541], [93.787837, 25.980635], [93.788395, 25.9794], [93.788781, 25.97749], [93.789403, 25.975851], [93.790111, 25.975021], [93.791056, 25.975233], [93.791935, 25.976179], [93.792643, 25.977085], [93.793824, 25.97886], [93.796506, 25.981599], [93.797257, 25.982023], [93.798866, 25.982583], [93.800304, 25.982737], [93.802278, 25.982486], [93.803716, 25.982274], [93.805046, 25.982351], [93.805411, 25.983084], [93.805411, 25.983952], [93.805153, 25.985225], [93.804917, 25.98592], [93.804038, 25.986537], [93.802814, 25.986826], [93.801312, 25.986942], [93.800089, 25.986537], [93.798201, 25.985553], [93.797386, 25.985206], [93.796592, 25.9859], [93.796227, 25.986711], [93.795497, 25.989719], [93.795347, 25.990472], [93.795283, 25.99161], [93.796334, 25.994811], [93.797643, 25.996142], [93.798695, 25.996875], [93.799403, 25.997588], [93.79981, 25.998244], [93.800111, 25.999344], [93.799853, 26.000211], [93.799274, 26.000944], [93.798029, 26.001388], [93.796785, 26.001388], [93.795991, 26.001253], [93.793952, 26.000481], [93.792536, 25.999961], [93.791356, 26.000308], [93.790734, 26.002564], [93.79097, 26.003432], [93.791163, 26.004782], [93.791442, 26.005689], [93.790927, 26.007424], [93.789897, 26.008041], [93.78921, 26.008523], [93.785562, 26.008774], [93.784382, 26.009353], [93.783975, 26.010163], [93.784168, 26.010915], [93.784361, 26.011879], [93.785992, 26.013229], [93.786421, 26.013942], [93.787, 26.014887], [93.78788, 26.01562], [93.788781, 26.01589], [93.790133, 26.015716], [93.791764, 26.015485], [93.793352, 26.015234], [93.794189, 26.015543], [93.793781, 26.017259], [93.792579, 26.017702], [93.791013, 26.018416], [93.789511, 26.019033], [93.787944, 26.019727], [93.786464, 26.020383], [93.785906, 26.021424], [93.785884, 26.022234], [93.786485, 26.023642], [93.789361, 26.026399], [93.79112, 26.027382], [93.792751, 26.028269], [93.79451, 26.028848], [93.796313, 26.029098], [93.798137, 26.0296], [93.799338, 26.02987], [93.799446, 26.03093], [93.799252, 26.031798], [93.798459, 26.032473], [93.797514, 26.0328], [93.795926, 26.033147], [93.793716, 26.033224], [93.792407, 26.032839], [93.790863, 26.03201], [93.79024, 26.031643], [93.789124, 26.031181], [93.787944, 26.031065], [93.786936, 26.031412], [93.783932, 26.033938], [93.783116, 26.035037], [93.782301, 26.036521], [93.781893, 26.037929], [93.7817, 26.039143], [93.781936, 26.040262], [93.783138, 26.041052], [93.784661, 26.040416], [93.785562, 26.039838], [93.787043, 26.039066], [93.788266, 26.038449], [93.790197, 26.038256], [93.791549, 26.038045], [93.793395, 26.03843], [93.795025, 26.040358], [93.795369, 26.04136], [93.795948, 26.042575], [93.796055, 26.044137], [93.794382, 26.04699], [93.793094, 26.047838], [93.791442, 26.048725], [93.789854, 26.0494], [93.787236, 26.049747], [93.784189, 26.048898], [93.782709, 26.04994], [93.782537, 26.051327], [93.783202, 26.052388], [93.784232, 26.053429], [93.786271, 26.054238], [93.789275, 26.054778], [93.790841, 26.054431], [93.792493, 26.053448], [93.793459, 26.052638], [93.795197, 26.052176], [93.795926, 26.052426], [93.797128, 26.053525], [93.798802, 26.055144], [93.800561, 26.058421], [93.800733, 26.059906], [93.801227, 26.06193], [93.80084, 26.063915], [93.801055, 26.065303], [93.80157, 26.066421], [93.803394, 26.066961], [93.805068, 26.066614], [93.80481, 26.068387], [93.803802, 26.070045], [93.802707, 26.071432], [93.80187, 26.073167], [93.801742, 26.0744], [93.801784, 26.076713], [93.802536, 26.077966], [93.804316, 26.079701], [93.805475, 26.080722], [93.806183, 26.081435], [93.806827, 26.082437], [93.807106, 26.083651], [93.806956, 26.084943], [93.805518, 26.086446], [93.804681, 26.087564], [93.804102, 26.088373], [93.803694, 26.089741], [93.803802, 26.090782], [93.804295, 26.091553], [93.805819, 26.092382], [93.807299, 26.092728], [93.80923, 26.092015], [93.810625, 26.091418], [93.811955, 26.090917], [93.813436, 26.091322], [93.813651, 26.092092], [93.813479, 26.093095], [93.811376, 26.095079], [93.810239, 26.096024], [93.808651, 26.097315], [93.807578, 26.098625], [93.806548, 26.100533], [93.806484, 26.101805], [93.807321, 26.103616], [93.808479, 26.104502], [93.809252, 26.10508], [93.81084, 26.105716], [93.813179, 26.106949], [93.813608, 26.10799], [93.813693, 26.109262], [93.813779, 26.110475], [93.814123, 26.111843], [93.815153, 26.112807], [93.816333, 26.112826], [93.818006, 26.112325], [93.81953, 26.112036], [93.821375, 26.112287], [93.822556, 26.113712], [93.822856, 26.114483], [93.822727, 26.116044], [93.821826, 26.117065], [93.820195, 26.117932], [93.818715, 26.118722], [93.817513, 26.119377], [93.816783, 26.120186], [93.816397, 26.121111], [93.816569, 26.121843], [93.817213, 26.122999], [93.820474, 26.125831], [93.82144, 26.125947], [93.82247, 26.125908], [93.82365, 26.125696], [93.82513, 26.125561], [93.826268, 26.125638], [93.827534, 26.12612], [93.828113, 26.126775], [93.827984, 26.127834], [93.827727, 26.12901], [93.826654, 26.129915], [93.82468, 26.131187], [93.823757, 26.132034], [93.821804, 26.13292], [93.820217, 26.133518], [93.818242, 26.133787], [93.818092, 26.13608], [93.818242, 26.13712], [93.818715, 26.138083], [93.819916, 26.138642], [93.820882, 26.13895], [93.822126, 26.139008], [93.823843, 26.138738], [93.825495, 26.138449], [93.827577, 26.137929], [93.829186, 26.137582], [93.830688, 26.137756], [93.831439, 26.138179], [93.83131, 26.140202], [93.830624, 26.1413], [93.829765, 26.142841], [93.828843, 26.143496], [93.82792, 26.144151], [93.826439, 26.14496], [93.825474, 26.145615], [93.825002, 26.146674], [93.82498, 26.148832], [93.826311, 26.150103], [93.827641, 26.151124], [93.829701, 26.152395], [93.832405, 26.154918], [93.833671, 26.15669], [93.833778, 26.157846], [93.833864, 26.158963], [93.833198, 26.160003], [93.832405, 26.160735], [93.830945, 26.161023], [93.829422, 26.160696], [93.82674, 26.160311], [93.825796, 26.161274], [93.825045, 26.16318], [93.824851, 26.16474], [93.82483, 26.166281], [93.824615, 26.168034], [93.82468, 26.170499], [93.825023, 26.171712], [93.825603, 26.172752], [93.826881, 26.173632], [93.827813, 26.174273], [93.829229, 26.174851], [93.830709, 26.175313], [93.831932, 26.176064], [93.832684, 26.176892], [93.83292, 26.178163], [93.832684, 26.179684], [93.832147, 26.180146], [93.830495, 26.181013], [93.8291, 26.181244], [93.82822, 26.18186], [93.827856, 26.18265], [93.82792, 26.183593], [93.828757, 26.186058], [93.829465, 26.187348], [93.831654, 26.191315], [93.832233, 26.192143], [93.832855, 26.193356], [93.833091, 26.194376], [93.832684, 26.196013], [93.832061, 26.196802], [93.831203, 26.197572], [93.830516, 26.198265], [93.830323, 26.199016], [93.830624, 26.199748], [93.831482, 26.200248], [93.832834, 26.200903], [93.834851, 26.201365], [93.838241, 26.201866], [93.839679, 26.202251], [93.841567, 26.202636], [93.842018, 26.203541], [93.840988, 26.205139], [93.840065, 26.205716], [93.83852, 26.20614], [93.83764, 26.206178], [93.836052, 26.206178], [93.834808, 26.206679], [93.834636, 26.207276], [93.834722, 26.208508], [93.835537, 26.21024], [93.836782, 26.211357], [93.838649, 26.212127], [93.839657, 26.212435], [93.841095, 26.21257], [93.842018, 26.212512], [93.843434, 26.211934], [93.844421, 26.211511], [93.845537, 26.211241], [93.846695, 26.211434], [93.846974, 26.212396], [93.846931, 26.213802], [93.847361, 26.217036], [93.848283, 26.217787], [93.849356, 26.218364], [93.850215, 26.218345], [93.850966, 26.21769], [93.851352, 26.216612], [93.851674, 26.215881], [93.852489, 26.215149], [93.853154, 26.215034], [93.853991, 26.215149], [93.855064, 26.215592], [93.855879, 26.21821], [93.855772, 26.219134], [93.855472, 26.22027], [93.855364, 26.221309], [93.855622, 26.222349], [93.85648, 26.222926], [93.85706, 26.223561], [93.857531, 26.2241], [93.857918, 26.225871], [93.857682, 26.227103], [93.856952, 26.227989], [93.856244, 26.229067], [93.855085, 26.229837], [93.853691, 26.231145], [93.853004, 26.23232], [93.853455, 26.233571], [93.85457, 26.234398], [93.856094, 26.234321], [93.857939, 26.232839], [93.858304, 26.232647], [93.859398, 26.232012], [93.860664, 26.231723], [93.86163, 26.231858], [93.863068, 26.234167], [93.863647, 26.235361], [93.86369, 26.236015], [93.862853, 26.236977], [93.860857, 26.23844], [93.858197, 26.238844], [93.85648, 26.239537], [93.855922, 26.240538], [93.856652, 26.242694], [93.857553, 26.243252], [93.858819, 26.243675], [93.86075, 26.243868], [93.862274, 26.244984], [93.862746, 26.245311], [93.863175, 26.245811], [93.863389, 26.246735], [93.863261, 26.248102], [93.863068, 26.249757], [93.863304, 26.251296], [93.863497, 26.252316], [93.863647, 26.254318], [93.863947, 26.255338], [93.865235, 26.257397], [93.866179, 26.25782], [93.868089, 26.25859], [93.868883, 26.259148], [93.870149, 26.259417], [93.871972, 26.259475], [93.873024, 26.260148], [93.873603, 26.260899], [93.874097, 26.261938], [93.875019, 26.264074], [93.874483, 26.265806], [93.873582, 26.266691], [93.87208, 26.267672], [93.870642, 26.268327], [93.868797, 26.269077], [93.867681, 26.269654], [93.86766, 26.270462], [93.868754, 26.271213], [93.869827, 26.271193], [93.871093, 26.271001], [93.872209, 26.27102], [93.873496, 26.271309], [93.874118, 26.27179], [93.874934, 26.272598], [93.875921, 26.273791], [93.876393, 26.275003], [93.876994, 26.275811], [93.877659, 26.276639], [93.878217, 26.277408], [93.877551, 26.27864], [93.877101, 26.278967], [93.876307, 26.279313], [93.874784, 26.27939], [93.872745, 26.279582], [93.87223, 26.280333], [93.87193, 26.281314], [93.872359, 26.282815], [93.87238, 26.28395], [93.872681, 26.285066], [93.873196, 26.286124], [93.874891, 26.288028], [93.87562, 26.288605], [93.875964, 26.289298], [93.875814, 26.290029], [93.875363, 26.290549], [93.874054, 26.290856], [93.872745, 26.290779], [93.871436, 26.290953], [93.870277, 26.291915], [93.869677, 26.292896], [93.869162, 26.294088], [93.869204, 26.295069], [93.869913, 26.295762], [93.871264, 26.296224], [93.873668, 26.296628], [93.875298, 26.297339], [93.87723, 26.299975], [93.878581, 26.301321], [93.87974, 26.301629], [93.881156, 26.301822], [93.882573, 26.30211], [93.883281, 26.302976], [93.883345, 26.303976], [93.882659, 26.306303], [93.882659, 26.307034], [93.88371, 26.307554], [93.884568, 26.307958], [93.884976, 26.308612], [93.884268, 26.30917], [93.88313, 26.309785], [93.881457, 26.309958], [93.879526, 26.309477], [93.878174, 26.308573], [93.877165, 26.307688], [93.8762, 26.307034], [93.875406, 26.307592], [93.874826, 26.308631], [93.874183, 26.309554], [93.873904, 26.31042], [93.874311, 26.31117], [93.875041, 26.311785], [93.87856, 26.313324], [93.879333, 26.313478], [93.882079, 26.313478], [93.88356, 26.313132], [93.884504, 26.312478], [93.885877, 26.311901], [93.886456, 26.311901], [93.886864, 26.312401], [93.88725, 26.313632], [93.887508, 26.314825], [93.887744, 26.317613], [93.887208, 26.31844], [93.886478, 26.319287], [93.885469, 26.319921], [93.885448, 26.320498], [93.886692, 26.321248], [93.888345, 26.321499], [93.889418, 26.321556], [93.890469, 26.321768], [93.891392, 26.322249], [93.891928, 26.323191], [93.891692, 26.324364], [93.891048, 26.324922], [93.890147, 26.325345], [93.888774, 26.325441], [93.887551, 26.325114], [93.886564, 26.324864], [93.886306, 26.325153], [93.886757, 26.325884], [93.888302, 26.326384], [93.889697, 26.327057], [93.8921, 26.327364], [93.892915, 26.327537], [93.894353, 26.32748], [93.895469, 26.327268], [93.896327, 26.327441], [93.896627, 26.328134], [93.896198, 26.328826], [93.895254, 26.329268], [93.894289, 26.329942], [93.893387, 26.330903], [93.892465, 26.331672], [93.891499, 26.331941], [93.889761, 26.331711], [93.888602, 26.331172], [93.88798, 26.330538], [93.887465, 26.329518], [93.886886, 26.328191], [93.886456, 26.328441], [93.885705, 26.329615], [93.88577, 26.331634], [93.886199, 26.333172], [93.887057, 26.334442], [93.887808, 26.335769], [93.888345, 26.336922], [93.888452, 26.338134], [93.887143, 26.34023], [93.886328, 26.342307], [93.885512, 26.343384], [93.88416, 26.344114], [93.882766, 26.344057], [93.882036, 26.343576], [93.881178, 26.342403], [93.880577, 26.341461], [93.879633, 26.341057], [93.87959, 26.341461], [93.879719, 26.342153], [93.880062, 26.342864], [93.882036, 26.344672], [93.883474, 26.346729], [93.884311, 26.347922], [93.884997, 26.348883], [93.886178, 26.349056], [93.886692, 26.348479], [93.886607, 26.347479], [93.886263, 26.346383], [93.886371, 26.345614], [93.88695, 26.345114], [93.887937, 26.344807], [93.888903, 26.345133], [93.890254, 26.346326], [93.890319, 26.347306], [93.89019, 26.347998], [93.889847, 26.348575], [93.889418, 26.349191], [93.888645, 26.350094], [93.888001, 26.350863], [93.886907, 26.35169], [93.885598, 26.352325], [93.884332, 26.352267], [93.882337, 26.352421], [93.882465, 26.353594], [93.883646, 26.355363], [93.884547, 26.356055], [93.885748, 26.356651], [93.886735, 26.357016], [93.887937, 26.357401], [93.888645, 26.357997], [93.888259, 26.35867], [93.887937, 26.359227], [93.887122, 26.360112], [93.885963, 26.36115], [93.885684, 26.361919], [93.885791, 26.36265], [93.887057, 26.36363], [93.888345, 26.363746], [93.889418, 26.364053], [93.890448, 26.364822], [93.890834, 26.365726], [93.891006, 26.367129], [93.890984, 26.36836], [93.890984, 26.369552], [93.890984, 26.370667], [93.891542, 26.37134], [93.892443, 26.371724], [93.893409, 26.371916], [93.894503, 26.372359], [93.894331, 26.372935], [93.893409, 26.373262], [93.892701, 26.373204], [93.891585, 26.373031], [93.890276, 26.372455], [93.888667, 26.371282], [93.888173, 26.370744], [93.887229, 26.37009], [93.886156, 26.369782], [93.885384, 26.369821], [93.883646, 26.370494], [93.881929, 26.371724], [93.881521, 26.372416], [93.881457, 26.372993], [93.881865, 26.373666], [93.883452, 26.374992], [93.884568, 26.375607], [93.885598, 26.376338], [93.886306, 26.377068], [93.886864, 26.378107], [93.887293, 26.379894], [93.887765, 26.380548], [93.88813, 26.381048], [93.888109, 26.381509], [93.887444, 26.38197], [93.886757, 26.381855], [93.886178, 26.381355], [93.885469, 26.380932], [93.88474, 26.380682], [93.883688, 26.380433], [93.883173, 26.380663], [93.882916, 26.381067], [93.882916, 26.381778], [93.883259, 26.38247], [93.883581, 26.383047], [93.884118, 26.383796], [93.884568, 26.384431], [93.884783, 26.385257], [93.884697, 26.385853], [93.884246, 26.386391], [93.883452, 26.38693], [93.882294, 26.387237], [93.881521, 26.386891], [93.881264, 26.386641], [93.880341, 26.386718], [93.880341, 26.387295], [93.880405, 26.388045], [93.881113, 26.388929], [93.881543, 26.389563], [93.882401, 26.390505], [93.882895, 26.391216], [93.883839, 26.392331], [93.883045, 26.392869], [93.885587, 26.394878], [93.889589, 26.395675], [93.891048, 26.396367], [93.890877, 26.399058], [93.890405, 26.400788], [93.890319, 26.403171], [93.891048, 26.405477], [93.892465, 26.407822], [93.894525, 26.410013], [93.897142, 26.411743], [93.89873, 26.41305], [93.899503, 26.414126], [93.899288, 26.41574], [93.897958, 26.417124], [93.897014, 26.418392], [93.897099, 26.42016], [93.899074, 26.421351], [93.900833, 26.421889], [93.902807, 26.421082], [93.903322, 26.42016], [93.903193, 26.419084], [93.901949, 26.417008], [93.901305, 26.415433], [93.901434, 26.414741], [93.902078, 26.41401], [93.903193, 26.413319], [93.904009, 26.412512], [93.904653, 26.411128], [93.904953, 26.409898], [93.905511, 26.408629], [93.90624, 26.407592], [93.908129, 26.407092], [93.909717, 26.40713], [93.912077, 26.406708], [93.913622, 26.405209], [93.914738, 26.404517], [93.915853, 26.403748], [93.916712, 26.40344], [93.919115, 26.403633], [93.920016, 26.405016], [93.919973, 26.406708], [93.919115, 26.407784], [93.917828, 26.408898], [93.917313, 26.410513], [93.917313, 26.411935], [93.916926, 26.413126], [93.914695, 26.414049], [93.913279, 26.414318], [93.911819, 26.415048], [93.911648, 26.416893], [93.913364, 26.418623], [93.914738, 26.418123], [93.916712, 26.416624], [93.917913, 26.415356], [93.918686, 26.414971], [93.920016, 26.415663], [93.920317, 26.416855], [93.920317, 26.418353], [93.919759, 26.419468], [93.918385, 26.420275], [93.91624, 26.421082], [93.915682, 26.421966], [93.91521, 26.423503], [93.917141, 26.424849], [93.918128, 26.426155], [93.918686, 26.427654], [93.919072, 26.428769], [93.919845, 26.429576], [93.921261, 26.429268], [93.92169, 26.428307], [93.921132, 26.427193], [93.920445, 26.426271], [93.919544, 26.425579], [93.918643, 26.424311], [93.918471, 26.423696], [93.920617, 26.423158], [93.92242, 26.423234], [93.924565, 26.423004], [93.925896, 26.423273], [93.927655, 26.425194], [93.928299, 26.426309], [93.929415, 26.426693], [93.930831, 26.42677], [93.932333, 26.427385], [93.932891, 26.428461], [93.933449, 26.429652], [93.938384, 26.432189], [93.939285, 26.434648], [93.939199, 26.436877], [93.937612, 26.438952], [93.936195, 26.440105], [93.932075, 26.443909], [93.931475, 26.446484], [93.936667, 26.447329], [93.939285, 26.445984], [93.942676, 26.444601], [93.944263, 26.443755], [93.946323, 26.443371], [93.948426, 26.443909], [93.949134, 26.442852], [93.951151, 26.442507], [93.953984, 26.442103], [93.955207, 26.441584], [93.955851, 26.440643], [93.955507, 26.439298], [93.954134, 26.437281], [93.952632, 26.43265], [93.953619, 26.431324], [93.955293, 26.430479], [93.95673, 26.430152], [93.959541, 26.429864], [93.960994, 26.42918], [93.962438, 26.4285], [93.963747, 26.427347], [93.965077, 26.426098], [93.965528, 26.424868], [93.965185, 26.423772], [93.964434, 26.422985], [93.963103, 26.422869], [93.962502, 26.423273], [93.961065, 26.423965], [93.959112, 26.424676], [93.957245, 26.425444], [93.954971, 26.424964], [93.951001, 26.423158], [93.947117, 26.422197], [93.946795, 26.420794], [93.94671, 26.419391], [93.947182, 26.417988], [93.947933, 26.416835], [93.948963, 26.416278], [93.951065, 26.417393], [93.95216, 26.41893], [93.953276, 26.420083], [93.954649, 26.420852], [93.956644, 26.421294], [93.95834, 26.421178], [93.95952, 26.42041], [93.959906, 26.419045], [93.959262, 26.417374], [93.95834, 26.415894], [93.956795, 26.414222], [93.956022, 26.413472], [93.954413, 26.412915], [93.951623, 26.412992], [93.950036, 26.412992], [93.948855, 26.409879], [93.948383, 26.407226], [93.948362, 26.405651], [93.948426, 26.404151], [93.950207, 26.402806], [93.951516, 26.401691], [93.952868, 26.400173], [93.953576, 26.397463], [93.954048, 26.395022], [93.95437, 26.393292], [93.954928, 26.391812], [93.955207, 26.389313], [93.954842, 26.387968], [93.954198, 26.38718], [93.953147, 26.387045], [93.952031, 26.387679], [93.951044, 26.388275], [93.949993, 26.388852], [93.948705, 26.389371], [93.947482, 26.389083], [93.946044, 26.388487], [93.945143, 26.387679], [93.944971, 26.386007], [93.945143, 26.380894], [93.947053, 26.379164], [93.948426, 26.378337], [93.949413, 26.377549], [93.951538, 26.377261], [93.953447, 26.377683], [93.954542, 26.378299], [93.956044, 26.378645], [93.958662, 26.37851], [93.960378, 26.378299], [93.96173, 26.376453], [93.962438, 26.374685], [93.962824, 26.373185], [93.963361, 26.371935], [93.963854, 26.37009], [93.963962, 26.368629], [93.96467, 26.367495], [93.96512, 26.366553], [93.964412, 26.365534], [93.963661, 26.364418], [93.963447, 26.363707], [93.963489, 26.36265], [93.964198, 26.361958], [93.965013, 26.361515], [93.966751, 26.361246], [93.970785, 26.360996], [93.971472, 26.359631], [93.970656, 26.358324], [93.969476, 26.357035], [93.968382, 26.355594], [93.968575, 26.350017], [93.967159, 26.342864], [93.966301, 26.337653], [93.963747, 26.336807], [93.962631, 26.336019], [93.961515, 26.334461], [93.960593, 26.333211], [93.960807, 26.332134], [93.96158, 26.331653], [93.963232, 26.332307], [93.963597, 26.332634], [93.965249, 26.333557], [93.965871, 26.333615], [93.967867, 26.331576], [93.967996, 26.330345], [93.968425, 26.329422], [93.970656, 26.328307], [93.973789, 26.325633], [93.97306, 26.323922], [93.97218, 26.322903], [93.971322, 26.320537], [93.970442, 26.319114], [93.969991, 26.31721], [93.970099, 26.316113], [93.970764, 26.314574], [93.971858, 26.312997], [93.973296, 26.312036], [93.97454, 26.311632], [93.975871, 26.312036], [93.976922, 26.312786], [93.977609, 26.313901], [93.977909, 26.315344], [93.97851, 26.317479], [93.979497, 26.318671], [93.979918, 26.318891], [93.979056, 26.318806], [93.983037, 26.319325], [93.984509, 26.318195], [93.985527, 26.316825], [93.985355, 26.314478], [93.984454, 26.311612], [93.982437, 26.308689], [93.980355, 26.306303], [93.974605, 26.300667], [93.972244, 26.297763], [93.971493, 26.295396], [93.971493, 26.293684], [93.972781, 26.290472], [93.973403, 26.289683], [93.974004, 26.289452], [93.974626, 26.289452], [93.975248, 26.289933], [93.976042, 26.291068], [93.9766, 26.291895], [93.978446, 26.292107], [93.980033, 26.291145], [93.980656, 26.289471], [93.980613, 26.287721], [93.980398, 26.286201], [93.979132, 26.283334], [93.977137, 26.279852], [93.976965, 26.277331], [93.977716, 26.275734], [93.979111, 26.274715], [93.982458, 26.274541], [93.984454, 26.274464], [93.985999, 26.273868], [93.9869, 26.272617], [93.986471, 26.27129], [93.985205, 26.270424], [93.982823, 26.269731], [93.978896, 26.268442], [93.976171, 26.266633], [93.972652, 26.262458], [93.971858, 26.259918], [93.971579, 26.25884], [93.971922, 26.256935], [93.972566, 26.256165], [93.973102, 26.256127], [93.974304, 26.25655], [93.974712, 26.25705], [93.975162, 26.258205], [93.97527, 26.259359], [93.975484, 26.260841], [93.976021, 26.262073], [93.978124, 26.262573], [93.979604, 26.261823], [93.980956, 26.260476], [93.981686, 26.257435], [93.982222, 26.253856], [93.984067, 26.252297], [93.987372, 26.252047], [93.990891, 26.252701], [93.993187, 26.253298], [93.995526, 26.253355], [93.996878, 26.252682], [93.997242, 26.250892], [93.995912, 26.24891], [93.994324, 26.24533], [93.993058, 26.244445], [93.991041, 26.243848], [93.98896, 26.243213], [93.986814, 26.24279], [93.98484, 26.242828], [93.982887, 26.242655], [93.982394, 26.241712], [93.982544, 26.240711], [93.982608, 26.237997], [93.984132, 26.237497], [93.9869, 26.236689], [93.988295, 26.235284], [93.988981, 26.234148], [93.989582, 26.231858], [93.989689, 26.230183], [93.989024, 26.226564], [93.987029, 26.226237], [93.985848, 26.227007], [93.985333, 26.2277], [93.98499, 26.228816], [93.985033, 26.230376], [93.985033, 26.232204], [93.984797, 26.233089], [93.98366, 26.234783], [93.982651, 26.23538], [93.981493, 26.235303], [93.980291, 26.234264], [93.978252, 26.232666], [93.976428, 26.230972], [93.974068, 26.228316], [93.970807, 26.22564], [93.971214, 26.217402], [93.974047, 26.216304], [93.976514, 26.216035], [93.979647, 26.215919], [93.982179, 26.215534], [93.983896, 26.214552], [93.985162, 26.213455], [93.984754, 26.211934], [93.983831, 26.21026], [93.982673, 26.208758], [93.981407, 26.207834], [93.979883, 26.20716], [93.977909, 26.20664], [93.974304, 26.205928], [93.972201, 26.205062], [93.970678, 26.201673], [93.970249, 26.196841], [93.971343, 26.187233], [93.973961, 26.187464], [93.975978, 26.187213], [93.977287, 26.186347], [93.978446, 26.184729], [93.978596, 26.183324], [93.979197, 26.182265], [93.981385, 26.181706], [93.98278, 26.182072], [93.984861, 26.183131], [93.987822, 26.183921], [93.990354, 26.184922], [93.991771, 26.18575], [93.993638, 26.185904], [93.994603, 26.185596], [93.995054, 26.185134], [93.992929, 26.181013], [93.990869, 26.178548], [93.992758, 26.176777], [93.996277, 26.176237], [94.002478, 26.174581], [94.001255, 26.17229], [94.001663, 26.171924], [94.002671, 26.171308], [94.002864, 26.17071], [94.001663, 26.167186], [94.001362, 26.165511], [94.002156, 26.164567], [94.002693, 26.1632], [94.002714, 26.159502], [94.002113, 26.157287], [94.001212, 26.155342], [94.000611, 26.154591], [93.99971, 26.154591], [93.998058, 26.154456], [93.996384, 26.15355], [93.995869, 26.152568], [93.995097, 26.15018], [93.995182, 26.148215], [93.995891, 26.147464], [93.996706, 26.147136], [93.997993, 26.146847], [93.99941, 26.146693], [94.00059, 26.146154], [94.002392, 26.144941], [94.003057, 26.143207], [94.003701, 26.141589], [94.002178, 26.138911], [94.002049, 26.137062], [94.001663, 26.134905], [93.999517, 26.132342], [93.997693, 26.131167], [93.996921, 26.131225], [93.995826, 26.131591], [93.994625, 26.132362], [93.992801, 26.133229], [93.990784, 26.133806], [93.988724, 26.133325], [93.98808, 26.132689], [93.987157, 26.131533], [93.986943, 26.13032], [93.987243, 26.129241], [93.98778, 26.12847], [93.988681, 26.128124], [93.989668, 26.128143], [93.99102, 26.128297], [93.991985, 26.128528], [93.993916, 26.128856], [93.995762, 26.129222], [93.996899, 26.128856], [93.998058, 26.128335], [93.997114, 26.127334], [93.995848, 26.126563], [93.993487, 26.124713], [93.992929, 26.123615], [93.993166, 26.122305], [93.99353, 26.12061], [93.993573, 26.119647], [93.993337, 26.118414], [93.992844, 26.117778], [93.991578, 26.116892], [93.98823, 26.11535], [93.987071, 26.114541], [93.986964, 26.113501], [93.987071, 26.112614], [93.987608, 26.111882], [93.988295, 26.11142], [93.988938, 26.11115], [93.989754, 26.110899], [93.990784, 26.111054], [93.992007, 26.111381], [93.993166, 26.111843], [93.994389, 26.112017], [93.995547, 26.111728], [93.997006, 26.111015], [93.997435, 26.110475], [93.997478, 26.108491], [93.997285, 26.107373], [93.995655, 26.10614], [93.992929, 26.103327], [93.990741, 26.099723], [93.989518, 26.098028], [93.989153, 26.096891], [93.990011, 26.094945], [93.99029, 26.093615], [93.990183, 26.092266], [93.989475, 26.088681], [93.988917, 26.087121], [93.988295, 26.086292], [93.987308, 26.08527], [93.986235, 26.084846], [93.984561, 26.084654], [93.983273, 26.084018], [93.982072, 26.081898], [93.981643, 26.080028], [93.9819, 26.078467], [93.98293, 26.076733], [93.985248, 26.073475], [93.985934, 26.072454], [93.986385, 26.070546], [93.987157, 26.06856], [93.987243, 26.067057], [93.986707, 26.066479], [93.985934, 26.066093], [93.979304, 26.057072], [93.970356, 26.046315], [93.970549, 26.040397], [93.962674, 26.036907], [93.962352, 26.035596], [93.961902, 26.030448], [93.962846, 26.026158], [93.961129, 26.017934], [93.959906, 26.012496], [93.953769, 26.004146], [93.952975, 26.003259], [93.959992, 25.994348], [93.959541, 25.991725], [93.95716, 25.979265], [93.955271, 25.970681], [93.954799, 25.968925], [93.968317, 25.956713], [93.969305, 25.955865], [93.969069, 25.944751], [93.968682, 25.935335], [93.977587, 25.929179], [93.978167, 25.928079], [93.978553, 25.920823], [93.979218, 25.917445], [93.977222, 25.915149], [93.97572, 25.914087], [93.972051, 25.912485], [93.968232, 25.909474], [93.966258, 25.907795], [93.965259, 25.90695], [93.960056, 25.901542], [93.958726, 25.902738], [93.948598, 25.89938], [93.943705, 25.898415], [93.944092, 25.896291], [93.938684, 25.896562], [93.936968, 25.896021], [93.934221, 25.894515], [93.933911, 25.889978], [93.933749, 25.88772], [93.933492, 25.886716], [93.930917, 25.88606], [93.92478, 25.884747], [93.923879, 25.882392], [93.91551, 25.882971], [93.91036, 25.87911], [93.910618, 25.875056], [93.91006, 25.87355], [93.908687, 25.872353], [93.905983, 25.871117], [93.903065, 25.87131], [93.901005, 25.871388], [93.895855, 25.862043], [93.896198, 25.857138], [93.89049, 25.859339], [93.88062, 25.844664], [93.878989, 25.84281], [93.87517, 25.841381], [93.866329, 25.849337], [93.859634, 25.851654], [93.853165, 25.855844], [93.851062, 25.857167], [93.850805, 25.857244], [93.849206, 25.85652], [93.847586, 25.855941], [93.847189, 25.855864], [93.846084, 25.856762], [93.844743, 25.857968], [93.844035, 25.858094], [93.840795, 25.857679], [93.837705, 25.857476], [93.837093, 25.857061], [93.835559, 25.855487], [93.833992, 25.853286], [93.830935, 25.849134], [93.830087, 25.847753], [93.829486, 25.846238], [93.829207, 25.84562], [93.828929, 25.845378], [93.827534, 25.84506], [93.825592, 25.8445], [93.824841, 25.844142], [93.82395, 25.842655], [93.819315, 25.836031], [93.818039, 25.834216], [93.817663, 25.83326], [93.817148, 25.830189], [93.815968, 25.82452], [93.815775, 25.823361], [93.815399, 25.822975], [93.813978, 25.822608], [93.809981, 25.821555], [93.807229, 25.820783], [93.8068, 25.820701], [93.806634, 25.820304], [93.80577, 25.816688], [93.805663, 25.815968], [93.805459, 25.815567], [93.805212, 25.815321], [93.804354, 25.81508], [93.803072, 25.81449], [93.802493, 25.814066], [93.801726, 25.813389], [93.801194, 25.812675], [93.800497, 25.811438], [93.800057, 25.810632], [93.79973, 25.810352], [93.799247, 25.810115], [93.798046, 25.809502], [93.797423, 25.809125], [93.796393, 25.808082], [93.796141, 25.807821], [93.795964, 25.807768], [93.795798, 25.80786], [93.795562, 25.808125], [93.795304, 25.808444], [93.794698, 25.808918]]], "type": "Polygon"}, "id": "golaghat-sarupathar", "properties": {"district": "Golaghat", "grade": "zonal", "locality_id": "golaghat-sarupathar", "osm_id": "relation/10054505", "revenue_circle": "Sarupathar"}, "type": "Feature"}, {"geometry": {"coordinates": [[[92.541076, 24.760275], [92.538743, 24.758718], [92.534709, 24.754938], [92.536426, 24.752405], [92.537455, 24.750495], [92.537713, 24.745662], [92.537928, 24.742817], [92.538614, 24.740361], [92.539086, 24.737906], [92.538657, 24.735567], [92.5384, 24.732956], [92.538958, 24.732176], [92.540374, 24.731552], [92.542434, 24.731864], [92.543507, 24.733501], [92.544537, 24.735022], [92.546897, 24.73623], [92.549429, 24.735918], [92.551446, 24.735372], [92.556038, 24.739933], [92.558012, 24.74192], [92.560287, 24.743363], [92.56269, 24.744376], [92.565479, 24.743713], [92.567754, 24.742934], [92.570071, 24.741141], [92.571702, 24.737633], [92.573547, 24.736892], [92.575607, 24.736386], [92.577023, 24.735996], [92.579083, 24.735879], [92.580027, 24.735177], [92.579598, 24.733424], [92.57741, 24.732488], [92.575521, 24.73163], [92.574534, 24.730422], [92.574749, 24.729448], [92.576594, 24.728707], [92.578998, 24.728668], [92.582431, 24.728317], [92.585606, 24.727421], [92.592559, 24.724458], [92.595048, 24.72247], [92.596464, 24.720131], [92.596679, 24.718026], [92.596078, 24.714829], [92.597065, 24.714361], [92.599726, 24.714011], [92.60376, 24.713309], [92.606592, 24.711866], [92.61127, 24.714323], [92.6126, 24.714946], [92.6126, 24.716974], [92.614059, 24.717519], [92.616205, 24.716856], [92.617493, 24.716077], [92.61951, 24.716506], [92.619939, 24.718494], [92.62363, 24.718845], [92.624316, 24.720053], [92.627406, 24.722002], [92.629595, 24.723172], [92.632771, 24.723717], [92.635474, 24.724263], [92.63895, 24.726251], [92.640324, 24.731065], [92.64071, 24.732098], [92.641332, 24.733307], [92.641289, 24.734651], [92.640366, 24.736074], [92.640109, 24.737536], [92.640216, 24.739699], [92.64086, 24.741355], [92.644036, 24.742447], [92.645087, 24.742661], [92.646031, 24.743538], [92.646568, 24.744239], [92.647362, 24.744805], [92.648842, 24.74461], [92.65043, 24.743499], [92.652147, 24.742349], [92.655344, 24.741843], [92.655945, 24.751391], [92.656588, 24.752522], [92.658477, 24.754938], [92.660365, 24.757432], [92.661867, 24.760549], [92.663884, 24.769746], [92.664914, 24.77411], [92.666116, 24.777072], [92.667532, 24.780773], [92.668433, 24.789968], [92.670064, 24.792618], [92.67118, 24.794488], [92.67324, 24.796981], [92.676244, 24.798812], [92.678046, 24.799552], [92.67972, 24.801111], [92.681265, 24.803409], [92.681951, 24.805708], [92.682209, 24.80711], [92.682037, 24.809175], [92.68105, 24.811746], [92.679248, 24.812992], [92.675815, 24.815797], [92.67457, 24.817082], [92.671995, 24.817277], [92.669549, 24.816731], [92.667747, 24.816615], [92.665343, 24.81603], [92.662511, 24.815096], [92.661781, 24.81568], [92.65985, 24.816887], [92.657833, 24.817511], [92.655558, 24.817394], [92.653799, 24.817199], [92.649422, 24.815446], [92.647491, 24.814511], [92.645945, 24.81494], [92.645345, 24.816342], [92.645173, 24.818212], [92.645388, 24.819497], [92.64513, 24.821289], [92.643886, 24.821873], [92.641525, 24.822107], [92.640366, 24.821678], [92.639551, 24.820705], [92.638221, 24.82125], [92.63792, 24.824366], [92.637952, 24.827748], [92.637534, 24.8283], [92.634079, 24.829601], [92.633629, 24.831688], [92.634315, 24.833752], [92.635388, 24.836634], [92.635388, 24.838582], [92.635002, 24.840685], [92.632513, 24.842866], [92.629595, 24.848065], [92.629316, 24.849311], [92.629058, 24.850693], [92.629251, 24.852485], [92.629831, 24.853672], [92.631547, 24.854042], [92.633693, 24.853555], [92.636182, 24.852407], [92.638414, 24.851005], [92.640774, 24.849759], [92.642963, 24.849136], [92.64498, 24.848571], [92.646589, 24.848766], [92.647104, 24.849992], [92.644744, 24.85266], [92.643392, 24.854471], [92.639616, 24.85632], [92.634358, 24.857761], [92.631655, 24.857683], [92.621355, 24.857313], [92.618995, 24.857488], [92.616935, 24.85815], [92.612085, 24.863193], [92.605648, 24.86732], [92.601871, 24.868021], [92.59994, 24.868917], [92.59891, 24.871292], [92.599382, 24.873083], [92.600326, 24.875341], [92.59994, 24.87756], [92.599125, 24.879234], [92.597537, 24.88013], [92.593975, 24.879662], [92.588106, 24.877234], [92.58147, 24.876105], [92.58139, 24.872596], [92.58272, 24.86808], [92.58546, 24.86483], [92.585993, 24.861051], [92.583868, 24.8556], [92.582255, 24.844928], [92.577195, 24.84049], [92.572989, 24.836596], [92.568698, 24.832545], [92.566938, 24.830091], [92.56608, 24.826975], [92.566338, 24.82495], [92.564836, 24.823042], [92.563891, 24.822107], [92.562303, 24.8216], [92.561231, 24.821523], [92.560244, 24.822496], [92.55857, 24.822808], [92.557197, 24.821795], [92.555222, 24.818913], [92.55372, 24.81642], [92.552047, 24.812953], [92.550287, 24.81085], [92.548614, 24.810927], [92.546768, 24.810616], [92.545567, 24.809097], [92.545137, 24.807655], [92.544708, 24.805941], [92.544708, 24.804773], [92.545524, 24.803487], [92.54621, 24.80189], [92.545567, 24.800137], [92.544279, 24.799825], [92.542605, 24.798929], [92.542176, 24.797566], [92.54179, 24.794488], [92.54282, 24.79402], [92.542391, 24.792735], [92.54179, 24.791215], [92.541275, 24.789501], [92.540717, 24.787709], [92.54076, 24.786306], [92.542047, 24.785176], [92.542863, 24.783773], [92.543764, 24.782098], [92.544107, 24.780345], [92.542648, 24.778942], [92.541447, 24.777773], [92.541533, 24.775474], [92.542562, 24.773097], [92.543378, 24.771539], [92.544236, 24.769473], [92.544622, 24.76733], [92.544322, 24.764719], [92.543378, 24.762342], [92.541661, 24.760666], [92.541076, 24.760275]]], "type": "Polygon"}, "id": "hailakandi-algapur", "properties": {"district": "Hailakandi", "grade": "zonal", "locality_id": "hailakandi-algapur", "osm_id": "relation/10053009", "revenue_circle": "Algapur"}, "type": "Feature"}, {"geometry": {"coordinates": [[[92.506797, 24.626496], [92.511449, 24.626343], [92.514796, 24.62646], [92.518401, 24.625796], [92.523894, 24.625718], [92.526898, 24.627162], [92.526426, 24.631531], [92.526941, 24.636329], [92.526813, 24.639567], [92.52737, 24.643975], [92.529216, 24.644638], [92.535181, 24.645028], [92.537971, 24.645925], [92.541876, 24.646471], [92.543292, 24.648031], [92.543764, 24.650723], [92.544065, 24.653804], [92.545395, 24.655676], [92.546682, 24.65669], [92.549472, 24.657158], [92.552261, 24.656417], [92.553592, 24.657236], [92.556381, 24.659615], [92.562733, 24.658328], [92.564192, 24.658445], [92.567882, 24.658601], [92.571659, 24.658445], [92.575436, 24.657899], [92.57947, 24.657899], [92.583976, 24.658094], [92.588911, 24.657665], [92.588525, 24.65552], [92.587581, 24.653726], [92.586722, 24.651776], [92.584577, 24.649709], [92.583847, 24.649006], [92.584233, 24.646861], [92.586937, 24.64573], [92.590027, 24.642648], [92.591271, 24.640932], [92.592001, 24.638748], [92.592645, 24.636914], [92.594619, 24.63395], [92.596807, 24.629854], [92.59964, 24.625562], [92.601828, 24.624392], [92.604618, 24.623183], [92.608008, 24.622519], [92.610412, 24.622714], [92.61127, 24.624509], [92.61466, 24.625172], [92.616634, 24.626499], [92.619295, 24.629307], [92.622299, 24.631336], [92.624831, 24.634028], [92.626505, 24.635549], [92.629852, 24.636758], [92.632084, 24.636017], [92.633243, 24.635237], [92.634788, 24.634808], [92.636161, 24.633482], [92.637448, 24.63157], [92.640109, 24.630751], [92.644443, 24.630322], [92.652597, 24.628527], [92.65307, 24.628527], [92.654786, 24.628781], [92.656438, 24.629132], [92.65882, 24.629678], [92.660816, 24.629736], [92.663283, 24.629015], [92.665751, 24.627747], [92.665772, 24.632584], [92.665086, 24.647797], [92.664356, 24.663437], [92.664485, 24.668546], [92.665579, 24.673538], [92.659185, 24.673168], [92.655644, 24.672817], [92.655773, 24.678647], [92.651889, 24.681786], [92.649808, 24.684145], [92.651031, 24.691592], [92.655258, 24.696232], [92.656202, 24.704498], [92.656417, 24.721924], [92.65573, 24.733852], [92.655344, 24.741843], [92.652147, 24.742349], [92.65043, 24.743499], [92.648842, 24.74461], [92.647362, 24.744805], [92.646568, 24.744239], [92.646031, 24.743538], [92.645087, 24.742661], [92.644036, 24.742447], [92.64086, 24.741355], [92.640216, 24.739699], [92.640109, 24.737536], [92.640366, 24.736074], [92.641289, 24.734651], [92.641332, 24.733307], [92.64071, 24.732098], [92.640324, 24.731065], [92.63895, 24.726251], [92.635474, 24.724263], [92.632771, 24.723717], [92.629595, 24.723172], [92.627406, 24.722002], [92.624316, 24.720053], [92.62363, 24.718845], [92.619939, 24.718494], [92.61951, 24.716506], [92.617493, 24.716077], [92.616205, 24.716856], [92.614059, 24.717519], [92.6126, 24.716974], [92.6126, 24.714946], [92.61127, 24.714323], [92.606592, 24.711866], [92.60376, 24.713309], [92.599726, 24.714011], [92.597065, 24.714361], [92.596078, 24.714829], [92.596679, 24.718026], [92.596464, 24.720131], [92.595048, 24.72247], [92.592559, 24.724458], [92.585606, 24.727421], [92.582431, 24.728317], [92.578998, 24.728668], [92.576594, 24.728707], [92.574749, 24.729448], [92.574534, 24.730422], [92.575521, 24.73163], [92.57741, 24.732488], [92.579598, 24.733424], [92.580027, 24.735177], [92.579083, 24.735879], [92.577023, 24.735996], [92.575607, 24.736386], [92.573547, 24.736892], [92.571702, 24.737633], [92.570071, 24.741141], [92.567754, 24.742934], [92.565479, 24.743713], [92.56269, 24.744376], [92.560287, 24.743363], [92.558012, 24.74192], [92.556038, 24.739933], [92.551446, 24.735372], [92.549429, 24.735918], [92.546897, 24.73623], [92.544537, 24.735022], [92.543507, 24.733501], [92.542434, 24.731864], [92.540374, 24.731552], [92.538958, 24.732176], [92.5384, 24.732956], [92.538657, 24.735567], [92.539086, 24.737906], [92.538614, 24.740361], [92.537928, 24.742817], [92.537713, 24.745662], [92.537455, 24.750495], [92.536426, 24.752405], [92.534709, 24.754938], [92.532349, 24.754977], [92.530417, 24.753613], [92.52913, 24.752327], [92.527971, 24.75182], [92.525311, 24.751781], [92.52501, 24.749404], [92.524881, 24.747923], [92.524538, 24.746753], [92.522349, 24.745155], [92.521362, 24.743791], [92.521663, 24.740478], [92.521577, 24.738529], [92.522607, 24.736815], [92.521963, 24.734047], [92.521405, 24.732488], [92.52192, 24.729331], [92.521105, 24.728551], [92.519646, 24.727187], [92.518315, 24.725121], [92.518144, 24.7236], [92.517714, 24.721924], [92.516599, 24.720716], [92.515354, 24.718767], [92.514195, 24.717051], [92.51132, 24.716545], [92.51102, 24.714323], [92.510505, 24.712295], [92.508659, 24.710775], [92.506986, 24.707461], [92.504883, 24.705629], [92.504539, 24.703679], [92.504325, 24.70251], [92.503381, 24.700833], [92.502651, 24.698533], [92.502222, 24.696544], [92.50145, 24.695648], [92.500205, 24.693971], [92.497544, 24.689682], [92.496686, 24.687225], [92.495742, 24.686017], [92.494884, 24.684691], [92.494454, 24.682741], [92.49424, 24.679076], [92.494025, 24.677048], [92.493296, 24.674981], [92.493296, 24.673109], [92.493896, 24.672056], [92.494798, 24.671354], [92.496772, 24.67112], [92.499089, 24.669755], [92.501836, 24.66605], [92.504625, 24.664295], [92.505698, 24.663437], [92.505784, 24.661643], [92.505097, 24.660512], [92.504196, 24.658874], [92.50248, 24.656378], [92.502866, 24.654428], [92.503595, 24.652751], [92.504582, 24.651737], [92.505054, 24.650528], [92.505011, 24.649358], [92.504539, 24.648304], [92.503638, 24.644404], [92.504883, 24.641829], [92.505011, 24.639489], [92.505655, 24.638202], [92.505999, 24.635822], [92.504411, 24.635003], [92.502651, 24.632311], [92.502265, 24.630361], [92.502866, 24.628527], [92.505226, 24.6288], [92.506685, 24.628839], [92.506797, 24.626496]]], "type": "Polygon"}, "id": "hailakandi-hailakandi", "properties": {"district": "Hailakandi", "grade": "zonal", "locality_id": "hailakandi-hailakandi", "osm_id": "relation/10053008", "revenue_circle": "Hailakandi"}, "type": "Feature"}, {"geometry": {"coordinates": [[[92.534639, 24.181151], [92.533861, 24.181876], [92.532574, 24.183451], [92.531844, 24.18444], [92.531383, 24.185086], [92.531383, 24.185477], [92.531565, 24.186123], [92.532048, 24.187679], [92.532896, 24.189138], [92.53354, 24.190253], [92.533936, 24.191291], [92.535181, 24.192788], [92.536544, 24.194961], [92.537284, 24.196566], [92.537971, 24.198034], [92.537949, 24.199403], [92.53781, 24.200069], [92.537134, 24.200353], [92.536597, 24.200871], [92.536501, 24.201165], [92.536651, 24.201674], [92.536908, 24.20186], [92.537552, 24.201948], [92.538078, 24.202075], [92.538668, 24.202369], [92.539215, 24.202662], [92.53958, 24.202907], [92.53988, 24.203181], [92.540041, 24.203435], [92.540418, 24.203941], [92.540299, 24.204394], [92.540267, 24.20461], [92.540417, 24.204845], [92.540749, 24.20503], [92.541286, 24.205608], [92.541865, 24.206909], [92.541811, 24.20777], [92.54179, 24.208211], [92.541216, 24.208602], [92.54091, 24.209116], [92.540798, 24.209473], [92.540739, 24.209796], [92.540835, 24.210114], [92.541044, 24.210628], [92.541205, 24.210872], [92.541468, 24.211078], [92.541758, 24.211215], [92.542047, 24.211313], [92.54238, 24.211415], [92.542782, 24.211577], [92.543158, 24.211738], [92.543115, 24.211997], [92.542868, 24.212301], [92.542638, 24.212404], [92.542428, 24.212526], [92.542144, 24.212707], [92.541978, 24.212849], [92.541908, 24.213098], [92.541978, 24.213348], [92.542128, 24.213671], [92.542857, 24.214869], [92.543072, 24.215398], [92.54319, 24.21573], [92.543469, 24.216137], [92.543705, 24.216293], [92.54414, 24.216504], [92.544526, 24.216665], [92.545379, 24.216998], [92.545797, 24.217247], [92.545931, 24.21757], [92.546012, 24.217908], [92.545942, 24.218147], [92.545631, 24.218896], [92.545829, 24.219346], [92.546141, 24.219644], [92.546446, 24.219928], [92.546698, 24.220275], [92.546924, 24.220613], [92.546961, 24.220819], [92.54687, 24.221014], [92.546757, 24.221376], [92.546709, 24.22187], [92.546747, 24.222223], [92.546951, 24.222565], [92.547165, 24.222839], [92.547466, 24.223035], [92.547503, 24.223269], [92.54746, 24.223685], [92.547069, 24.224507], [92.54694, 24.224913], [92.546774, 24.226224], [92.546774, 24.227555], [92.546677, 24.228548], [92.546618, 24.229345], [92.546645, 24.23003], [92.546741, 24.230529], [92.54716, 24.230813], [92.547487, 24.231023], [92.547804, 24.231214], [92.548227, 24.231669], [92.548324, 24.232046], [92.548276, 24.232276], [92.548013, 24.232422], [92.547492, 24.232496], [92.547122, 24.232593], [92.546918, 24.232677], [92.546784, 24.233131], [92.546784, 24.233587], [92.546698, 24.234213], [92.546682, 24.234648], [92.546827, 24.235313], [92.546961, 24.235925], [92.546886, 24.236257], [92.546854, 24.236536], [92.547015, 24.236913], [92.547149, 24.237294], [92.547407, 24.237774], [92.547986, 24.238992], [92.548436, 24.240175], [92.548737, 24.240841], [92.548962, 24.242303], [92.54922, 24.243487], [92.549783, 24.245057], [92.550218, 24.246025], [92.550411, 24.246329], [92.550486, 24.246515], [92.550394, 24.246916], [92.550609, 24.247219], [92.550802, 24.247361], [92.551178, 24.247444], [92.551612, 24.247547], [92.552025, 24.247581], [92.553307, 24.247483], [92.554048, 24.247263], [92.554461, 24.247155], [92.554992, 24.246989], [92.555346, 24.246891], [92.555705, 24.246925], [92.555915, 24.247072], [92.556097, 24.247292], [92.556252, 24.247483], [92.556472, 24.24782], [92.556773, 24.248021], [92.557154, 24.24808], [92.557395, 24.248354], [92.557583, 24.248598], [92.557926, 24.248686], [92.558715, 24.248716], [92.559144, 24.248774], [92.559557, 24.24897], [92.559949, 24.249263], [92.560335, 24.249591], [92.560576, 24.250009], [92.560772, 24.250286], [92.560992, 24.250498], [92.561426, 24.25078], [92.561826, 24.25109], [92.562057, 24.251159], [92.562344, 24.251176], [92.562634, 24.251166], [92.562915, 24.251149], [92.563073, 24.251161], [92.563637, 24.2513], [92.565174, 24.251582], [92.566013, 24.251677], [92.567327, 24.251728], [92.568231, 24.25165], [92.568743, 24.251599], [92.569513, 24.251572], [92.56979, 24.251589], [92.569985, 24.25165], [92.570256, 24.25179], [92.57153, 24.251941], [92.571844, 24.251944], [92.572464, 24.251946], [92.57307, 24.251887], [92.573687, 24.251655], [92.574875, 24.251208], [92.575511, 24.251017], [92.576857, 24.250736], [92.577833, 24.250557], [92.579016, 24.25022], [92.580022, 24.249992], [92.580717, 24.249948], [92.581294, 24.25007], [92.582248, 24.250339], [92.583176, 24.250506], [92.584231, 24.25041], [92.584539, 24.25032], [92.58543, 24.25009], [92.586395, 24.249951], [92.586918, 24.249914], [92.587656, 24.249816], [92.587913, 24.24964], [92.58823, 24.249386], [92.588396, 24.249219], [92.588565, 24.24908], [92.588715, 24.249002], [92.588925, 24.248946], [92.589195, 24.248946], [92.590679, 24.24895], [92.590883, 24.249048], [92.591038, 24.249268], [92.59117, 24.249381], [92.591467, 24.249603], [92.591768, 24.249745], [92.592524, 24.249892], [92.593283, 24.25011], [92.593825, 24.250327], [92.594791, 24.250621], [92.595072, 24.250655], [92.595885, 24.250638], [92.596325, 24.250506], [92.596622, 24.250418], [92.59688, 24.250467], [92.59703, 24.250508], [92.597207, 24.250569], [92.597432, 24.250586], [92.597566, 24.250572], [92.597752, 24.250511], [92.598653, 24.250359], [92.599095, 24.250335], [92.599428, 24.250317], [92.59964, 24.250357], [92.600273, 24.250415], [92.600721, 24.250379], [92.600893, 24.250227], [92.601308, 24.249841], [92.601839, 24.249339], [92.602038, 24.24919], [92.60215, 24.249087], [92.602217, 24.248879], [92.602306, 24.248813], [92.602462, 24.248762], [92.602907, 24.248676], [92.60354, 24.24864], [92.604685, 24.248628], [92.605291, 24.248579], [92.605978, 24.248659], [92.606399, 24.248694], [92.606589, 24.248794], [92.606729, 24.248999], [92.606783, 24.24918], [92.606868, 24.249545], [92.606941, 24.250105], [92.607126, 24.250533], [92.607386, 24.250831], [92.607791, 24.251075], [92.608301, 24.251188], [92.608556, 24.251293], [92.608743, 24.251403], [92.608864, 24.251594], [92.609009, 24.251746], [92.609502, 24.252066], [92.609915, 24.252315], [92.610347, 24.252731], [92.61064, 24.252995], [92.610844, 24.253044], [92.611189, 24.253191], [92.611624, 24.253431], [92.611911, 24.253668], [92.612032, 24.253881], [92.612136, 24.25426], [92.612134, 24.254763], [92.612134, 24.255157], [92.612117, 24.255399], [92.612252, 24.255622], [92.612372, 24.255724], [92.61249, 24.255793], [92.612761, 24.25582], [92.612697, 24.259114], [92.613577, 24.260737], [92.613856, 24.261618], [92.613727, 24.262224], [92.613727, 24.263183], [92.613705, 24.263691], [92.614907, 24.264533], [92.614778, 24.265178], [92.614006, 24.265804], [92.614092, 24.266586], [92.614929, 24.267995], [92.615122, 24.268816], [92.615143, 24.26956], [92.615143, 24.270577], [92.615572, 24.271535], [92.615722, 24.272983], [92.615851, 24.274157], [92.615808, 24.275017], [92.616195, 24.275858], [92.616624, 24.276504], [92.617031, 24.276993], [92.617139, 24.277677], [92.616774, 24.27803], [92.616752, 24.278499], [92.617031, 24.278793], [92.617289, 24.278871], [92.617203, 24.279575], [92.616795, 24.279653], [92.616473, 24.280103], [92.616538, 24.280455], [92.616988, 24.280748], [92.617525, 24.28112], [92.617675, 24.281629], [92.617911, 24.282294], [92.617632, 24.283839], [92.617482, 24.284132], [92.618169, 24.284543], [92.61849, 24.284797], [92.618555, 24.285501], [92.618533, 24.286244], [92.618877, 24.286753], [92.618962, 24.287076], [92.618952, 24.287731], [92.618769, 24.288083], [92.61833, 24.288328], [92.617814, 24.288347], [92.617396, 24.288611], [92.617278, 24.288826], [92.616699, 24.289159], [92.616184, 24.289168], [92.615647, 24.289305], [92.615454, 24.289706], [92.615443, 24.290078], [92.615722, 24.290528], [92.615862, 24.291144], [92.615797, 24.291613], [92.615712, 24.292357], [92.615787, 24.292767], [92.616645, 24.293941], [92.616731, 24.295055], [92.616849, 24.295828], [92.616838, 24.296385], [92.617235, 24.296943], [92.617396, 24.297441], [92.617707, 24.298957], [92.6179, 24.299847], [92.617825, 24.30057], [92.617643, 24.300883], [92.617471, 24.301059], [92.617428, 24.301353], [92.617611, 24.301646], [92.617793, 24.301949], [92.617825, 24.302203], [92.617825, 24.302683], [92.617825, 24.302917], [92.618405, 24.303866], [92.618319, 24.304658], [92.618265, 24.305029], [92.618383, 24.305411], [92.61833, 24.305743], [92.618651, 24.305851], [92.618726, 24.306085], [92.618662, 24.306486], [92.618308, 24.306809], [92.618104, 24.307132], [92.617976, 24.307298], [92.617868, 24.307611], [92.617965, 24.307865], [92.61834, 24.307914], [92.618844, 24.307963], [92.619059, 24.308158], [92.618726, 24.308569], [92.618319, 24.309136], [92.618008, 24.309468], [92.618694, 24.310485], [92.618866, 24.311052], [92.619005, 24.311434], [92.618984, 24.311805], [92.61892, 24.312343], [92.61893, 24.312881], [92.619038, 24.313252], [92.619242, 24.313858], [92.619295, 24.314249], [92.619928, 24.315374], [92.6204, 24.315873], [92.620765, 24.316185], [92.62099, 24.316694], [92.621108, 24.317222], [92.621162, 24.317652], [92.621162, 24.318229], [92.621108, 24.318669], [92.62114, 24.318923], [92.621473, 24.319031], [92.62202, 24.319021], [92.622321, 24.319128], [92.622514, 24.319422], [92.622707, 24.319734], [92.622922, 24.320008], [92.623018, 24.320243], [92.623093, 24.320585], [92.623061, 24.321123], [92.622997, 24.32168], [92.623308, 24.322179], [92.62334, 24.322472], [92.62319, 24.322922], [92.622943, 24.323254], [92.622621, 24.323538], [92.622321, 24.323577], [92.62187, 24.323528], [92.621612, 24.323479], [92.621344, 24.323469], [92.621098, 24.323508], [92.621012, 24.323635], [92.621108, 24.324408], [92.621205, 24.325356], [92.621505, 24.325727], [92.621945, 24.325894], [92.622364, 24.326011], [92.622632, 24.326197], [92.622621, 24.326431], [92.622106, 24.326421], [92.621892, 24.326402], [92.621731, 24.326519], [92.621859, 24.326901], [92.622149, 24.327037], [92.622739, 24.327008], [92.622975, 24.327067], [92.6232, 24.327243], [92.623318, 24.327712], [92.623061, 24.327917], [92.622728, 24.327868], [92.622439, 24.327996], [92.622246, 24.328123], [92.621892, 24.328308], [92.621591, 24.328494], [92.622246, 24.328924], [92.622342, 24.329169], [92.622267, 24.329335], [92.62202, 24.32957], [92.621795, 24.330264], [92.621774, 24.330821], [92.621752, 24.331143], [92.621816, 24.331554], [92.622331, 24.331857], [92.622857, 24.332092], [92.623136, 24.332317], [92.623286, 24.3326], [92.623404, 24.332854], [92.62349, 24.333509], [92.624026, 24.333822], [92.624359, 24.33391], [92.624713, 24.334145], [92.625582, 24.334096], [92.628522, 24.333538], [92.629938, 24.333734], [92.631526, 24.33436], [92.633071, 24.335259], [92.634133, 24.335953], [92.635227, 24.337038], [92.635785, 24.336999], [92.636365, 24.336628], [92.63703, 24.335415], [92.638264, 24.335112], [92.638661, 24.334809], [92.639079, 24.334653], [92.638704, 24.334154], [92.637384, 24.334369], [92.636204, 24.33433], [92.635683, 24.333822], [92.635571, 24.333045], [92.636032, 24.331691], [92.636649, 24.331329], [92.637062, 24.331373], [92.637432, 24.331764], [92.637867, 24.332361], [92.638886, 24.333358], [92.639455, 24.333793], [92.640072, 24.333871], [92.640388, 24.333348], [92.640613, 24.332688], [92.639637, 24.331241], [92.639197, 24.329697], [92.638435, 24.3291], [92.638328, 24.328626], [92.638623, 24.328509], [92.639219, 24.328861], [92.639793, 24.329046], [92.640206, 24.328861], [92.640688, 24.328211], [92.640951, 24.327776], [92.641289, 24.327492], [92.641665, 24.327663], [92.64218, 24.328474], [92.64248, 24.328768], [92.643054, 24.32865], [92.643891, 24.328128], [92.644427, 24.327898], [92.645141, 24.327761], [92.645881, 24.327668], [92.646074, 24.328338], [92.646128, 24.328841], [92.645516, 24.32931], [92.645237, 24.329995], [92.645398, 24.330733], [92.645726, 24.331192], [92.645978, 24.33131], [92.646927, 24.330371], [92.64734, 24.329266], [92.647764, 24.328866], [92.648343, 24.328817], [92.649266, 24.328797], [92.649958, 24.329149], [92.650151, 24.329677], [92.649905, 24.330083], [92.649749, 24.330542], [92.649867, 24.331485], [92.650071, 24.331754], [92.650849, 24.331994], [92.651278, 24.3315], [92.651535, 24.330835], [92.651627, 24.330811], [92.651675, 24.331363], [92.651685, 24.33194], [92.651332, 24.33279], [92.651267, 24.333069], [92.651466, 24.334927], [92.651596, 24.335724], [92.662596, 24.349019], [92.703994, 24.382019], [92.727462, 24.446904], [92.745466, 24.483468], [92.748717, 24.490507], [92.75406, 24.502057], [92.741522, 24.510458], [92.736776, 24.5122], [92.732506, 24.513703], [92.71122, 24.523777], [92.693024, 24.533538], [92.677746, 24.539784], [92.671823, 24.54119], [92.659035, 24.540174], [92.654571, 24.538301], [92.647877, 24.535568], [92.640152, 24.534709], [92.635431, 24.536427], [92.631054, 24.539628], [92.629251, 24.54361], [92.628136, 24.547904], [92.626505, 24.551183], [92.624445, 24.548451], [92.62393, 24.544703], [92.622385, 24.537988], [92.622471, 24.530649], [92.619209, 24.529399], [92.615948, 24.528931], [92.616967, 24.525446], [92.615948, 24.521825], [92.611999, 24.517608], [92.606077, 24.515343], [92.6017, 24.51589], [92.590971, 24.516437], [92.579126, 24.518467], [92.571058, 24.520575], [92.557754, 24.522215], [92.556553, 24.525105], [92.554321, 24.529634], [92.547884, 24.529712], [92.54488, 24.527681], [92.545137, 24.523231], [92.545137, 24.517842], [92.544365, 24.512063], [92.541876, 24.506675], [92.534408, 24.506441], [92.534924, 24.51058], [92.533293, 24.517686], [92.52471, 24.519248], [92.509646, 24.521591], [92.508573, 24.520068], [92.507844, 24.519014], [92.506943, 24.516046], [92.508016, 24.504761], [92.508541, 24.49986], [92.508659, 24.497927], [92.508488, 24.49701], [92.506771, 24.495174], [92.506599, 24.494256], [92.506417, 24.491689], [92.506299, 24.489843], [92.506664, 24.488174], [92.50735, 24.486602], [92.508477, 24.485352], [92.509582, 24.484415], [92.510204, 24.483653], [92.510161, 24.482354], [92.509818, 24.480499], [92.50882, 24.477218], [92.508059, 24.47551], [92.507039, 24.473762], [92.506728, 24.472385], [92.507071, 24.47049], [92.507619, 24.468645], [92.507544, 24.467326], [92.507254, 24.466301], [92.506857, 24.465051], [92.506664, 24.463576], [92.506481, 24.462883], [92.506508, 24.462556], [92.507152, 24.461848], [92.508005, 24.461281], [92.508118, 24.460935], [92.508037, 24.460178], [92.507769, 24.459558], [92.506905, 24.458523], [92.506127, 24.457653], [92.50551, 24.457038], [92.505661, 24.456653], [92.506889, 24.456149], [92.507525, 24.455796], [92.508375, 24.455749], [92.508793, 24.455441], [92.508799, 24.454787], [92.508289, 24.453771], [92.507667, 24.453005], [92.506342, 24.451525], [92.505907, 24.451144], [92.505891, 24.450632], [92.506133, 24.450114], [92.506261, 24.449274], [92.506331, 24.44587], [92.506063, 24.444864], [92.506546, 24.443604], [92.50646, 24.442618], [92.505655, 24.441055], [92.50646, 24.439658], [92.50646, 24.436161], [92.505591, 24.432801], [92.504829, 24.431951], [92.503939, 24.431463], [92.503037, 24.431014], [92.502909, 24.430887], [92.50278, 24.42947], [92.502823, 24.427614], [92.502726, 24.425592], [92.502801, 24.424459], [92.502673, 24.423306], [92.502265, 24.421509], [92.502437, 24.4189], [92.5019, 24.417777], [92.50131, 24.416634], [92.500613, 24.41513], [92.500849, 24.413957], [92.501621, 24.411671], [92.50175, 24.410665], [92.501117, 24.40873], [92.500935, 24.406434], [92.500033, 24.404559], [92.497941, 24.402732], [92.49792, 24.401188], [92.497383, 24.399722], [92.496922, 24.398569], [92.496643, 24.397729], [92.496386, 24.395921], [92.495141, 24.394749], [92.494111, 24.393899], [92.493585, 24.392717], [92.493811, 24.39088], [92.494916, 24.388818], [92.495055, 24.387479], [92.495538, 24.385544], [92.49527, 24.384626], [92.49468, 24.38231], [92.493338, 24.379193], [92.492899, 24.377922], [92.492673, 24.376007], [92.492266, 24.375], [92.491118, 24.373505], [92.490485, 24.371248], [92.491536, 24.36986], [92.491493, 24.369049], [92.491032, 24.368394], [92.49012, 24.367358], [92.49012, 24.366566], [92.490227, 24.365843], [92.489787, 24.365345], [92.488951, 24.364602], [92.488757, 24.363654], [92.488253, 24.36252], [92.48497, 24.357682], [92.482996, 24.35257], [92.482481, 24.349013], [92.481494, 24.342913], [92.479777, 24.338612], [92.478662, 24.330713], [92.473941, 24.321797], [92.46892, 24.311082], [92.466988, 24.305411], [92.464886, 24.301499], [92.460723, 24.295241], [92.452998, 24.2882], [92.451196, 24.286675], [92.451067, 24.283545], [92.447977, 24.277912], [92.445702, 24.275409], [92.4439, 24.274], [92.442183, 24.273179], [92.44081, 24.271653], [92.438364, 24.265472], [92.434845, 24.259564], [92.432785, 24.254399], [92.430725, 24.253421], [92.42845, 24.253656], [92.426906, 24.253695], [92.424631, 24.254047], [92.423923, 24.254849], [92.422413, 24.254847], [92.422099, 24.250604], [92.421927, 24.248569], [92.420726, 24.241017], [92.420297, 24.23726], [92.420082, 24.233269], [92.420039, 24.230529], [92.419481, 24.226146], [92.419996, 24.221019], [92.420855, 24.219062], [92.420812, 24.216714], [92.420297, 24.214914], [92.419052, 24.2128], [92.419524, 24.211391], [92.419867, 24.210295], [92.418923, 24.204737], [92.419395, 24.203132], [92.420425, 24.202153], [92.421155, 24.199687], [92.421198, 24.197574], [92.419996, 24.195303], [92.419138, 24.193698], [92.418494, 24.192485], [92.419567, 24.190801], [92.420812, 24.189549], [92.422786, 24.188139], [92.424889, 24.187161], [92.430682, 24.184929], [92.432098, 24.182698], [92.433558, 24.180897], [92.433944, 24.179448], [92.43433, 24.177882], [92.434459, 24.176316], [92.434545, 24.174907], [92.435145, 24.174085], [92.436004, 24.172323], [92.436733, 24.170913], [92.437248, 24.169034], [92.437034, 24.166137], [92.435789, 24.163043], [92.435617, 24.160577], [92.435489, 24.15811], [92.435446, 24.156191], [92.435489, 24.154233], [92.437377, 24.15204], [92.438149, 24.152119], [92.439823, 24.152941], [92.441497, 24.153332], [92.443471, 24.152902], [92.444115, 24.151649], [92.445145, 24.150043], [92.446461, 24.149729], [92.447473, 24.149231], [92.44772, 24.148574], [92.447655, 24.147958], [92.447612, 24.147527], [92.447612, 24.147037], [92.447945, 24.146519], [92.448449, 24.146166], [92.448696, 24.145471], [92.448771, 24.144884], [92.448932, 24.144218], [92.4492, 24.143768], [92.449619, 24.14366], [92.450123, 24.14411], [92.450573, 24.144365], [92.450724, 24.14461], [92.449994, 24.145951], [92.449629, 24.146587], [92.44993, 24.14694], [92.450466, 24.14693], [92.451024, 24.146489], [92.451239, 24.145765], [92.451378, 24.145315], [92.451657, 24.144825], [92.452161, 24.144443], [92.452633, 24.144101], [92.45288, 24.144022], [92.453706, 24.144482], [92.454361, 24.144805], [92.454951, 24.144658], [92.455863, 24.144443], [92.456732, 24.14411], [92.456861, 24.143728], [92.456946, 24.143151], [92.456989, 24.14273], [92.457161, 24.14227], [92.457472, 24.142005], [92.457955, 24.14177], [92.45847, 24.141565], [92.45906, 24.141271], [92.459575, 24.140928], [92.459822, 24.140439], [92.459854, 24.139871], [92.459757, 24.139421], [92.46009, 24.139029], [92.460562, 24.138657], [92.460809, 24.138148], [92.461045, 24.137698], [92.461324, 24.137306], [92.461849, 24.137345], [92.462214, 24.1376], [92.462826, 24.13805], [92.463062, 24.138383], [92.463641, 24.138921], [92.464231, 24.138657], [92.464285, 24.138275], [92.464167, 24.137962], [92.463899, 24.137825], [92.463609, 24.13757], [92.463459, 24.137139], [92.463437, 24.136855], [92.463588, 24.136571], [92.463909, 24.136327], [92.464156, 24.13615], [92.464939, 24.136033], [92.465519, 24.136082], [92.465776, 24.136366], [92.465926, 24.136718], [92.465905, 24.13712], [92.465733, 24.13758], [92.465465, 24.137972], [92.465347, 24.138402], [92.465551, 24.138588], [92.465959, 24.138549], [92.466699, 24.1385], [92.467681, 24.138657], [92.467945, 24.139], [92.46804, 24.139357], [92.468163, 24.139646], [92.46833, 24.139871], [92.468485, 24.140042], [92.468888, 24.140179], [92.469381, 24.140086], [92.469741, 24.139959], [92.470111, 24.139616], [92.4704, 24.139533], [92.470899, 24.139435], [92.47157, 24.139489], [92.472128, 24.139656], [92.472364, 24.139798], [92.472637, 24.139998], [92.472895, 24.140365], [92.472879, 24.140879], [92.472761, 24.141658], [92.472809, 24.142108], [92.47297, 24.142338], [92.473276, 24.142382], [92.47364, 24.142382], [92.473968, 24.142343], [92.474289, 24.142358], [92.474472, 24.142485], [92.474552, 24.14272], [92.474504, 24.143288], [92.474638, 24.143626], [92.47496, 24.143621], [92.475228, 24.143489], [92.475615, 24.143268], [92.475969, 24.142989], [92.476344, 24.14274], [92.476677, 24.142524], [92.477015, 24.142284], [92.477851, 24.141927], [92.478302, 24.141917], [92.478602, 24.141991], [92.478946, 24.142265], [92.479021, 24.142485], [92.479032, 24.142891], [92.479016, 24.143195], [92.47878, 24.143528], [92.478688, 24.143738], [92.478635, 24.144169], [92.478892, 24.144262], [92.479375, 24.144257], [92.479681, 24.144262], [92.480019, 24.144301], [92.480437, 24.144311], [92.480636, 24.144629], [92.480673, 24.145177], [92.480518, 24.145584], [92.480051, 24.145956], [92.479692, 24.146049], [92.477438, 24.146954], [92.477111, 24.147444], [92.477229, 24.147782], [92.477776, 24.148007], [92.478281, 24.148276], [92.479944, 24.149044], [92.480416, 24.149676], [92.480807, 24.15019], [92.480823, 24.151541], [92.480775, 24.153254], [92.480764, 24.15389], [92.480662, 24.15437], [92.480722, 24.154688], [92.481215, 24.155138], [92.481558, 24.155462], [92.481768, 24.155692], [92.481821, 24.156034], [92.481505, 24.156308], [92.481113, 24.156333], [92.480829, 24.156264], [92.480314, 24.156166], [92.479954, 24.156108], [92.479638, 24.156108], [92.47945, 24.156303], [92.479364, 24.156509], [92.479509, 24.156739], [92.480115, 24.157326], [92.480657, 24.157586], [92.481633, 24.157836], [92.482379, 24.157938], [92.482899, 24.158119], [92.483302, 24.158217], [92.483468, 24.158604], [92.483136, 24.159397], [92.482556, 24.160136], [92.482374, 24.160689], [92.482524, 24.160978], [92.482744, 24.161223], [92.483017, 24.161487], [92.483243, 24.161761], [92.483409, 24.161986], [92.483672, 24.162955], [92.484042, 24.163273], [92.484375, 24.163317], [92.484643, 24.163244], [92.484954, 24.16298], [92.485882, 24.16225], [92.486343, 24.162094], [92.486891, 24.162045], [92.487432, 24.162187], [92.488001, 24.162338], [92.489187, 24.162808], [92.490297, 24.162833], [92.490737, 24.162647], [92.491075, 24.162387], [92.49122, 24.162089], [92.491933, 24.1611], [92.492239, 24.160909], [92.493349, 24.160841], [92.496257, 24.16086], [92.497174, 24.160831], [92.497678, 24.160973], [92.49888, 24.160948], [92.499594, 24.161022], [92.50005, 24.161115], [92.500286, 24.16111], [92.50086, 24.160909], [92.501428, 24.160787], [92.502158, 24.160748], [92.502635, 24.160784], [92.503107, 24.16097], [92.503434, 24.161151], [92.503606, 24.161308], [92.503703, 24.161607], [92.503724, 24.161844], [92.503724, 24.162182], [92.503839, 24.162923], [92.503974, 24.163445], [92.504067, 24.163623], [92.50425, 24.163758], [92.504459, 24.163799], [92.504835, 24.163787], [92.504987, 24.163719], [92.50536, 24.163381], [92.505602, 24.163256], [92.505765, 24.16321], [92.505966, 24.163332], [92.506152, 24.163459], [92.506398, 24.163643], [92.506618, 24.163785], [92.506801, 24.164105], [92.506886, 24.1646], [92.506841, 24.165114], [92.506626, 24.165451], [92.506291, 24.165752], [92.505848, 24.165887], [92.505516, 24.165928], [92.504735, 24.165985], [92.504381, 24.165995], [92.504129, 24.166051], [92.503802, 24.166188], [92.503662, 24.166327], [92.503609, 24.166589], [92.50351, 24.167125], [92.503606, 24.167815], [92.503848, 24.167982], [92.504556, 24.167913], [92.505231, 24.16782], [92.505956, 24.167791], [92.506921, 24.167487], [92.507989, 24.167233], [92.508547, 24.167218], [92.508697, 24.167429], [92.508767, 24.167815], [92.508466, 24.168119], [92.508037, 24.168471], [92.507334, 24.169298], [92.507211, 24.16968], [92.507501, 24.169998], [92.508654, 24.170169], [92.509105, 24.170194], [92.510719, 24.170287], [92.51161, 24.170209], [92.512012, 24.170199], [92.512372, 24.170336], [92.512516, 24.170727], [92.512484, 24.170996], [92.512237, 24.171349], [92.510993, 24.17198], [92.510628, 24.172166], [92.510349, 24.172323], [92.510258, 24.172607], [92.510451, 24.172749], [92.510843, 24.172846], [92.511368, 24.172881], [92.511862, 24.172988], [92.51213, 24.173233], [92.512468, 24.17384], [92.512586, 24.174177], [92.512769, 24.174471], [92.513165, 24.174677], [92.513621, 24.175039], [92.513976, 24.175665], [92.514576, 24.176806], [92.515585, 24.178347], [92.515917, 24.178881], [92.516191, 24.179071], [92.516819, 24.179184], [92.51706, 24.179003], [92.516872, 24.178607], [92.516819, 24.178264], [92.51684, 24.177667], [92.516921, 24.177363], [92.517082, 24.17708], [92.517296, 24.176801], [92.517478, 24.176522], [92.518187, 24.175768], [92.518954, 24.175078], [92.519753, 24.173889], [92.520182, 24.173488], [92.521126, 24.173326], [92.521807, 24.173204], [92.522462, 24.172998], [92.523438, 24.172685], [92.524672, 24.172039], [92.52508, 24.171726], [92.525375, 24.171589], [92.525852, 24.171907], [92.526255, 24.172548], [92.526732, 24.173116], [92.527242, 24.17384], [92.528019, 24.174329], [92.528593, 24.174721], [92.530525, 24.176101], [92.530557, 24.17662], [92.530171, 24.176825], [92.529312, 24.176855], [92.528733, 24.176855], [92.528411, 24.177305], [92.528561, 24.177823], [92.529302, 24.178381], [92.529999, 24.178685], [92.530675, 24.178812], [92.531222, 24.178802], [92.532059, 24.178685], [92.532595, 24.178851], [92.533926, 24.179801], [92.534323, 24.180339], [92.534639, 24.181151]]], "type": "Polygon"}, "id": "hailakandi-katlichara", "properties": {"district": "Hailakandi", "grade": "zonal", "locality_id": "hailakandi-katlichara", "osm_id": "relation/10053006", "revenue_circle": "Katlichara"}, "type": "Feature"}, {"geometry": {"coordinates": [[[94.335795, 26.886568], [94.330416, 26.882345], [94.323828, 26.881445], [94.319172, 26.879455], [94.312863, 26.879474], [94.304495, 26.9086], [94.288959, 26.907146], [94.27454, 26.908715], [94.250733, 26.909356], [94.238834, 26.917918], [94.236639, 26.898338], [94.23063, 26.892348], [94.216844, 26.889196], [94.20235, 26.884782], [94.195634, 26.878476], [94.195281, 26.865863], [94.199523, 26.847257], [94.200583, 26.828016], [94.201644, 26.812558], [94.201997, 26.804986], [94.195988, 26.80404], [94.183616, 26.803409], [94.17902, 26.798361], [94.180081, 26.787948], [94.182202, 26.770906], [94.187504, 26.761122], [94.195281, 26.756704], [94.223445, 26.74563], [94.230983, 26.721346], [94.232532, 26.714775], [94.234028, 26.70843], [94.238834, 26.708737], [94.244156, 26.707663], [94.247223, 26.706674], [94.250336, 26.70567], [94.259777, 26.700456], [94.268017, 26.695855], [94.275055, 26.692711], [94.280891, 26.690871], [94.284153, 26.690641], [94.290848, 26.69041], [94.297027, 26.690564], [94.301748, 26.691254], [94.298444, 26.693593], [94.297457, 26.695165], [94.297585, 26.69735], [94.296126, 26.699306], [94.294667, 26.700379], [94.294238, 26.702066], [94.293594, 26.704098], [94.292221, 26.705862], [94.292006, 26.707242], [94.292264, 26.709197], [94.28956, 26.711574], [94.2869, 26.712685], [94.284539, 26.713797], [94.282608, 26.714909], [94.281964, 26.717171], [94.282522, 26.718742], [94.281535, 26.720467], [94.280462, 26.725259], [94.278746, 26.730471], [94.276771, 26.734266], [94.273682, 26.735952], [94.271922, 26.737217], [94.271708, 26.742545], [94.271665, 26.753543], [94.271021, 26.761437], [94.268875, 26.765576], [94.265957, 26.777338], [94.276943, 26.781323], [94.294624, 26.787759], [94.38406, 26.817637], [94.380627, 26.826062], [94.375305, 26.82882], [94.370842, 26.826675], [94.36655, 26.82499], [94.362602, 26.823611], [94.356251, 26.822233], [94.355736, 26.830964], [94.351101, 26.834181], [94.345436, 26.853786], [94.342003, 26.868794], [94.339943, 26.875225], [94.338741, 26.880737], [94.335795, 26.886568]]], "type": "Polygon"}, "id": "jorhat-jorhat-east", "properties": {"district": "Jorhat", "grade": "zonal", "locality_id": "jorhat-jorhat-east", "osm_id": "relation/10055629", "revenue_circle": "Jorhat East"}, "type": "Feature"}, {"geometry": {"coordinates": [[[94.335795, 26.886568], [94.341166, 26.890784], [94.356744, 26.905194], [94.36346, 26.911872], [94.370885, 26.916483], [94.380069, 26.928383], [94.380884, 26.932477], [94.384532, 26.938446], [94.388824, 26.94495], [94.398273, 26.952731], [94.40057, 26.962071], [94.424229, 26.971956], [94.437103, 26.979987], [94.442167, 26.986795], [94.458818, 26.994366], [94.461866, 27.000378], [94.462531, 27.009069], [94.466586, 27.017614], [94.471092, 27.025642], [94.47996, 27.033879], [94.494224, 27.037187], [94.502163, 27.039977], [94.509843, 27.045475], [94.520488, 27.05668], [94.532441, 27.069803], [94.538641, 27.072081], [94.540143, 27.072979], [94.542439, 27.07489], [94.545524, 27.07848], [94.548554, 27.083392], [94.550743, 27.092676], [94.554219, 27.098079], [94.56357, 27.105451], [94.577191, 27.121297], [94.583453, 27.137432], [94.589088, 27.142333], [94.590418, 27.143288], [94.592869, 27.145902], [94.585891, 27.155469], [94.578187, 27.166256], [94.569798, 27.176698], [94.563734, 27.18027], [94.560868, 27.182202], [94.559455, 27.177519], [94.558446, 27.175152], [94.552735, 27.174486], [94.544027, 27.172842], [94.537375, 27.168833], [94.527397, 27.163469], [94.524969, 27.161975], [94.520445, 27.160128], [94.522119, 27.157035], [94.529071, 27.152682], [94.528787, 27.147336], [94.524951, 27.143402], [94.512073, 27.144044], [94.506712, 27.142906], [94.505339, 27.135268], [94.505501, 27.126558], [94.503622, 27.122282], [94.498773, 27.121327], [94.490747, 27.122167], [94.486732, 27.126516], [94.483323, 27.135115], [94.476319, 27.13937], [94.47352, 27.138066], [94.471158, 27.135016], [94.469805, 27.131429], [94.470062, 27.122052], [94.465341, 27.115483], [94.460535, 27.112465], [94.455256, 27.111968], [94.451008, 27.115788], [94.431791, 27.120851], [94.42337, 27.115979], [94.421439, 27.109562], [94.420953, 27.100312], [94.417965, 27.094983], [94.412899, 27.092485], [94.399681, 27.096917], [94.388351, 27.099515], [94.380713, 27.096], [94.371614, 27.098712], [94.366132, 27.099457], [94.35771, 27.096764], [94.345711, 27.086509], [94.337196, 27.082398], [94.330373, 27.083506], [94.322183, 27.089772], [94.317284, 27.087442], [94.313593, 27.082513], [94.312706, 27.07402], [94.310589, 27.071431], [94.304838, 27.072157], [94.299583, 27.078046], [94.298358, 27.079418], [94.294796, 27.087709], [94.282465, 27.092352], [94.281852, 27.092578], [94.281793, 27.0926], [94.272349, 27.096284], [94.264679, 27.093792], [94.259219, 27.090651], [94.252095, 27.089046], [94.238222, 27.077142], [94.231324, 27.072501], [94.226303, 27.063521], [94.223685, 27.057597], [94.222741, 27.049896], [94.218879, 27.039213], [94.221177, 27.034211], [94.215145, 27.030573], [94.201326, 27.029541], [94.193787, 27.034491], [94.188234, 27.036708], [94.183946, 27.035581], [94.183216, 27.030191], [94.186993, 27.018264], [94.187159, 27.009692], [94.185593, 27.004442], [94.180255, 27.00102], [94.154927, 27.001129], [94.146738, 26.994978], [94.137424, 26.993292], [94.130173, 26.988095], [94.13392, 26.977999], [94.133855, 26.972776], [94.128542, 26.969584], [94.111109, 26.971411], [94.101977, 26.97186], [94.096034, 26.96945], [94.083609, 26.961055], [94.077044, 26.96094], [94.070148, 26.963358], [94.066229, 26.973983], [94.059503, 26.981747], [94.056315, 26.983582], [94.052681, 26.982588], [94.04946, 26.980656], [94.046874, 26.979222], [94.039621, 26.977922], [94.034514, 26.974174], [94.034772, 26.967786], [94.026514, 26.960874], [94.02267, 26.95918], [94.019794, 26.956235], [94.020953, 26.947169], [94.022927, 26.938102], [94.020496, 26.933833], [94.01576, 26.931942], [94.01254, 26.931296], [94.006276, 26.931138], [94.002414, 26.936896], [93.998916, 26.939766], [93.996203, 26.943147], [93.991106, 26.941506], [93.985856, 26.933937], [93.977308, 26.926509], [93.970013, 26.923371], [93.962287, 26.926815], [93.963318, 26.917325], [93.966943, 26.912433], [93.965485, 26.902611], [93.95946, 26.895106], [93.95658, 26.89199], [93.966112, 26.885283], [93.973291, 26.877329], [93.973467, 26.873636], [93.982273, 26.872012], [93.98911, 26.869004], [93.99471, 26.870057], [93.997092, 26.872201], [93.998487, 26.867894], [94.000268, 26.868334], [94.003701, 26.869655], [94.005203, 26.866363], [94.015256, 26.868392], [94.027476, 26.873196], [94.045887, 26.878517], [94.054427, 26.883225], [94.061465, 26.880928], [94.065371, 26.88223], [94.073986, 26.882077], [94.081163, 26.885828], [94.087086, 26.881962], [94.090691, 26.882957], [94.094896, 26.886804], [94.096913, 26.891378], [94.099445, 26.893024], [94.112363, 26.892832], [94.126439, 26.892028], [94.138241, 26.898382], [94.154892, 26.903089], [94.160299, 26.903931], [94.174891, 26.908791], [94.193473, 26.913384], [94.199889, 26.921324], [94.203794, 26.92603], [94.207527, 26.927274], [94.215188, 26.926489], [94.225466, 26.923964], [94.232204, 26.920444], [94.238834, 26.917918], [94.250733, 26.909356], [94.27454, 26.908715], [94.288959, 26.907146], [94.304495, 26.9086], [94.312863, 26.879474], [94.319172, 26.879455], [94.323828, 26.881445], [94.330416, 26.882345], [94.335795, 26.886568]]], "type": "Polygon"}, "id": "jorhat-majuli", "properties": {"district": "Majuli", "grade": "zonal", "locality_id": "jorhat-majuli", "osm_id": "relation/10055371", "revenue_circle": "Majuli"}, "type": "Feature"}, {"geometry": {"coordinates": [[[91.321782, 26.160609], [91.316235, 26.160426], [91.309691, 26.160927], [91.304541, 26.160638], [91.301858, 26.160311], [91.299176, 26.159097], [91.296408, 26.157903], [91.293941, 26.156767], [91.291645, 26.157017], [91.286709, 26.157865], [91.284413, 26.158308], [91.282353, 26.15904], [91.280487, 26.159598], [91.274757, 26.160311], [91.273341, 26.160812], [91.271646, 26.161428], [91.269157, 26.161794], [91.266131, 26.161986], [91.262913, 26.162083], [91.258535, 26.162449], [91.256111, 26.162391], [91.253171, 26.163065], [91.25124, 26.164124], [91.248472, 26.165954], [91.245875, 26.168958], [91.243107, 26.170268], [91.239695, 26.171462], [91.2374, 26.172617], [91.234503, 26.174928], [91.229429, 26.177537], [91.22824, 26.177998], [91.225147, 26.17876], [91.2221, 26.179395], [91.219671, 26.179527], [91.219053, 26.175082], [91.21871, 26.171462], [91.217165, 26.166917], [91.214762, 26.162372], [91.209612, 26.15382], [91.202488, 26.141107], [91.199398, 26.135251], [91.19545, 26.133556], [91.191158, 26.132092], [91.185923, 26.130397], [91.181631, 26.128624], [91.180944, 26.129395], [91.180944, 26.131167], [91.180773, 26.133787], [91.179228, 26.134943], [91.175194, 26.136407], [91.171417, 26.137563], [91.167812, 26.136407], [91.16601, 26.134635], [91.163177, 26.13032], [91.159315, 26.1277], [91.155539, 26.126698], [91.152363, 26.127854], [91.148415, 26.129164], [91.145325, 26.128933], [91.142406, 26.126158], [91.14069, 26.121458], [91.140089, 26.118144], [91.140604, 26.114445], [91.144037, 26.112518], [91.147556, 26.113674], [91.153135, 26.115447], [91.158714, 26.116834], [91.16498, 26.116911], [91.168413, 26.116217], [91.169701, 26.112903], [91.166439, 26.110976], [91.16395, 26.111516], [91.160002, 26.10905], [91.159744, 26.106121], [91.162662, 26.105813], [91.165237, 26.10535], [91.166868, 26.104657], [91.166697, 26.101419], [91.163263, 26.101188], [91.160088, 26.101419], [91.156311, 26.100263], [91.156654, 26.095715], [91.158371, 26.091707], [91.160517, 26.087544], [91.161976, 26.084153], [91.163864, 26.079296], [91.163864, 26.074439], [91.165838, 26.070661], [91.171417, 26.066112], [91.176052, 26.063799], [91.180258, 26.06272], [91.183777, 26.062797], [91.190042, 26.062566], [91.197596, 26.059867], [91.201286, 26.058711], [91.205234, 26.059482], [91.207981, 26.061409], [91.209183, 26.064648], [91.207466, 26.068965], [91.208067, 26.071741], [91.207724, 26.074208], [91.209869, 26.076443], [91.213732, 26.074439], [91.214161, 26.070661], [91.214376, 26.068695], [91.215405, 26.066575], [91.217122, 26.065033], [91.219482, 26.064069], [91.223259, 26.064879], [91.227272, 26.066325], [91.232228, 26.0675], [91.243257, 26.066961], [91.252956, 26.066267], [91.259308, 26.065573], [91.266603, 26.065804], [91.270723, 26.06457], [91.279135, 26.06565], [91.28583, 26.067577], [91.289778, 26.069042], [91.293039, 26.072203], [91.294842, 26.074285], [91.296472, 26.075981], [91.300249, 26.0776], [91.303425, 26.077215], [91.304197, 26.075364], [91.302996, 26.072897], [91.301622, 26.070122], [91.300163, 26.067346], [91.299906, 26.064725], [91.300077, 26.063722], [91.301536, 26.061563], [91.30394, 26.05925], [91.306, 26.06033], [91.315698, 26.067654], [91.321277, 26.070816], [91.327028, 26.076443], [91.328659, 26.078756], [91.329946, 26.081917], [91.335783, 26.081454], [91.337671, 26.080221], [91.33913, 26.077831], [91.342049, 26.075904], [91.34531, 26.076289], [91.34943, 26.078217], [91.354065, 26.078371], [91.358271, 26.077754], [91.362734, 26.077137], [91.365652, 26.076675], [91.369386, 26.074478], [91.371832, 26.072203], [91.373935, 26.071933], [91.37651, 26.072627], [91.37754, 26.074131], [91.37711, 26.074979], [91.375308, 26.075634], [91.373677, 26.075981], [91.372132, 26.076752], [91.371274, 26.077754], [91.371617, 26.078795], [91.372776, 26.07891], [91.374063, 26.07891], [91.375651, 26.080568], [91.37475, 26.0813], [91.372991, 26.081416], [91.371446, 26.081416], [91.370158, 26.081724], [91.369429, 26.083459], [91.369686, 26.084846], [91.372218, 26.086195], [91.368871, 26.088046], [91.365995, 26.09109], [91.362905, 26.09163], [91.360202, 26.092054], [91.357026, 26.093056], [91.353507, 26.094174], [91.351619, 26.095446], [91.34973, 26.096949], [91.348185, 26.098644], [91.347628, 26.100494], [91.347456, 26.102498], [91.345525, 26.1035], [91.342907, 26.1035], [91.342177, 26.1035], [91.338787, 26.1072], [91.332607, 26.109474], [91.330547, 26.11036], [91.329689, 26.111516], [91.328788, 26.11298], [91.323681, 26.118606], [91.320419, 26.122691], [91.318188, 26.125927], [91.318617, 26.131476], [91.320763, 26.136099], [91.323252, 26.137024], [91.327371, 26.136407], [91.331835, 26.13502], [91.335955, 26.136638], [91.337328, 26.139335], [91.338615, 26.143573], [91.3375, 26.144652], [91.332521, 26.144729], [91.329002, 26.14496], [91.324797, 26.146193], [91.322908, 26.147811], [91.321621, 26.15174], [91.323252, 26.154514], [91.321782, 26.160609]]], "type": "Polygon"}, "id": "kamrup-goroimari", "properties": {"district": "Kamrup", "grade": "zonal", "locality_id": "kamrup-goroimari", "osm_id": "relation/10045178", "revenue_circle": "Goroimari"}, "type": "Feature"}, {"geometry": {"coordinates": [[[91.649623, 26.166223], [91.64679, 26.165318], [91.64134, 26.164644], [91.636083, 26.164606], [91.632864, 26.163758], [91.629195, 26.162256], [91.623681, 26.161274], [91.615848, 26.158404], [91.605656, 26.154879], [91.598661, 26.153878], [91.589284, 26.152838], [91.577954, 26.151644], [91.571367, 26.151239], [91.566539, 26.150295], [91.5642, 26.148658], [91.563277, 26.146154], [91.562369, 26.143094], [91.555338, 26.141916], [91.551475, 26.141107], [91.545939, 26.140529], [91.539631, 26.139798], [91.522036, 26.139682], [91.517229, 26.139605], [91.509805, 26.141069], [91.49384, 26.146116], [91.488519, 26.14731], [91.484871, 26.149506], [91.478949, 26.153705], [91.47603, 26.155284], [91.47131, 26.155631], [91.463628, 26.153088], [91.46131, 26.151316], [91.45513, 26.145769], [91.451268, 26.144035], [91.446719, 26.142995], [91.443071, 26.143766], [91.439767, 26.145461], [91.436334, 26.147579], [91.43363, 26.149852], [91.432085, 26.149236], [91.43024, 26.147772], [91.427236, 26.145807], [91.423931, 26.143149], [91.418062, 26.13712], [91.417033, 26.136484], [91.415605, 26.13606], [91.41479, 26.135877], [91.413159, 26.136388], [91.413696, 26.137736], [91.414275, 26.14026], [91.414576, 26.143111], [91.415348, 26.149544], [91.416721, 26.157306], [91.418095, 26.164606], [91.418438, 26.168457], [91.419575, 26.173253], [91.419425, 26.175891], [91.418374, 26.177142], [91.417065, 26.179299], [91.415906, 26.184614], [91.414897, 26.190121], [91.413438, 26.194723], [91.41185, 26.196975], [91.410627, 26.19865], [91.409984, 26.20021], [91.410284, 26.20279], [91.412108, 26.204522], [91.413395, 26.204965], [91.416743, 26.205158], [91.417494, 26.205851], [91.41818, 26.207353], [91.418867, 26.209509], [91.419168, 26.211049], [91.419833, 26.216593], [91.419511, 26.223388], [91.419854, 26.227604], [91.420734, 26.229067], [91.421056, 26.231126], [91.42067, 26.234071], [91.419039, 26.236766], [91.417172, 26.239133], [91.416163, 26.243059], [91.415391, 26.246504], [91.415069, 26.250315], [91.413996, 26.252336], [91.412837, 26.253278], [91.411464, 26.255703], [91.410885, 26.257897], [91.411271, 26.260899], [91.41185, 26.265132], [91.414297, 26.266672], [91.418138, 26.267345], [91.421678, 26.26748], [91.424274, 26.267287], [91.425884, 26.266094], [91.427901, 26.264613], [91.429295, 26.263054], [91.431098, 26.261322], [91.432579, 26.26061], [91.43451, 26.260264], [91.437278, 26.260322], [91.440067, 26.261861], [91.441934, 26.263131], [91.44438, 26.265652], [91.444552, 26.268019], [91.445904, 26.268634], [91.447706, 26.268731], [91.448758, 26.268961], [91.449423, 26.270058], [91.449788, 26.271463], [91.449079, 26.273599], [91.448672, 26.275253], [91.449015, 26.283642], [91.447535, 26.286027], [91.446998, 26.289702], [91.447942, 26.291684], [91.448393, 26.293627], [91.448178, 26.295839], [91.449723, 26.301975], [91.449144, 26.306342], [91.450088, 26.309304], [91.452577, 26.310535], [91.45395, 26.311131], [91.455731, 26.311632], [91.456718, 26.312478], [91.456826, 26.313555], [91.455452, 26.314113], [91.454186, 26.314094], [91.452534, 26.314324], [91.450839, 26.314517], [91.450195, 26.314978], [91.45129, 26.316036], [91.451847, 26.317363], [91.452749, 26.319652], [91.453929, 26.320748], [91.455731, 26.320595], [91.45807, 26.319748], [91.459765, 26.318825], [91.460988, 26.317902], [91.462383, 26.317344], [91.463971, 26.317075], [91.469078, 26.317498], [91.472297, 26.318652], [91.476545, 26.319979], [91.478541, 26.320825], [91.4803, 26.322653], [91.479485, 26.324191], [91.478455, 26.326614], [91.479249, 26.328115], [91.482339, 26.329499], [91.484034, 26.329865], [91.486115, 26.33023], [91.48869, 26.330942], [91.489592, 26.329499], [91.490107, 26.328672], [91.491973, 26.329076], [91.493668, 26.330038], [91.495256, 26.331018], [91.496522, 26.331768], [91.498003, 26.331749], [91.498411, 26.33098], [91.49914, 26.330576], [91.499934, 26.330461], [91.501243, 26.330942], [91.503711, 26.333999], [91.505878, 26.334865], [91.508131, 26.335172], [91.510105, 26.334076], [91.51135, 26.333192], [91.512852, 26.332788], [91.514225, 26.332807], [91.516027, 26.332999], [91.518495, 26.333249], [91.52004, 26.333903], [91.521049, 26.334922], [91.521585, 26.336672], [91.525233, 26.336268], [91.526563, 26.335172], [91.528344, 26.333384], [91.53064, 26.332326], [91.532421, 26.331941], [91.534245, 26.332845], [91.535146, 26.333903], [91.536348, 26.335461], [91.537614, 26.336307], [91.539609, 26.336557], [91.540682, 26.33648], [91.541455, 26.335845], [91.545446, 26.333942], [91.545918, 26.333019], [91.547141, 26.331557], [91.55184, 26.326576], [91.553428, 26.325941], [91.558943, 26.32521], [91.562848, 26.32648], [91.565251, 26.326826], [91.566968, 26.326845], [91.571195, 26.329461], [91.573684, 26.330903], [91.574736, 26.331672], [91.585336, 26.331768], [91.58525, 26.328615], [91.585507, 26.327037], [91.586881, 26.324191], [91.588855, 26.321845], [91.591988, 26.32246], [91.594348, 26.322537], [91.595592, 26.322306], [91.59791, 26.321037], [91.601558, 26.315652], [91.611171, 26.309958], [91.612887, 26.306534], [91.614132, 26.303918], [91.615505, 26.301879], [91.615334, 26.29984], [91.613874, 26.298763], [91.611814, 26.297955], [91.610055, 26.295993], [91.608896, 26.29353], [91.609712, 26.291568], [91.611471, 26.289721], [91.610742, 26.288221], [91.60881, 26.285681], [91.61087, 26.28368], [91.612244, 26.283296], [91.614604, 26.282526], [91.614776, 26.27864], [91.618381, 26.275946], [91.618638, 26.27406], [91.617865, 26.27256], [91.615462, 26.27052], [91.61499, 26.269327], [91.618166, 26.269058], [91.620397, 26.26848], [91.623702, 26.26317], [91.627092, 26.261438], [91.629796, 26.259821], [91.631985, 26.258628], [91.6331, 26.258243], [91.635203, 26.258436], [91.636877, 26.259206], [91.638422, 26.259206], [91.642585, 26.25478], [91.643486, 26.250661], [91.645846, 26.247736], [91.647391, 26.246081], [91.651468, 26.245735], [91.655331, 26.245504], [91.65782, 26.243656], [91.661038, 26.240654], [91.662927, 26.242039], [91.664772, 26.241231], [91.664557, 26.240192], [91.663484, 26.238729], [91.664042, 26.236997], [91.66606, 26.235187], [91.668205, 26.232416], [91.671724, 26.228451], [91.67151, 26.226949], [91.670179, 26.224909], [91.668892, 26.22283], [91.66578, 26.219481], [91.664493, 26.219673], [91.664193, 26.21873], [91.663978, 26.216863], [91.663892, 26.214803], [91.66327, 26.212801], [91.662648, 26.211588], [91.660845, 26.210067], [91.657777, 26.207949], [91.655352, 26.205658], [91.652927, 26.204734], [91.651018, 26.204176], [91.64988, 26.203117], [91.649795, 26.201827], [91.64943, 26.200152], [91.646683, 26.197418], [91.644924, 26.196725], [91.643379, 26.19607], [91.642756, 26.194838], [91.642971, 26.193452], [91.643958, 26.192431], [91.645331, 26.191969], [91.646554, 26.192104], [91.648121, 26.192412], [91.650138, 26.191873], [91.65149, 26.190718], [91.651833, 26.189216], [91.652734, 26.187752], [91.654022, 26.185769], [91.653593, 26.183343], [91.652563, 26.181822], [91.65179, 26.180127], [91.651726, 26.178298], [91.653142, 26.178144], [91.654408, 26.178876], [91.655481, 26.180127], [91.656403, 26.18188], [91.657734, 26.181032], [91.657112, 26.179357], [91.655803, 26.177662], [91.652863, 26.17514], [91.65194, 26.170017], [91.651168, 26.16786], [91.649623, 26.166223]]], "type": "Polygon"}, "id": "kamrup-hajo", "properties": {"district": "Kamrup", "grade": "zonal", "locality_id": "kamrup-hajo", "osm_id": "relation/10045173", "revenue_circle": "Hajo"}, "type": "Feature"}, {"geometry": {"coordinates": [[[91.794532, 26.40243], [91.797295, 26.400711], [91.798067, 26.392792], [91.802959, 26.389871], [91.802788, 26.38372], [91.806568, 26.382256], [91.817718, 26.380026], [91.821842, 26.37157], [91.821928, 26.354036], [91.820608, 26.352556], [91.818881, 26.351854], [91.816091, 26.351267], [91.815523, 26.35069], [91.81592, 26.349691], [91.817164, 26.348239], [91.820254, 26.346537], [91.817722, 26.340884], [91.821286, 26.333195], [91.808352, 26.317585], [91.794526, 26.319369], [91.783821, 26.305989], [91.784748, 26.300922], [91.780686, 26.300456], [91.779313, 26.30084], [91.778498, 26.302379], [91.775494, 26.303803], [91.774592, 26.303764], [91.770301, 26.30288], [91.76764, 26.301341], [91.765923, 26.299494], [91.764464, 26.297186], [91.761503, 26.295339], [91.755924, 26.294146], [91.753478, 26.291183], [91.751161, 26.290183], [91.747684, 26.290068], [91.743436, 26.289644], [91.743436, 26.288798], [91.744079, 26.286105], [91.744595, 26.284412], [91.74365, 26.282141], [91.739273, 26.277793], [91.73511, 26.274368], [91.73348, 26.272136], [91.731205, 26.268327], [91.729274, 26.265594], [91.729574, 26.2634], [91.730561, 26.262361], [91.732535, 26.26163], [91.73408, 26.261361], [91.732964, 26.25986], [91.730433, 26.259244], [91.727557, 26.257743], [91.726441, 26.256742], [91.725154, 26.25478], [91.724038, 26.253548], [91.722493, 26.252355], [91.719918, 26.252124], [91.717343, 26.253124], [91.714897, 26.254549], [91.711679, 26.256704], [91.711163, 26.259244], [91.711421, 26.261784], [91.711078, 26.264594], [91.707344, 26.26671], [91.705456, 26.268057], [91.705198, 26.26952], [91.705756, 26.272367], [91.705284, 26.274022], [91.702838, 26.276138], [91.700091, 26.278447], [91.697302, 26.279294], [91.693268, 26.279063], [91.691422, 26.27787], [91.689749, 26.275831], [91.686616, 26.273522], [91.68417, 26.270866], [91.682324, 26.269635], [91.680479, 26.269404], [91.678247, 26.270828], [91.676659, 26.272637], [91.6749, 26.275099], [91.672883, 26.277716], [91.670866, 26.279178], [91.667132, 26.28091], [91.663613, 26.281487], [91.662712, 26.279833], [91.661854, 26.278524], [91.660609, 26.277254], [91.658549, 26.276061], [91.656318, 26.274946], [91.654043, 26.273445], [91.653271, 26.270905], [91.654, 26.268942], [91.651769, 26.265402], [91.649966, 26.260899], [91.646018, 26.25732], [91.642585, 26.25478], [91.638422, 26.259206], [91.636877, 26.259206], [91.635203, 26.258436], [91.6331, 26.258243], [91.631985, 26.258628], [91.629796, 26.259821], [91.627092, 26.261438], [91.623702, 26.26317], [91.620397, 26.26848], [91.618166, 26.269058], [91.61499, 26.269327], [91.615462, 26.27052], [91.617865, 26.27256], [91.618638, 26.27406], [91.618381, 26.275946], [91.614776, 26.27864], [91.614604, 26.282526], [91.612244, 26.283296], [91.61087, 26.28368], [91.60881, 26.285681], [91.610742, 26.288221], [91.611471, 26.289721], [91.609712, 26.291568], [91.608896, 26.29353], [91.610055, 26.295993], [91.611814, 26.297955], [91.613874, 26.298763], [91.615334, 26.29984], [91.615505, 26.301879], [91.614132, 26.303918], [91.612887, 26.306534], [91.611171, 26.309958], [91.601558, 26.315652], [91.59791, 26.321037], [91.598511, 26.326903], [91.599519, 26.328384], [91.601, 26.329153], [91.601837, 26.329884], [91.60248, 26.332345], [91.603746, 26.333307], [91.60542, 26.333076], [91.607416, 26.333922], [91.609476, 26.335884], [91.610656, 26.336788], [91.611578, 26.337768], [91.612523, 26.339922], [91.615441, 26.343999], [91.614432, 26.349691], [91.61293, 26.350883], [91.609797, 26.351959], [91.60821, 26.351844], [91.607523, 26.354036], [91.608853, 26.356536], [91.610913, 26.357305], [91.609325, 26.358189], [91.607652, 26.359881], [91.606536, 26.361035], [91.605849, 26.362265], [91.606707, 26.363611], [91.609154, 26.364111], [91.611943, 26.36438], [91.613703, 26.363996], [91.616921, 26.364918], [91.620913, 26.365726], [91.622672, 26.365841], [91.623745, 26.367225], [91.624818, 26.36984], [91.626277, 26.369494], [91.627736, 26.368071], [91.62941, 26.367187], [91.630998, 26.368148], [91.631856, 26.36911], [91.633358, 26.375415], [91.634431, 26.379298], [91.635032, 26.38172], [91.635804, 26.382028], [91.637349, 26.381567], [91.638937, 26.38199], [91.639881, 26.383105], [91.640525, 26.385065], [91.641383, 26.385565], [91.643615, 26.384642], [91.645503, 26.385027], [91.646919, 26.386218], [91.64679, 26.38791], [91.64782, 26.39087], [91.645803, 26.392216], [91.644044, 26.393369], [91.643701, 26.394791], [91.644945, 26.396175], [91.647692, 26.397213], [91.649923, 26.398751], [91.650953, 26.400596], [91.65134, 26.403287], [91.652412, 26.405209], [91.654429, 26.406016], [91.657648, 26.406554], [91.659965, 26.406131], [91.661468, 26.40517], [91.662068, 26.403633], [91.665502, 26.401096], [91.667089, 26.400173], [91.668548, 26.399097], [91.667733, 26.397867], [91.666317, 26.397175], [91.665115, 26.395253], [91.665115, 26.393484], [91.665416, 26.390985], [91.666489, 26.388448], [91.667304, 26.385757], [91.668634, 26.383681], [91.66945, 26.382297], [91.668892, 26.380413], [91.667776, 26.379375], [91.666317, 26.377337], [91.665673, 26.375184], [91.664042, 26.371301], [91.66091, 26.372647], [91.65812, 26.371532], [91.657047, 26.369802], [91.657348, 26.367456], [91.65885, 26.364534], [91.660051, 26.363265], [91.662669, 26.362765], [91.666231, 26.362534], [91.66842, 26.362073], [91.670008, 26.361265], [91.671638, 26.360343], [91.674299, 26.359804], [91.677475, 26.358843], [91.679363, 26.358881], [91.68932, 26.358689], [91.693568, 26.35792], [91.697216, 26.362265], [91.698589, 26.36811], [91.698933, 26.373493], [91.698246, 26.377953], [91.696701, 26.382951], [91.697817, 26.385949], [91.70228, 26.38618], [91.708631, 26.385565], [91.711292, 26.385565], [91.714897, 26.384873], [91.717815, 26.383796], [91.72039, 26.383489], [91.723823, 26.385181], [91.724682, 26.386872], [91.723909, 26.390178], [91.721077, 26.398097], [91.722021, 26.403094], [91.722793, 26.405478], [91.722879, 26.41009], [91.722193, 26.411551], [91.725647, 26.411858], [91.732557, 26.41182], [91.73672, 26.411724], [91.73996, 26.410282], [91.741397, 26.408783], [91.741333, 26.407034], [91.743779, 26.40492], [91.745389, 26.404209], [91.747899, 26.405574], [91.748564, 26.404459], [91.748307, 26.403613], [91.748929, 26.401634], [91.75086, 26.400903], [91.752298, 26.401884], [91.753693, 26.401096], [91.754658, 26.400807], [91.755838, 26.40173], [91.756268, 26.402902], [91.756439, 26.405747], [91.760945, 26.406208], [91.760838, 26.408687], [91.761868, 26.410244], [91.762426, 26.41084], [91.76352, 26.412435], [91.765687, 26.412531], [91.767619, 26.412857], [91.768949, 26.413857], [91.768498, 26.415356], [91.768091, 26.416413], [91.768649, 26.41697], [91.77633, 26.416835], [91.777682, 26.41697], [91.78236, 26.417623], [91.780253, 26.412139], [91.782618, 26.408322], [91.794079, 26.408571], [91.795854, 26.40707], [91.794532, 26.40243]]], "type": "Polygon"}, "id": "kamrup-kamalpur", "properties": {"district": "Kamrup", "grade": "zonal", "locality_id": "kamrup-kamalpur", "osm_id": "relation/10045171", "revenue_circle": "Kamalpur"}, "type": "Feature"}, {"geometry": {"coordinates": [[[91.54792, 26.412914], [91.547527, 26.411858], [91.545725, 26.409398], [91.543021, 26.409321], [91.542077, 26.408476], [91.541304, 26.406169], [91.540918, 26.403748], [91.536541, 26.399789], [91.534309, 26.398751], [91.531649, 26.39606], [91.527658, 26.391062], [91.528301, 26.387718], [91.528945, 26.382297], [91.529374, 26.381105], [91.530447, 26.379952], [91.532464, 26.378991], [91.534181, 26.378337], [91.535168, 26.376799], [91.534309, 26.375108], [91.529846, 26.373493], [91.527185, 26.372878], [91.525254, 26.372186], [91.524267, 26.370532], [91.524267, 26.367533], [91.52461, 26.36338], [91.524224, 26.358189], [91.521821, 26.355497], [91.519761, 26.354305], [91.519675, 26.352421], [91.519847, 26.350191], [91.520748, 26.346691], [91.520963, 26.340172], [91.521242, 26.338653], [91.521585, 26.336672], [91.525233, 26.336268], [91.526563, 26.335172], [91.528344, 26.333384], [91.53064, 26.332326], [91.532421, 26.331941], [91.534245, 26.332845], [91.535146, 26.333903], [91.536348, 26.335461], [91.537614, 26.336307], [91.539609, 26.336557], [91.540682, 26.33648], [91.541455, 26.335845], [91.545446, 26.333942], [91.545918, 26.333019], [91.547141, 26.331557], [91.55184, 26.326576], [91.553428, 26.325941], [91.558943, 26.32521], [91.562848, 26.32648], [91.565251, 26.326826], [91.566968, 26.326845], [91.571195, 26.329461], [91.573684, 26.330903], [91.574736, 26.331672], [91.575143, 26.336576], [91.576753, 26.339211], [91.577332, 26.340595], [91.577182, 26.342268], [91.575766, 26.34448], [91.576431, 26.350248], [91.574435, 26.354113], [91.57362, 26.35619], [91.573791, 26.358612], [91.576109, 26.359535], [91.578469, 26.358651], [91.58113, 26.357459], [91.584134, 26.358266], [91.587181, 26.360266], [91.588168, 26.362265], [91.58967, 26.365111], [91.591387, 26.367918], [91.593876, 26.370302], [91.600656, 26.371609], [91.60203, 26.373531], [91.602244, 26.375915], [91.601086, 26.378299], [91.599026, 26.380067], [91.59791, 26.382682], [91.598682, 26.387756], [91.596494, 26.390255], [91.596279, 26.393292], [91.595206, 26.396444], [91.59379, 26.398482], [91.590314, 26.400019], [91.588855, 26.400711], [91.587825, 26.402441], [91.588855, 26.404401], [91.591515, 26.409129], [91.588855, 26.410013], [91.586194, 26.412319], [91.584992, 26.414702], [91.581473, 26.415356], [91.579413, 26.414625], [91.577482, 26.41328], [91.576667, 26.411397], [91.576624, 26.409782], [91.577096, 26.407361], [91.57495, 26.407053], [91.572676, 26.407822], [91.569843, 26.409091], [91.565123, 26.411628], [91.560745, 26.415548], [91.557956, 26.417931], [91.556539, 26.418892], [91.554026, 26.420976], [91.552463, 26.419045], [91.54963, 26.415894], [91.548428, 26.414279], [91.54792, 26.412914]]], "type": "Polygon"}, "id": "kamrup-koya", "properties": {"district": "Kamrup", "grade": "zonal", "locality_id": "kamrup-koya", "osm_id": "relation/10045170", "revenue_circle": "Koya"}, "type": "Feature"}, {"geometry": {"coordinates": [[[91.856029, 26.152284], [91.856673, 26.158936], [91.856673, 26.166166], [91.857962, 26.171805], [91.850552, 26.170793], [91.846685, 26.174408], [91.846363, 26.179034], [91.839597, 26.17954], [91.837019, 26.181781], [91.837261, 26.186046], [91.839274, 26.188793], [91.842658, 26.190672], [91.84596, 26.192985], [91.849424, 26.195442], [91.853049, 26.20043], [91.849021, 26.202381], [91.844913, 26.203537], [91.837502, 26.204188], [91.828803, 26.205561], [91.819694, 26.209846], [91.841803, 26.215448], [91.859975, 26.217524], [91.870303, 26.220987], [91.875254, 26.216786], [91.887098, 26.218148], [91.888454, 26.222609], [91.902014, 26.226598], [91.909666, 26.230875], [91.912934, 26.237363], [91.913624, 26.241944], [91.923869, 26.247115], [91.926113, 26.247562], [91.929625, 26.243196], [91.932343, 26.242655], [91.939049, 26.245441], [91.944593, 26.249214], [91.953306, 26.255143], [91.964259, 26.262032], [91.977482, 26.27347], [91.978186, 26.267771], [91.977703, 26.264484], [91.976736, 26.261198], [91.976132, 26.256394], [91.975689, 26.2513], [91.974682, 26.250434], [91.973313, 26.249458], [91.97291, 26.247833], [91.973957, 26.246207], [91.975729, 26.243679], [91.978106, 26.241583], [91.981731, 26.239307], [91.990994, 26.237573], [91.995706, 26.237609], [92.000096, 26.238007], [92.003319, 26.238477], [92.005171, 26.23956], [92.006782, 26.241186], [92.008192, 26.242703], [92.01085, 26.243426], [92.012058, 26.241836], [92.011011, 26.236995], [92.010085, 26.23537], [92.008998, 26.233563], [92.00944, 26.231648], [92.010447, 26.230059], [92.012824, 26.228505], [92.01516, 26.22883], [92.016489, 26.229589], [92.018342, 26.230203], [92.019832, 26.230854], [92.020436, 26.232154], [92.021564, 26.233383], [92.023779, 26.23313], [92.02688, 26.233057], [92.030424, 26.232913], [92.031995, 26.231106], [92.033888, 26.22865], [92.035177, 26.227277], [92.036667, 26.22641], [92.037755, 26.225796], [92.039527, 26.225651], [92.041339, 26.226085], [92.043393, 26.226482], [92.04577, 26.226193], [92.047985, 26.224964], [92.050482, 26.222941], [92.052979, 26.221749], [92.055496, 26.219942], [92.055577, 26.218497], [92.054912, 26.216582], [92.052959, 26.212987], [92.051388, 26.21165], [92.05024, 26.210403], [92.047501, 26.214956], [92.045568, 26.215679], [92.045165, 26.213655], [92.045165, 26.209897], [92.045729, 26.205995], [92.045971, 26.202309], [92.042668, 26.199056], [92.041782, 26.198695], [92.038882, 26.198767], [92.037352, 26.202381], [92.036949, 26.206211], [92.035902, 26.208235], [92.030908, 26.210114], [92.026638, 26.209753], [92.025752, 26.207151], [92.025108, 26.203971], [92.022691, 26.201731], [92.018422, 26.200719], [92.017294, 26.202309], [92.012783, 26.206717], [92.004084, 26.206645], [92.000137, 26.206934], [91.997156, 26.207079], [91.992807, 26.209391], [91.989584, 26.211415], [91.983946, 26.215534], [91.978146, 26.219653], [91.975004, 26.223989], [91.970494, 26.227602], [91.964533, 26.230348], [91.962605, 26.230521], [91.96256, 26.230525], [91.961518, 26.230619], [91.960505, 26.230709], [91.958572, 26.228108], [91.958089, 26.225362], [91.960183, 26.223555], [91.961713, 26.220882], [91.96123, 26.217196], [91.960747, 26.213583], [91.964291, 26.211559], [91.972346, 26.207296], [91.975729, 26.206067], [91.982657, 26.203827], [91.987007, 26.201803], [91.988537, 26.199996], [91.987409, 26.196527], [91.982012, 26.193202], [91.978952, 26.187347], [91.97581, 26.18395], [91.971058, 26.182431], [91.965822, 26.181058], [91.961794, 26.179974], [91.958894, 26.180118], [91.954786, 26.181998], [91.951403, 26.185178], [91.9481, 26.188359], [91.944636, 26.191322], [91.940689, 26.193274], [91.938031, 26.192623], [91.939239, 26.18807], [91.941334, 26.184745], [91.946409, 26.177299], [91.947211, 26.175995], [91.949389, 26.172456], [91.951725, 26.168841], [91.952047, 26.166093], [91.950678, 26.161756], [91.948342, 26.16096], [91.946167, 26.159659], [91.941978, 26.156767], [91.939562, 26.159803], [91.938353, 26.163925], [91.92482, 26.164865], [91.915799, 26.162117], [91.900494, 26.158358], [91.879711, 26.153875], [91.856029, 26.152284]]], "type": "Polygon"}, "id": "kamrup-metropolitan-chandrapur", "properties": {"district": "Kamrup Metropolitan", "grade": "zonal", "locality_id": "kamrup-metropolitan-chandrapur", "osm_id": "relation/10045967", "revenue_circle": "Chandrapur"}, "type": "Feature"}, {"geometry": {"coordinates": [[[91.850076, 26.107787], [91.850778, 26.108974], [91.851025, 26.110059], [91.851438, 26.113974], [91.851317, 26.116668], [91.851599, 26.118024], [91.852183, 26.119236], [91.852485, 26.121767], [91.85323, 26.123358], [91.853854, 26.125401], [91.853854, 26.126794], [91.853492, 26.129867], [91.852606, 26.131675], [91.852243, 26.134586], [91.852606, 26.138184], [91.853572, 26.139575], [91.853854, 26.142649], [91.854137, 26.146553], [91.854177, 26.147096], [91.856029, 26.152284], [91.879711, 26.153875], [91.900494, 26.158358], [91.915799, 26.162117], [91.92482, 26.164865], [91.938353, 26.163925], [91.939562, 26.159803], [91.941978, 26.156767], [91.946167, 26.159659], [91.948342, 26.16096], [91.950678, 26.161756], [91.952047, 26.166093], [91.951725, 26.168841], [91.949389, 26.172456], [91.947211, 26.175995], [91.946409, 26.177299], [91.941334, 26.184745], [91.939239, 26.18807], [91.938031, 26.192623], [91.940689, 26.193274], [91.944636, 26.191322], [91.9481, 26.188359], [91.951403, 26.185178], [91.954786, 26.181998], [91.958894, 26.180118], [91.961794, 26.179974], [91.965822, 26.181058], [91.971058, 26.182431], [91.97581, 26.18395], [91.978952, 26.187347], [91.982012, 26.193202], [91.987409, 26.196527], [91.988537, 26.199996], [91.987007, 26.201803], [91.982657, 26.203827], [91.975729, 26.206067], [91.972346, 26.207296], [91.964291, 26.211559], [91.960747, 26.213583], [91.96123, 26.217196], [91.961713, 26.220882], [91.960183, 26.223555], [91.958089, 26.225362], [91.958572, 26.228108], [91.960505, 26.230709], [91.961518, 26.230619], [91.96256, 26.230525], [91.962605, 26.230521], [91.964533, 26.230348], [91.970494, 26.227602], [91.975004, 26.223989], [91.978146, 26.219653], [91.983946, 26.215534], [91.989584, 26.211415], [91.992807, 26.209391], [91.997156, 26.207079], [92.000137, 26.206934], [92.004084, 26.206645], [92.012783, 26.206717], [92.017294, 26.202309], [92.018422, 26.200719], [92.022691, 26.201731], [92.025108, 26.203971], [92.025752, 26.207151], [92.026638, 26.209753], [92.030908, 26.210114], [92.035902, 26.208235], [92.036949, 26.206211], [92.037352, 26.202381], [92.038882, 26.198767], [92.041782, 26.198695], [92.042668, 26.199056], [92.045971, 26.202309], [92.045729, 26.205995], [92.045165, 26.209897], [92.045165, 26.213655], [92.045568, 26.215679], [92.047501, 26.214956], [92.05024, 26.210403], [92.054469, 26.204134], [92.056906, 26.199671], [92.059483, 26.197123], [92.061376, 26.195876], [92.063068, 26.195479], [92.06478, 26.195551], [92.066532, 26.195912], [92.06913, 26.196689], [92.071345, 26.197069], [92.074386, 26.196436], [92.07654, 26.195677], [92.078131, 26.194738], [92.078917, 26.193527], [92.079299, 26.189009], [92.079662, 26.187293], [92.080508, 26.186299], [92.081978, 26.185612], [92.084737, 26.185684], [92.086569, 26.187112], [92.087898, 26.188106], [92.089308, 26.189009], [92.090416, 26.189461], [92.092248, 26.189552], [92.093517, 26.188955], [92.093698, 26.18722], [92.093617, 26.185449], [92.091785, 26.18357], [92.08669, 26.180552], [92.083287, 26.179594], [92.081958, 26.178944], [92.08091, 26.178221], [92.08089, 26.177335], [92.08234, 26.176901], [92.086066, 26.176793], [92.0911, 26.175907], [92.093416, 26.175438], [92.099377, 26.174028], [92.103787, 26.172437], [92.106888, 26.172293], [92.109909, 26.172998], [92.114541, 26.175419], [92.117199, 26.17663], [92.120542, 26.17757], [92.126301, 26.179034], [92.127832, 26.179685], [92.129221, 26.180173], [92.130611, 26.180136], [92.131074, 26.179233], [92.131074, 26.176775], [92.131235, 26.174624], [92.13188, 26.172347], [92.134941, 26.170124], [92.139472, 26.167774], [92.144204, 26.164557], [92.147648, 26.162442], [92.149576, 26.161387], [92.150364, 26.161564], [92.151039, 26.162119], [92.152279, 26.166238], [92.152722, 26.167594], [92.152863, 26.168859], [92.153327, 26.169763], [92.154092, 26.170377], [92.155663, 26.17063], [92.157314, 26.170034], [92.159207, 26.167991], [92.160274, 26.165479], [92.161019, 26.164449], [92.162368, 26.163744], [92.16408, 26.163509], [92.165067, 26.163563], [92.166638, 26.163581], [92.166779, 26.162063], [92.166275, 26.159984], [92.166134, 26.155266], [92.164141, 26.151344], [92.162932, 26.147584], [92.161825, 26.144945], [92.162107, 26.139612], [92.162288, 26.136376], [92.163094, 26.134152], [92.163557, 26.131259], [92.163657, 26.122581], [92.164423, 26.120013], [92.165832, 26.117518], [92.167264, 26.115159], [92.167363, 26.115005], [92.168611, 26.11137], [92.169417, 26.109164], [92.169915, 26.108201], [92.170343, 26.107374], [92.170645, 26.105005], [92.170786, 26.10269], [92.171813, 26.100411], [92.170847, 26.09835], [92.16992, 26.096668], [92.168772, 26.094588], [92.168048, 26.091694], [92.16835, 26.090862], [92.168853, 26.089831], [92.169699, 26.088728], [92.170323, 26.087625], [92.170746, 26.086268], [92.17135, 26.084523], [92.171914, 26.083763], [92.172488, 26.083185], [92.173112, 26.082732], [92.173908, 26.082425], [92.175207, 26.081719], [92.17576, 26.080282], [92.175686, 26.078068], [92.174817, 26.078015], [92.173188, 26.07795], [92.172731, 26.07795], [92.171009, 26.07795], [92.166999, 26.075976], [92.164088, 26.073292], [92.158458, 26.069638], [92.156126, 26.067837], [92.153446, 26.066365], [92.15092, 26.064546], [92.148259, 26.061706], [92.145233, 26.059212], [92.144462, 26.057134], [92.143459, 26.055817], [92.142167, 26.05509], [92.138967, 26.054241], [92.138259, 26.053981], [92.136615, 26.053375], [92.135574, 26.052301], [92.134706, 26.050067], [92.134224, 26.046395], [92.132451, 26.044836], [92.129462, 26.044611], [92.126493, 26.044316], [92.123813, 26.04371], [92.12204, 26.043641], [92.119861, 26.045182], [92.116892, 26.045893], [92.11481, 26.046984], [92.113133, 26.04804], [92.110549, 26.048924], [92.108197, 26.049236], [92.101835, 26.048785], [92.098114, 26.048491], [92.092793, 26.047088], [92.089824, 26.045546], [92.082401, 26.042532], [92.077311, 26.041043], [92.074343, 26.038462], [92.069407, 26.036227], [92.066939, 26.033923], [92.064028, 26.033715], [92.060192, 26.033784], [92.057242, 26.033247], [92.053309, 26.031758], [92.050475, 26.031584], [92.047371, 26.03226], [92.044228, 26.033334], [92.041433, 26.035014], [92.037558, 26.035534], [92.035938, 26.036348], [92.034396, 26.037232], [92.032757, 26.037907], [92.02867, 26.03815], [92.02385, 26.037543], [92.022076, 26.037665], [92.01689, 26.037526], [92.012841, 26.036643], [92.009043, 26.036417], [92.006383, 26.036521], [92.00457, 26.035794], [92.002238, 26.035326], [91.999404, 26.035811], [91.997418, 26.03685], [91.994815, 26.03692], [91.993215, 26.036955], [91.990535, 26.03692], [91.988684, 26.035309], [91.987836, 26.031931], [91.986024, 26.027149], [91.985388, 26.026058], [91.983961, 26.025452], [91.982168, 26.0254], [91.979816, 26.025746], [91.978119, 26.025486], [91.975729, 26.022836], [91.97141, 26.020289], [91.966455, 26.019648], [91.958975, 26.016858], [91.952728, 26.014502], [91.950608, 26.013636], [91.948564, 26.012458], [91.946617, 26.011522], [91.943359, 26.011089], [91.94145, 26.010881], [91.939618, 26.010188], [91.93798, 26.009963], [91.935512, 26.009876], [91.933275, 26.010344], [91.932234, 26.010188], [91.931213, 26.008871], [91.930634, 26.007277], [91.929709, 26.004868], [91.929304, 26.003378], [91.929265, 26.001784], [91.929015, 26.000779], [91.928263, 25.999635], [91.926219, 25.998786], [91.924098, 25.998007], [91.922171, 25.996845], [91.919953, 25.996845], [91.918623, 25.996845], [91.916078, 25.997227], [91.914787, 25.997851], [91.914285, 25.999064], [91.913958, 26.001576], [91.913688, 26.003292], [91.913977, 26.00421], [91.914131, 26.004886], [91.914015, 26.005717], [91.913823, 26.006393], [91.913148, 26.006878], [91.911817, 26.007294], [91.911586, 26.007797], [91.911972, 26.008299], [91.912762, 26.008767], [91.912878, 26.009425], [91.91203, 26.010084], [91.91149, 26.010673], [91.911239, 26.012059], [91.912049, 26.012683], [91.912916, 26.012787], [91.91415, 26.012822], [91.914825, 26.013099], [91.915384, 26.013913], [91.915191, 26.015282], [91.915346, 26.0162], [91.915577, 26.01717], [91.915365, 26.01873], [91.915635, 26.018781], [91.914247, 26.019631], [91.912666, 26.019994], [91.910661, 26.020064], [91.909234, 26.020168], [91.908116, 26.020722], [91.906843, 26.021727], [91.904761, 26.022472], [91.903913, 26.022368], [91.902255, 26.022125], [91.900905, 26.022108], [91.899382, 26.022524], [91.897994, 26.023217], [91.896722, 26.0241], [91.895469, 26.024984], [91.894061, 26.025296], [91.892577, 26.025226], [91.891073, 26.025382], [91.89034, 26.025746], [91.887622, 26.026214], [91.886041, 26.026179], [91.884402, 26.025902], [91.882995, 26.02585], [91.882012, 26.026734], [91.881298, 26.027825], [91.880546, 26.029211], [91.879891, 26.03181], [91.879525, 26.033143], [91.877674, 26.034754], [91.876594, 26.03569], [91.875187, 26.036989], [91.874589, 26.038063], [91.874184, 26.039137], [91.874126, 26.04035], [91.874743, 26.042324], [91.873644, 26.043191], [91.87216, 26.043468], [91.87137, 26.042688], [91.870521, 26.041995], [91.869499, 26.041372], [91.868343, 26.041268], [91.868304, 26.042723], [91.869557, 26.045061], [91.871234, 26.047313], [91.872006, 26.049097], [91.872391, 26.049963], [91.872372, 26.051505], [91.871312, 26.052492], [91.870579, 26.053254], [91.870502, 26.054761], [91.871119, 26.055332], [91.872102, 26.057463], [91.872488, 26.059766], [91.873143, 26.063836], [91.873085, 26.065291], [91.873278, 26.06678], [91.874338, 26.070175], [91.875245, 26.07253], [91.875534, 26.0735], [91.876324, 26.075387], [91.876729, 26.077621], [91.877038, 26.080149], [91.877655, 26.081448], [91.877847, 26.082314], [91.877732, 26.083266], [91.877443, 26.084755], [91.87777, 26.087024], [91.87777, 26.088357], [91.878194, 26.089604], [91.878252, 26.090521], [91.877327, 26.091785], [91.877732, 26.093621], [91.878734, 26.094313], [91.879178, 26.09511], [91.879313, 26.096079], [91.878985, 26.097084], [91.878136, 26.097932], [91.876903, 26.09878], [91.874782, 26.099507], [91.873182, 26.099819], [91.871774, 26.09962], [91.870541, 26.099672], [91.868863, 26.099828], [91.867976, 26.100174], [91.866955, 26.10046], [91.865971, 26.100252], [91.864786, 26.10078], [91.863725, 26.101559], [91.863272, 26.102096], [91.862539, 26.102286], [91.86118, 26.102321], [91.859069, 26.103126], [91.85822, 26.103862], [91.855186, 26.10503], [91.852333, 26.106441], [91.850076, 26.107787]]], "type": "Polygon"}, "id": "kamrup-metropolitan-sonapur", "properties": {"district": "Kamrup Metropolitan", "grade": "zonal", "locality_id": "kamrup-metropolitan-sonapur", "osm_id": "relation/10045966", "revenue_circle": "Sonapur"}, "type": "Feature"}, {"geometry": {"coordinates": [[[91.724623, 26.033014], [91.725025, 26.027729], [91.725454, 26.024162], [91.725411, 26.020942], [91.725712, 26.019168], [91.725283, 26.016912], [91.723845, 26.013981], [91.722815, 26.009237], [91.722858, 26.003181], [91.722322, 25.999575], [91.721828, 25.997936], [91.721485, 25.995679], [91.721485, 25.992458], [91.722279, 25.98889], [91.721871, 25.986633], [91.72112, 25.983374], [91.722, 25.979381], [91.722064, 25.974269], [91.722, 25.967517], [91.721957, 25.965414], [91.721592, 25.962501], [91.720369, 25.956463], [91.720047, 25.953742], [91.719553, 25.951852], [91.718116, 25.950057], [91.715305, 25.947472], [91.713738, 25.945484], [91.712945, 25.943825], [91.711679, 25.943053], [91.71052, 25.942744], [91.708653, 25.942706], [91.706228, 25.942918], [91.704018, 25.941181], [91.703417, 25.93929], [91.70228, 25.937322], [91.701014, 25.93547], [91.697109, 25.93163], [91.692946, 25.927461], [91.689963, 25.924547], [91.688869, 25.922193], [91.687818, 25.920282], [91.685264, 25.918816], [91.680694, 25.917098], [91.678848, 25.915245], [91.677217, 25.912794], [91.674578, 25.908934], [91.672454, 25.905904], [91.671252, 25.904572], [91.669579, 25.904244], [91.667733, 25.9049], [91.666446, 25.906232], [91.664879, 25.907293], [91.66327, 25.907892], [91.661789, 25.907544], [91.660416, 25.906907], [91.658957, 25.906965], [91.657884, 25.907197], [91.656575, 25.906965], [91.654923, 25.906463], [91.6537, 25.906425], [91.652133, 25.907815], [91.649709, 25.90986], [91.647069, 25.912331], [91.64398, 25.915766], [91.639538, 25.91953], [91.636877, 25.921382], [91.634624, 25.922309], [91.6328, 25.923177], [91.631148, 25.924046], [91.628594, 25.925416], [91.627006, 25.92584], [91.625912, 25.926747], [91.624582, 25.929642], [91.623402, 25.931128], [91.621599, 25.932247], [91.618359, 25.933135], [91.615655, 25.934544], [91.612973, 25.936184], [91.611085, 25.937978], [91.610613, 25.939638], [91.611149, 25.943015], [91.612458, 25.944423], [91.61572, 25.945504], [91.619797, 25.945619], [91.621964, 25.945291], [91.624067, 25.944114], [91.625912, 25.943246], [91.627865, 25.94286], [91.629689, 25.943227], [91.630397, 25.945002], [91.631084, 25.949015], [91.63147, 25.95108], [91.631963, 25.953106], [91.633165, 25.95625], [91.634774, 25.960707], [91.635289, 25.96144], [91.637006, 25.96225], [91.638615, 25.962231], [91.639924, 25.962443], [91.640954, 25.963176], [91.640697, 25.964334], [91.639795, 25.965839], [91.637585, 25.967633], [91.635761, 25.969408], [91.632199, 25.972591], [91.630182, 25.975368], [91.628508, 25.97832], [91.628594, 25.98021], [91.628616, 25.982158], [91.628144, 25.985167], [91.627006, 25.986325], [91.626341, 25.98754], [91.62647, 25.988523], [91.628573, 25.990105], [91.629217, 25.991224], [91.629753, 25.992805], [91.629667, 25.994483], [91.629345, 25.997993], [91.629109, 25.999614], [91.629131, 26.000694], [91.629603, 26.001754], [91.630826, 26.002815], [91.631877, 26.005708], [91.632199, 26.006807], [91.633058, 26.008716], [91.633251, 26.009931], [91.633422, 26.011435], [91.633229, 26.014135], [91.632822, 26.015234], [91.632564, 26.016796], [91.632457, 26.019014], [91.632264, 26.020113], [91.631684, 26.021347], [91.630633, 26.022234], [91.62853, 26.022523], [91.626728, 26.022581], [91.624346, 26.023159], [91.622436, 26.024104], [91.620655, 26.025261], [91.619003, 26.025358], [91.615119, 26.025281], [91.61308, 26.024895], [91.611235, 26.024278], [91.608017, 26.023198], [91.604605, 26.022388], [91.602352, 26.022041], [91.600485, 26.021463], [91.599541, 26.02019], [91.598468, 26.019284], [91.597009, 26.018416], [91.596472, 26.018532], [91.595185, 26.01911], [91.594412, 26.020209], [91.59379, 26.022138], [91.592181, 26.024394], [91.589971, 26.027884], [91.588511, 26.029831], [91.586344, 26.03093], [91.583276, 26.031933], [91.581795, 26.03253], [91.580358, 26.03334], [91.579092, 26.033032], [91.577654, 26.031104], [91.572869, 26.027729], [91.571753, 26.026765], [91.570766, 26.025435], [91.570358, 26.022407], [91.5695, 26.018802], [91.570187, 26.01668], [91.571131, 26.015466], [91.571109, 26.014579], [91.570358, 26.013344], [91.568491, 26.011937], [91.567333, 26.010876], [91.564586, 26.008928], [91.563492, 26.005862], [91.564071, 26.004146], [91.564672, 26.003278], [91.56493, 26.00187], [91.564329, 26.001176], [91.562805, 26.001446], [91.561046, 26.001407], [91.559372, 25.996663], [91.557269, 25.992477], [91.554007, 25.989546], [91.552184, 25.985823], [91.551797, 25.981155], [91.551261, 25.977818], [91.550939, 25.976564], [91.550167, 25.975889], [91.548793, 25.9756], [91.546969, 25.975542], [91.54448, 25.975638], [91.542807, 25.974963], [91.541648, 25.973015], [91.540253, 25.972089], [91.538365, 25.971009], [91.536198, 25.969022], [91.535275, 25.967941], [91.53491, 25.966591], [91.535489, 25.965202], [91.535962, 25.963871], [91.534932, 25.962945], [91.534223, 25.962771], [91.531198, 25.962598], [91.528945, 25.962115], [91.527271, 25.961865], [91.525147, 25.961614], [91.522143, 25.960302], [91.520276, 25.959607], [91.518559, 25.958778], [91.517336, 25.957157], [91.517594, 25.954996], [91.518474, 25.952507], [91.518946, 25.950694], [91.519182, 25.946217], [91.519761, 25.943381], [91.520019, 25.941915], [91.519954, 25.940622], [91.518817, 25.939927], [91.517808, 25.940255], [91.516929, 25.940931], [91.515877, 25.940738], [91.514504, 25.937863], [91.514032, 25.936898], [91.51341, 25.935644], [91.513968, 25.934196], [91.513732, 25.933077], [91.512401, 25.93273], [91.51092, 25.932537], [91.508646, 25.93246], [91.507874, 25.930703], [91.507444, 25.929874], [91.506307, 25.928986], [91.505449, 25.928214], [91.504161, 25.92723], [91.503024, 25.92557], [91.502423, 25.923679], [91.502252, 25.921537], [91.50208, 25.920167], [91.502016, 25.918237], [91.502724, 25.91758], [91.503625, 25.917195], [91.504526, 25.916094], [91.504419, 25.914994], [91.50414, 25.913875], [91.504655, 25.912736], [91.505856, 25.912215], [91.506865, 25.913585], [91.508238, 25.915844], [91.509418, 25.916982], [91.510749, 25.917484], [91.512422, 25.91758], [91.514246, 25.917812], [91.51577, 25.91843], [91.517529, 25.919298], [91.518967, 25.920765], [91.520491, 25.923023], [91.521649, 25.92447], [91.522551, 25.925474], [91.52416, 25.926246], [91.525748, 25.926361], [91.527357, 25.926419], [91.52813, 25.927076], [91.529138, 25.928137], [91.530018, 25.929025], [91.53122, 25.9297], [91.532378, 25.930182], [91.533279, 25.930723], [91.534116, 25.932035], [91.534867, 25.933656], [91.535511, 25.935296], [91.536326, 25.935894], [91.537035, 25.935586], [91.537271, 25.934293], [91.537442, 25.932691], [91.537099, 25.931031], [91.53579, 25.929893], [91.53461, 25.928214], [91.533987, 25.927191], [91.532464, 25.926477], [91.531005, 25.926246], [91.529052, 25.923428], [91.527378, 25.922695], [91.525876, 25.922058], [91.525126, 25.920398], [91.5221, 25.918796], [91.521778, 25.917793], [91.521199, 25.9165], [91.519589, 25.915998], [91.517959, 25.915708], [91.516542, 25.914531], [91.51474, 25.913296], [91.511607, 25.911308], [91.509569, 25.910266], [91.507316, 25.908625], [91.505127, 25.907062], [91.50429, 25.905305], [91.504247, 25.903337], [91.502767, 25.900441], [91.500513, 25.898009], [91.499741, 25.896542], [91.499805, 25.895075], [91.500707, 25.894245], [91.502466, 25.893106], [91.503432, 25.892218], [91.50296, 25.891272], [91.502123, 25.891176], [91.500363, 25.891446], [91.49869, 25.892238], [91.496887, 25.893338], [91.494978, 25.894361], [91.493454, 25.895423], [91.492252, 25.895693], [91.490664, 25.895654], [91.489398, 25.895172], [91.487532, 25.894187], [91.4853, 25.893415], [91.483369, 25.892218], [91.481931, 25.890693], [91.478777, 25.887933], [91.478863, 25.885133], [91.47912, 25.881543], [91.477597, 25.878435], [91.474249, 25.874998], [91.475494, 25.870422], [91.477411, 25.868897], [91.48324, 25.86687], [91.488704, 25.866951], [91.497488, 25.866078], [91.511006, 25.865924], [91.515126, 25.868598], [91.519611, 25.873492], [91.521714, 25.877701], [91.521521, 25.883802], [91.525581, 25.890306], [91.527679, 25.89135], [91.53094, 25.890095], [91.534395, 25.887064], [91.534975, 25.88355], [91.532416, 25.882691], [91.530833, 25.881021], [91.531005, 25.876909], [91.530876, 25.872334], [91.525581, 25.872911], [91.521456, 25.871986], [91.519439, 25.870538], [91.514289, 25.864784], [91.502595, 25.864514], [91.494591, 25.863317], [91.484055, 25.864167], [91.47809, 25.857293], [91.471975, 25.858644], [91.468937, 25.859085], [91.455388, 25.850882], [91.444407, 25.840799], [91.435003, 25.844393], [91.427751, 25.853122], [91.418984, 25.854625], [91.393161, 25.847406], [91.380587, 25.845784], [91.372433, 25.846749], [91.371016, 25.841999], [91.366167, 25.840029], [91.359993, 25.840696], [91.360845, 25.846479], [91.365394, 25.853971], [91.369257, 25.856366], [91.373291, 25.857524], [91.379814, 25.859455], [91.385565, 25.863472], [91.389513, 25.866175], [91.390629, 25.870268], [91.388397, 25.872585], [91.38505, 25.876369], [91.384106, 25.878995], [91.387367, 25.883551], [91.392603, 25.894593], [91.401272, 25.909031], [91.402302, 25.917754], [91.402473, 25.922849], [91.405992, 25.926091], [91.410627, 25.935122], [91.411314, 25.941297], [91.41243, 25.947781], [91.414232, 25.954341], [91.41655, 25.961286], [91.421099, 25.97016], [91.425562, 25.980191], [91.42745, 25.986595], [91.428738, 25.990992], [91.426077, 25.997164], [91.428566, 26.006576], [91.429167, 26.011744], [91.425476, 26.017452], [91.425133, 26.021386], [91.425476, 26.024085], [91.42745, 26.026322], [91.434574, 26.02609], [91.438351, 26.027633], [91.438522, 26.033032], [91.443758, 26.043366], [91.448307, 26.052311], [91.443844, 26.060947], [91.441784, 26.064494], [91.434917, 26.067577], [91.425476, 26.067269], [91.404233, 26.067269], [91.401958, 26.076405], [91.400585, 26.082996], [91.399169, 26.085579], [91.397881, 26.088469], [91.396379, 26.090088], [91.394405, 26.090011], [91.391873, 26.089317], [91.388955, 26.088046], [91.384792, 26.085425], [91.382561, 26.085155], [91.380415, 26.08527], [91.377947, 26.085309], [91.374922, 26.085752], [91.372218, 26.086195], [91.368871, 26.088046], [91.365995, 26.09109], [91.362905, 26.09163], [91.360202, 26.092054], [91.357026, 26.093056], [91.353507, 26.094174], [91.351619, 26.095446], [91.34973, 26.096949], [91.348185, 26.098644], [91.347628, 26.100494], [91.347456, 26.102498], [91.345525, 26.1035], [91.342907, 26.1035], [91.342177, 26.1035], [91.338787, 26.1072], [91.332607, 26.109474], [91.330547, 26.11036], [91.329689, 26.111516], [91.328788, 26.11298], [91.323681, 26.118606], [91.320419, 26.122691], [91.318188, 26.125927], [91.318617, 26.131476], [91.320763, 26.136099], [91.323252, 26.137024], [91.327371, 26.136407], [91.331835, 26.13502], [91.335955, 26.136638], [91.337328, 26.139335], [91.338615, 26.143573], [91.3375, 26.144652], [91.332521, 26.144729], [91.329002, 26.14496], [91.324797, 26.146193], [91.322908, 26.147811], [91.321621, 26.15174], [91.323252, 26.154514], [91.321782, 26.160609], [91.324968, 26.161004], [91.327929, 26.163296], [91.330376, 26.164683], [91.331427, 26.166377], [91.332564, 26.167379], [91.334238, 26.167225], [91.335869, 26.166532], [91.337778, 26.16476], [91.340139, 26.162814], [91.342371, 26.16268], [91.344173, 26.162988], [91.34619, 26.164182], [91.347606, 26.165492], [91.34928, 26.166705], [91.350524, 26.167032], [91.352692, 26.166897], [91.353743, 26.16632], [91.355975, 26.164817], [91.357348, 26.163623], [91.359451, 26.162853], [91.362348, 26.162063], [91.364493, 26.161409], [91.36621, 26.160311], [91.367819, 26.158654], [91.368978, 26.157345], [91.371188, 26.155977], [91.372347, 26.15513], [91.375458, 26.152318], [91.381123, 26.1481], [91.383741, 26.143477], [91.386294, 26.141396], [91.388354, 26.139682], [91.389728, 26.138738], [91.391637, 26.137948], [91.393826, 26.137293], [91.396272, 26.137255], [91.401079, 26.137486], [91.404383, 26.138449], [91.406786, 26.138391], [91.408546, 26.137756], [91.411142, 26.136523], [91.412087, 26.135849], [91.413159, 26.136388], [91.41479, 26.135877], [91.415605, 26.13606], [91.417033, 26.136484], [91.418062, 26.13712], [91.423931, 26.143149], [91.427236, 26.145807], [91.43024, 26.147772], [91.432085, 26.149236], [91.43363, 26.149852], [91.436334, 26.147579], [91.439767, 26.145461], [91.443071, 26.143766], [91.446719, 26.142995], [91.451268, 26.144035], [91.45513, 26.145769], [91.46131, 26.151316], [91.463628, 26.153088], [91.47131, 26.155631], [91.47603, 26.155284], [91.478949, 26.153705], [91.484871, 26.149506], [91.488519, 26.14731], [91.49384, 26.146116], [91.509805, 26.141069], [91.517229, 26.139605], [91.522036, 26.139682], [91.539631, 26.139798], [91.545939, 26.140529], [91.551475, 26.141107], [91.555338, 26.141916], [91.562369, 26.143094], [91.561882, 26.141454], [91.561088, 26.139489], [91.560702, 26.136812], [91.560552, 26.132323], [91.560767, 26.130705], [91.561325, 26.129029], [91.561582, 26.127257], [91.561539, 26.125157], [91.560745, 26.121785], [91.561239, 26.120552], [91.562483, 26.119184], [91.563771, 26.118394], [91.56465, 26.117161], [91.564221, 26.111188], [91.564565, 26.106622], [91.564522, 26.10456], [91.565144, 26.103057], [91.569092, 26.102595], [91.573277, 26.102575], [91.573491, 26.099184], [91.573448, 26.096717], [91.574199, 26.095214], [91.575186, 26.094617], [91.576753, 26.094039], [91.578834, 26.093615], [91.581538, 26.093364], [91.583855, 26.092921], [91.58643, 26.091688], [91.586902, 26.089684], [91.586709, 26.088084], [91.585658, 26.086851], [91.584435, 26.085926], [91.582804, 26.084789], [91.581173, 26.084037], [91.579649, 26.083054], [91.57922, 26.080876], [91.579864, 26.079123], [91.580658, 26.07733], [91.580508, 26.075634], [91.579778, 26.073745], [91.577461, 26.071567], [91.577076, 26.0714], [91.575465, 26.0707], [91.574371, 26.070681], [91.573191, 26.070912], [91.572225, 26.070931], [91.571495, 26.070237], [91.57156, 26.069409], [91.571731, 26.068329], [91.57141, 26.067038], [91.570981, 26.066112], [91.570144, 26.064782], [91.569285, 26.063433], [91.568491, 26.062199], [91.567676, 26.060889], [91.568148, 26.059578], [91.569114, 26.059193], [91.570487, 26.059173], [91.573298, 26.059636], [91.576109, 26.059366], [91.577074, 26.058306], [91.577911, 26.058017], [91.578576, 26.058595], [91.578963, 26.060041], [91.578898, 26.063356], [91.579392, 26.065843], [91.579821, 26.067365], [91.58113, 26.06804], [91.582632, 26.068252], [91.584155, 26.066903], [91.584713, 26.063934], [91.586194, 26.062701], [91.586602, 26.061602], [91.58643, 26.058768], [91.586516, 26.0574], [91.587932, 26.056956], [91.589777, 26.057246], [91.593554, 26.058749], [91.596215, 26.059597], [91.598017, 26.060696], [91.599069, 26.06245], [91.599412, 26.065014], [91.600099, 26.066363], [91.600678, 26.068387], [91.600871, 26.070102], [91.600292, 26.071452], [91.59982, 26.072743], [91.600056, 26.074054], [91.600978, 26.07548], [91.602759, 26.075885], [91.605828, 26.075576], [91.608253, 26.075634], [91.610076, 26.07548], [91.610463, 26.074478], [91.610548, 26.07203], [91.612394, 26.07124], [91.614497, 26.070642], [91.616642, 26.070738], [91.620355, 26.072068], [91.623595, 26.07336], [91.62559, 26.074015], [91.627049, 26.074593], [91.628594, 26.074902], [91.629925, 26.074208], [91.629388, 26.072916], [91.628036, 26.072049], [91.627178, 26.071317], [91.627457, 26.070295], [91.62926, 26.069543], [91.632049, 26.069428], [91.633787, 26.069486], [91.642134, 26.065592], [91.648829, 26.062797], [91.653292, 26.061274], [91.660652, 26.057573], [91.667712, 26.05474], [91.676874, 26.051038], [91.685457, 26.047298], [91.724623, 26.033014]]], "type": "Polygon"}, "id": "kamrup-palasbari", "properties": {"district": "Kamrup", "grade": "zonal", "locality_id": "kamrup-palasbari", "osm_id": "relation/10045175", "revenue_circle": "Palasbari"}, "type": "Feature"}, {"geometry": {"coordinates": [[[92.216738, 24.248973], [92.2649, 24.251758], [92.298687, 24.252667], [92.345227, 24.253587], [92.369928, 24.254079], [92.370729, 24.267389], [92.372875, 24.275761], [92.372618, 24.289296], [92.372446, 24.29399], [92.37236, 24.301734], [92.368069, 24.305567], [92.363434, 24.30721], [92.36249, 24.310573], [92.361631, 24.313858], [92.361546, 24.319647], [92.364721, 24.319568], [92.369013, 24.318864], [92.373304, 24.31949], [92.37545, 24.321758], [92.376308, 24.326686], [92.376137, 24.332082], [92.372875, 24.336383], [92.372188, 24.339981], [92.37133, 24.349755], [92.374935, 24.365472], [92.376051, 24.371414], [92.376652, 24.378606], [92.377167, 24.383922], [92.378626, 24.388769], [92.381887, 24.397446], [92.387466, 24.41003], [92.391157, 24.419174], [92.390642, 24.42652], [92.388067, 24.438086], [92.387895, 24.452697], [92.390385, 24.472385], [92.392444, 24.496912], [92.392616, 24.500739], [92.389698, 24.505972], [92.385406, 24.511283], [92.3806, 24.517139], [92.373648, 24.521903], [92.371073, 24.524636], [92.3806, 24.546889], [92.381029, 24.551495], [92.382917, 24.557429], [92.38369, 24.564142], [92.386951, 24.571948], [92.385063, 24.588105], [92.385921, 24.595129], [92.387552, 24.600514], [92.390556, 24.604806], [92.39356, 24.609332], [92.394333, 24.616355], [92.394762, 24.632311], [92.396522, 24.634808], [92.400041, 24.638592], [92.404718, 24.64573], [92.404976, 24.648538], [92.404761, 24.650294], [92.403345, 24.654233], [92.403645, 24.65591], [92.406821, 24.656144], [92.408752, 24.656456], [92.409954, 24.65786], [92.410469, 24.661838], [92.410469, 24.664958], [92.407551, 24.668039], [92.404911, 24.669307], [92.401435, 24.670223], [92.402594, 24.673967], [92.403452, 24.676131], [92.404783, 24.679076], [92.405448, 24.681064], [92.403839, 24.682195], [92.401242, 24.683267], [92.401092, 24.681493], [92.401156, 24.67931], [92.400513, 24.675936], [92.40032, 24.674747], [92.399397, 24.673265], [92.398066, 24.671881], [92.3965, 24.668644], [92.394805, 24.666986], [92.393238, 24.665036], [92.389247, 24.660376], [92.388668, 24.659459], [92.389054, 24.658387], [92.389612, 24.657548], [92.390857, 24.65515], [92.3912, 24.653531], [92.390234, 24.65082], [92.388647, 24.646861], [92.387059, 24.646023], [92.385986, 24.645769], [92.384141, 24.645944], [92.38251, 24.646705], [92.381909, 24.647914], [92.381694, 24.649572], [92.381458, 24.65123], [92.380021, 24.651074], [92.378583, 24.649026], [92.375107, 24.646023], [92.372897, 24.645574], [92.370558, 24.64653], [92.367167, 24.648694], [92.35955, 24.652556], [92.357254, 24.654058], [92.355087, 24.655715], [92.353048, 24.65591], [92.346203, 24.656066], [92.344894, 24.655618], [92.343779, 24.655072], [92.341826, 24.654974], [92.340453, 24.655618], [92.337599, 24.657997], [92.335539, 24.660863], [92.334359, 24.662228], [92.331226, 24.66412], [92.32275, 24.665563], [92.317257, 24.665836], [92.316463, 24.666713], [92.316635, 24.668956], [92.315969, 24.670399], [92.305992, 24.671198], [92.302902, 24.669872], [92.299533, 24.669872], [92.29522, 24.670223], [92.289898, 24.672602], [92.286508, 24.674454], [92.285092, 24.675156], [92.284126, 24.675234], [92.283869, 24.673753], [92.283139, 24.671393], [92.280693, 24.670087], [92.278719, 24.670574], [92.274856, 24.672076], [92.269685, 24.67426], [92.26696, 24.67541], [92.263741, 24.676911], [92.2604, 24.678573], [92.260303, 24.678164], [92.260196, 24.677872], [92.260078, 24.677613], [92.25989, 24.677311], [92.259809, 24.676994], [92.259799, 24.676731], [92.259691, 24.676517], [92.259268, 24.676478], [92.259058, 24.676092], [92.25945, 24.675736], [92.259648, 24.675517], [92.259842, 24.675356], [92.260083, 24.675244], [92.260083, 24.674976], [92.260249, 24.674713], [92.260346, 24.674469], [92.260437, 24.674211], [92.260442, 24.674026], [92.260432, 24.673801], [92.260464, 24.673489], [92.260625, 24.67307], [92.260818, 24.67287], [92.260904, 24.672753], [92.261006, 24.672592], [92.261118, 24.672402], [92.261075, 24.672115], [92.261134, 24.671949], [92.261199, 24.6717], [92.261381, 24.671598], [92.26158, 24.67154], [92.261741, 24.671486], [92.261757, 24.671208], [92.261655, 24.671047], [92.261671, 24.670881], [92.261746, 24.670725], [92.26166, 24.670535], [92.261639, 24.670404], [92.261649, 24.670243], [92.261531, 24.67016], [92.261429, 24.670004], [92.261435, 24.669819], [92.261354, 24.669658], [92.261129, 24.66937], [92.260839, 24.669195], [92.260539, 24.66899], [92.260625, 24.668756], [92.260834, 24.668488], [92.2607, 24.668346], [92.260421, 24.668273], [92.260062, 24.668215], [92.259879, 24.668083], [92.259879, 24.667908], [92.259986, 24.667732], [92.260212, 24.667591], [92.260201, 24.667425], [92.260088, 24.66725], [92.259911, 24.66704], [92.25989, 24.66685], [92.25989, 24.666631], [92.259616, 24.66644], [92.259514, 24.666294], [92.259573, 24.666055], [92.259702, 24.665904], [92.259858, 24.665738], [92.259863, 24.665573], [92.259777, 24.665129], [92.259225, 24.664554], [92.259021, 24.664276], [92.258822, 24.663993], [92.258576, 24.663671], [92.258436, 24.66353], [92.258146, 24.663467], [92.257658, 24.663515], [92.257444, 24.663306], [92.257417, 24.663038], [92.25739, 24.662687], [92.257358, 24.662531], [92.257116, 24.662331], [92.256789, 24.662243], [92.256666, 24.661814], [92.256033, 24.66139], [92.255893, 24.661156], [92.255759, 24.660907], [92.255775, 24.660639], [92.255818, 24.660469], [92.255765, 24.660235], [92.255781, 24.660035], [92.255813, 24.659791], [92.255716, 24.659571], [92.255518, 24.659445], [92.255309, 24.659318], [92.255105, 24.659235], [92.254756, 24.659259], [92.254456, 24.659254], [92.254257, 24.659128], [92.254188, 24.65905], [92.253978, 24.659113], [92.253769, 24.659308], [92.253318, 24.659415], [92.253039, 24.659406], [92.252267, 24.658567], [92.251752, 24.657924], [92.251248, 24.657129], [92.250513, 24.656861], [92.250084, 24.657051], [92.249617, 24.657222], [92.249413, 24.657031], [92.249225, 24.656895], [92.249032, 24.656368], [92.248941, 24.655754], [92.248861, 24.655462], [92.248587, 24.655174], [92.248871, 24.654886], [92.249284, 24.654574], [92.249204, 24.654443], [92.249097, 24.654262], [92.249145, 24.653892], [92.249172, 24.653589], [92.249252, 24.653287], [92.249306, 24.653126], [92.249059, 24.652785], [92.249134, 24.652385], [92.249183, 24.652219], [92.249236, 24.651956], [92.249258, 24.651708], [92.249359, 24.651571], [92.249558, 24.651493], [92.249767, 24.651415], [92.250019, 24.65143], [92.250336, 24.651503], [92.250636, 24.65161], [92.250888, 24.651727], [92.251194, 24.651868], [92.251409, 24.651941], [92.251629, 24.651937], [92.251795, 24.651937], [92.252304, 24.651888], [92.252444, 24.651712], [92.252331, 24.651264], [92.252304, 24.651049], [92.252203, 24.650874], [92.252036, 24.650674], [92.252047, 24.650469], [92.252068, 24.650269], [92.251993, 24.650123], [92.251993, 24.649864], [92.252337, 24.649494], [92.252508, 24.649367], [92.252878, 24.649143], [92.253533, 24.64887], [92.253774, 24.648626], [92.253823, 24.648343], [92.253908, 24.648022], [92.253748, 24.647529], [92.253286, 24.647451], [92.253115, 24.647266], [92.252959, 24.646978], [92.252428, 24.646666], [92.252337, 24.646476], [92.252331, 24.646091], [92.252342, 24.64571], [92.251999, 24.645272], [92.252052, 24.644999], [92.252642, 24.644623], [92.252675, 24.644365], [92.252578, 24.644043], [92.252154, 24.643175], [92.251886, 24.642688], [92.251296, 24.641888], [92.251194, 24.641376], [92.251307, 24.64101], [92.251532, 24.640878], [92.251537, 24.640742], [92.251355, 24.640654], [92.251151, 24.64061], [92.250996, 24.640479], [92.251076, 24.640176], [92.251199, 24.63985], [92.251328, 24.63945], [92.2515, 24.639035], [92.251666, 24.638275], [92.251639, 24.637958], [92.251505, 24.637529], [92.251071, 24.637373], [92.250996, 24.636973], [92.250915, 24.636807], [92.250679, 24.63668], [92.250663, 24.636461], [92.250593, 24.636193], [92.250384, 24.635881], [92.250373, 24.63511], [92.250427, 24.634788], [92.250786, 24.634462], [92.250829, 24.634179], [92.25091, 24.634032], [92.251103, 24.633828], [92.251092, 24.633677], [92.250835, 24.63356], [92.250068, 24.632745], [92.249987, 24.632614], [92.249767, 24.632575], [92.249676, 24.632418], [92.249687, 24.632223], [92.249757, 24.632004], [92.249783, 24.631692], [92.249676, 24.631273], [92.249504, 24.631029], [92.249343, 24.630761], [92.249467, 24.630453], [92.249955, 24.62998], [92.250025, 24.62979], [92.249917, 24.629639], [92.249762, 24.629459], [92.249789, 24.629224], [92.249815, 24.629059], [92.24995, 24.628951], [92.250164, 24.628849], [92.250271, 24.628712], [92.250094, 24.628576], [92.24973, 24.628386], [92.250046, 24.628176], [92.250711, 24.627835], [92.250851, 24.627703], [92.25077, 24.627557], [92.250593, 24.62745], [92.25032, 24.627328], [92.250009, 24.626947], [92.249901, 24.626591], [92.249933, 24.62645], [92.250009, 24.62624], [92.250169, 24.62605], [92.250245, 24.625835], [92.250127, 24.625699], [92.249767, 24.62565], [92.249547, 24.625562], [92.249494, 24.624909], [92.249435, 24.624743], [92.249419, 24.624606], [92.249558, 24.624421], [92.249837, 24.624197], [92.249896, 24.62406], [92.249719, 24.623817], [92.249445, 24.623582], [92.249247, 24.623339], [92.249225, 24.622714], [92.249054, 24.622202], [92.249134, 24.621261], [92.249268, 24.621134], [92.249317, 24.6209], [92.24915, 24.620773], [92.248882, 24.62072], [92.248721, 24.620647], [92.248657, 24.620447], [92.248721, 24.620237], [92.248748, 24.620008], [92.248684, 24.619603], [92.24841, 24.619076], [92.248083, 24.618969], [92.248056, 24.618813], [92.248067, 24.618545], [92.24812, 24.618399], [92.248067, 24.618155], [92.247815, 24.617945], [92.247557, 24.617516], [92.247573, 24.617013], [92.247503, 24.616265], [92.247361, 24.615904], [92.247192, 24.615548], [92.247232, 24.615377], [92.247192, 24.615258], [92.247018, 24.615175], [92.246854, 24.615136], [92.246728, 24.615163], [92.24635, 24.615241], [92.2462, 24.615231], [92.245969, 24.614975], [92.24584, 24.614821], [92.245661, 24.614751], [92.245516, 24.614699], [92.245336, 24.614658], [92.245175, 24.614568], [92.244577, 24.614519], [92.244057, 24.614536], [92.243896, 24.614543], [92.24378, 24.614421], [92.243823, 24.614173], [92.243866, 24.613846], [92.244282, 24.613497], [92.244379, 24.613351], [92.244285, 24.612814], [92.244298, 24.612695], [92.244443, 24.612541], [92.24458, 24.612461], [92.244824, 24.612319], [92.244886, 24.612232], [92.244752, 24.612129], [92.244623, 24.612115], [92.244446, 24.61218], [92.24421, 24.61229], [92.244051, 24.612354], [92.24378, 24.612254], [92.243649, 24.612124], [92.243831, 24.611776], [92.243909, 24.611656], [92.244075, 24.611607], [92.244325, 24.611532], [92.244475, 24.61142], [92.244558, 24.611276], [92.244507, 24.611149], [92.244287, 24.611178], [92.244033, 24.611242], [92.24384, 24.611198], [92.243748, 24.611032], [92.243885, 24.610737], [92.244003, 24.610678], [92.244033, 24.61061], [92.243933, 24.610581], [92.243815, 24.610586], [92.243681, 24.610622], [92.243566, 24.610676], [92.243459, 24.610625], [92.243451, 24.610454], [92.24352, 24.610254], [92.243595, 24.610064], [92.243566, 24.609942], [92.243456, 24.609861], [92.243306, 24.609871], [92.242997, 24.609883], [92.242734, 24.609881], [92.242525, 24.609822], [92.242615, 24.609605], [92.242753, 24.609419], [92.242746, 24.609281], [92.242685, 24.609212], [92.242622, 24.609176], [92.242502, 24.609154], [92.242367, 24.609098], [92.24235, 24.608916], [92.242352, 24.60882], [92.242152, 24.608753], [92.24223, 24.608588], [92.242227, 24.608462], [92.242276, 24.608332], [92.242195, 24.608175], [92.242128, 24.608004], [92.242274, 24.607785], [92.242402, 24.607675], [92.242552, 24.607581], [92.242678, 24.607459], [92.242763, 24.607373], [92.24274, 24.607297], [92.242626, 24.607297], [92.242431, 24.607329], [92.242195, 24.607329], [92.241982, 24.607276], [92.241878, 24.607029], [92.241928, 24.606923], [92.241973, 24.606823], [92.241947, 24.606736], [92.24184, 24.606719], [92.241663, 24.606708], [92.241455, 24.606653], [92.241427, 24.606513], [92.24142, 24.606273], [92.24131, 24.606196], [92.241232, 24.606173], [92.241159, 24.606127], [92.241226, 24.605985], [92.24138, 24.605735], [92.241527, 24.605553], [92.241514, 24.605485], [92.241463, 24.605414], [92.241419, 24.605314], [92.241413, 24.605213], [92.241356, 24.605124], [92.241261, 24.605063], [92.241169, 24.605006], [92.240835, 24.60492], [92.24075, 24.604927], [92.240504, 24.604984], [92.240409, 24.60502], [92.240319, 24.604993], [92.24024, 24.604861], [92.240253, 24.604648], [92.240209, 24.60429], [92.240154, 24.604115], [92.240151, 24.604006], [92.240189, 24.603932], [92.240236, 24.603799], [92.240181, 24.603498], [92.240097, 24.603304], [92.240059, 24.60304], [92.24011, 24.602753], [92.240292, 24.602655], [92.2404, 24.602598], [92.240504, 24.602539], [92.240514, 24.602463], [92.240496, 24.602403], [92.240414, 24.602341], [92.240252, 24.601985], [92.240209, 24.601922], [92.240181, 24.60181], [92.24018, 24.601725], [92.240206, 24.601609], [92.240063, 24.601418], [92.239921, 24.601231], [92.23986, 24.601153], [92.239866, 24.601064], [92.239952, 24.600969], [92.240056, 24.60082], [92.240078, 24.600709], [92.239996, 24.600621], [92.239926, 24.600558], [92.239678, 24.600465], [92.239362, 24.600479], [92.239296, 24.600446], [92.239191, 24.600319], [92.239166, 24.60008], [92.239123, 24.599895], [92.238951, 24.599754], [92.238833, 24.59961], [92.238695, 24.599487], [92.238735, 24.599395], [92.238792, 24.599319], [92.238885, 24.599241], [92.238952, 24.599187], [92.239057, 24.599149], [92.239223, 24.599124], [92.239288, 24.599134], [92.239398, 24.599114], [92.239462, 24.599052], [92.239471, 24.598979], [92.2394, 24.598896], [92.239284, 24.59883], [92.239178, 24.598804], [92.239022, 24.598781], [92.238961, 24.598593], [92.239036, 24.598365], [92.239053, 24.598226], [92.238965, 24.59814], [92.238793, 24.59802], [92.238757, 24.597909], [92.238888, 24.597809], [92.239003, 24.597706], [92.239005, 24.597644], [92.23897, 24.597555], [92.238912, 24.597435], [92.238838, 24.597309], [92.238585, 24.597306], [92.238472, 24.597306], [92.238236, 24.596944], [92.238224, 24.596758], [92.23829, 24.596684], [92.238381, 24.596633], [92.238493, 24.596525], [92.238605, 24.59628], [92.238741, 24.596068], [92.238876, 24.595882], [92.238946, 24.595807], [92.238958, 24.595738], [92.238949, 24.595641], [92.238857, 24.595552], [92.238601, 24.595428], [92.238474, 24.595308], [92.238438, 24.595143], [92.238409, 24.595019], [92.23842, 24.594923], [92.238502, 24.594829], [92.238607, 24.594722], [92.238641, 24.594586], [92.23857, 24.594346], [92.238503, 24.594128], [92.238506, 24.593784], [92.238484, 24.593704], [92.238467, 24.593591], [92.238529, 24.593455], [92.238495, 24.593221], [92.238458, 24.593157], [92.23836, 24.593143], [92.238216, 24.593132], [92.238088, 24.5931], [92.237982, 24.593029], [92.237922, 24.592927], [92.237963, 24.592799], [92.238063, 24.592574], [92.238176, 24.592454], [92.238337, 24.592372], [92.238431, 24.592322], [92.238452, 24.592217], [92.238326, 24.592162], [92.238163, 24.592138], [92.238057, 24.591904], [92.237973, 24.591488], [92.23794, 24.591367], [92.23797, 24.591177], [92.237884, 24.590979], [92.237826, 24.590772], [92.237767, 24.590593], [92.237748, 24.59041], [92.237724, 24.59035], [92.237664, 24.590296], [92.237587, 24.590265], [92.237468, 24.590283], [92.237311, 24.590304], [92.237154, 24.590276], [92.237086, 24.590232], [92.236953, 24.590143], [92.236811, 24.589985], [92.236808, 24.589672], [92.23685, 24.589467], [92.236931, 24.589337], [92.237068, 24.589168], [92.237062, 24.588905], [92.236942, 24.588499], [92.236953, 24.588277], [92.23684, 24.587846], [92.236773, 24.58755], [92.236678, 24.587292], [92.236678, 24.587123], [92.236725, 24.587033], [92.236758, 24.586893], [92.236654, 24.586673], [92.236466, 24.586412], [92.236406, 24.586332], [92.236324, 24.58616], [92.236363, 24.585837], [92.236388, 24.585772], [92.236446, 24.585695], [92.236457, 24.585601], [92.23641, 24.585354], [92.236386, 24.58529], [92.236347, 24.585233], [92.236272, 24.585204], [92.23616, 24.585161], [92.236024, 24.585111], [92.23594, 24.585015], [92.236036, 24.584885], [92.236132, 24.584749], [92.236143, 24.584667], [92.236117, 24.584573], [92.236069, 24.584526], [92.235975, 24.584471], [92.235963, 24.584393], [92.236049, 24.584242], [92.236168, 24.58416], [92.236233, 24.584057], [92.236235, 24.583933], [92.236128, 24.583789], [92.236014, 24.583667], [92.235837, 24.583326], [92.235782, 24.58315], [92.23579, 24.583], [92.235872, 24.582929], [92.235986, 24.582849], [92.236032, 24.58279], [92.236012, 24.582729], [92.235971, 24.582665], [92.235873, 24.582599], [92.235786, 24.582498], [92.23579, 24.582403], [92.235857, 24.58235], [92.235932, 24.582295], [92.235958, 24.58224], [92.235944, 24.582185], [92.235888, 24.582156], [92.235767, 24.582071], [92.23568, 24.581766], [92.235607, 24.581648], [92.235539, 24.581587], [92.235403, 24.581479], [92.235283, 24.581304], [92.23527, 24.581072], [92.235302, 24.580921], [92.235378, 24.580741], [92.235534, 24.580485], [92.235597, 24.580401], [92.23558, 24.580324], [92.235476, 24.580138], [92.235441, 24.579822], [92.235395, 24.579504], [92.235322, 24.579222], [92.235333, 24.578926], [92.235266, 24.578613], [92.235188, 24.578349], [92.235195, 24.578201], [92.23524, 24.578106], [92.235278, 24.578001], [92.235247, 24.577853], [92.235234, 24.577412], [92.235255, 24.577269], [92.235314, 24.577173], [92.235445, 24.577083], [92.235546, 24.576856], [92.235451, 24.576645], [92.235411, 24.576461], [92.235501, 24.576012], [92.235542, 24.575763], [92.23559, 24.575502], [92.235627, 24.575409], [92.235715, 24.575256], [92.235817, 24.575143], [92.235824, 24.574998], [92.235821, 24.57485], [92.235745, 24.574787], [92.235596, 24.574752], [92.235423, 24.574719], [92.235286, 24.574621], [92.235238, 24.574428], [92.235148, 24.57428], [92.234912, 24.574139], [92.234678, 24.574034], [92.234477, 24.573858], [92.234402, 24.573745], [92.234354, 24.573466], [92.234402, 24.573287], [92.234483, 24.573221], [92.234578, 24.573185], [92.234621, 24.573123], [92.234668, 24.572819], [92.234709, 24.572653], [92.234838, 24.572529], [92.234927, 24.572455], [92.234973, 24.57238], [92.234988, 24.572274], [92.234968, 24.57222], [92.234897, 24.57215], [92.23476, 24.57208], [92.234481, 24.571902], [92.234253, 24.571507], [92.23413, 24.571231], [92.234114, 24.570797], [92.234017, 24.570089], [92.233829, 24.56936], [92.23361, 24.568743], [92.233373, 24.567945], [92.233323, 24.567682], [92.233355, 24.567516], [92.23351, 24.567321], [92.23358, 24.567147], [92.233722, 24.566696], [92.233706, 24.566488], [92.233679, 24.566085], [92.233612, 24.565761], [92.23365, 24.565631], [92.233674, 24.565391], [92.233587, 24.565112], [92.233563, 24.565024], [92.233487, 24.564879], [92.233245, 24.564574], [92.233163, 24.564435], [92.233031, 24.564252], [92.23295, 24.564108], [92.232936, 24.563943], [92.232934, 24.563789], [92.232879, 24.563674], [92.232861, 24.563468], [92.232861, 24.563365], [92.232884, 24.563293], [92.232932, 24.563221], [92.233021, 24.563112], [92.233112, 24.563021], [92.233223, 24.562965], [92.233383, 24.562921], [92.233699, 24.562652], [92.233757, 24.562595], [92.233765, 24.562539], [92.233761, 24.562469], [92.233723, 24.562416], [92.233622, 24.562366], [92.23356, 24.562317], [92.233522, 24.562142], [92.233486, 24.562078], [92.233418, 24.561999], [92.233368, 24.561964], [92.233337, 24.561857], [92.233318, 24.561783], [92.233297, 24.561722], [92.233265, 24.561648], [92.233292, 24.561517], [92.233282, 24.561455], [92.23326, 24.56138], [92.233222, 24.561344], [92.233154, 24.561302], [92.233132, 24.561244], [92.233152, 24.561166], [92.233223, 24.561024], [92.233242, 24.560866], [92.233209, 24.560786], [92.233241, 24.560729], [92.233276, 24.560699], [92.233335, 24.560667], [92.233445, 24.560634], [92.233572, 24.560612], [92.233709, 24.560567], [92.233781, 24.560483], [92.233791, 24.560172], [92.233799, 24.560009], [92.233722, 24.559784], [92.23364, 24.559296], [92.233851, 24.559022], [92.233969, 24.558878], [92.234075, 24.558688], [92.234225, 24.55839], [92.234284, 24.558249], [92.234352, 24.557882], [92.234418, 24.557627], [92.234554, 24.557289], [92.234633, 24.557192], [92.234677, 24.557091], [92.234658, 24.556916], [92.234575, 24.556723], [92.234493, 24.5566], [92.234473, 24.556514], [92.234516, 24.556383], [92.234597, 24.556112], [92.23465, 24.555772], [92.234637, 24.555541], [92.234538, 24.555184], [92.234417, 24.554859], [92.234342, 24.55475], [92.234276, 24.554565], [92.234268, 24.554367], [92.234295, 24.554158], [92.234276, 24.55395], [92.234251, 24.553811], [92.23426, 24.553574], [92.234275, 24.553306], [92.234212, 24.553165], [92.233988, 24.552914], [92.233722, 24.552604], [92.233414, 24.55225], [92.23332, 24.552147], [92.233296, 24.552089], [92.233357, 24.551922], [92.233435, 24.551695], [92.233475, 24.551354], [92.233379, 24.55079], [92.233328, 24.55037], [92.233406, 24.550102], [92.23336, 24.549758], [92.233186, 24.549499], [92.233073, 24.549397], [92.233006, 24.549204], [92.233001, 24.548885], [92.233033, 24.548528], [92.23303, 24.548304], [92.23299, 24.548063], [92.232848, 24.547823], [92.232617, 24.547592], [92.23251, 24.547316], [92.232338, 24.547135], [92.232255, 24.546991], [92.232451, 24.546394], [92.232545, 24.546208], [92.232732, 24.546028], [92.232818, 24.545742], [92.232864, 24.545467], [92.232767, 24.545174], [92.232856, 24.54501], [92.232907, 24.544776], [92.232794, 24.544047], [92.232869, 24.543905], [92.233054, 24.543798], [92.233253, 24.543727], [92.233309, 24.543566], [92.233293, 24.543051], [92.233446, 24.542583], [92.233207, 24.542573], [92.23292, 24.542578], [92.232797, 24.542519], [92.232537, 24.541919], [92.232429, 24.541824], [92.232319, 24.541677], [92.232266, 24.541426], [92.232354, 24.541211], [92.232624, 24.54096], [92.232876, 24.54083], [92.233017, 24.540753], [92.233044, 24.540683], [92.2329, 24.540567], [92.232754, 24.540343], [92.232674, 24.540131], [92.232739, 24.539812], [92.232794, 24.539661], [92.232904, 24.539616], [92.233058, 24.539561], [92.23318, 24.539502], [92.233223, 24.539438], [92.233127, 24.539327], [92.233127, 24.539247], [92.233164, 24.539137], [92.233152, 24.539051], [92.233101, 24.539011], [92.233046, 24.539018], [92.232977, 24.539065], [92.232872, 24.539128], [92.232681, 24.539168], [92.232562, 24.539135], [92.232428, 24.539025], [92.232071, 24.538845], [92.231929, 24.538702], [92.231885, 24.538525], [92.231877, 24.538336], [92.231913, 24.538148], [92.232116, 24.537925], [92.23245, 24.537752], [92.232656, 24.537654], [92.232828, 24.537429], [92.232971, 24.537172], [92.232956, 24.537049], [92.232716, 24.536663], [92.232244, 24.535944], [92.232285, 24.535643], [92.232321, 24.535401], [92.232834, 24.53507], [92.232781, 24.53467], [92.232674, 24.534389], [92.23258, 24.533909], [92.232547, 24.533474], [92.232569, 24.532103], [92.232553, 24.531649], [92.232598, 24.531242], [92.2327, 24.530632], [92.232577, 24.530468], [92.23247, 24.530283], [92.232526, 24.530056], [92.232488, 24.529658], [92.232389, 24.529504], [92.23204, 24.529436], [92.231737, 24.52939], [92.231453, 24.529231], [92.23075, 24.52866], [92.230547, 24.528431], [92.230115, 24.527716], [92.229385, 24.526254], [92.22883, 24.525119], [92.227923, 24.523187], [92.22743, 24.522188], [92.22703, 24.5216], [92.226805, 24.521105], [92.226306, 24.519775], [92.226132, 24.51915], [92.225791, 24.518347], [92.224927, 24.516751], [92.224632, 24.516383], [92.224214, 24.516175], [92.222889, 24.515892], [92.222583, 24.515726], [92.22169, 24.514536], [92.221561, 24.514396], [92.221467, 24.514231], [92.221432, 24.514082], [92.22136, 24.513899], [92.221304, 24.513725], [92.221304, 24.513572], [92.221464, 24.513159], [92.221446, 24.513049], [92.22143, 24.51293], [92.221357, 24.512844], [92.221199, 24.512798], [92.220992, 24.512781], [92.220705, 24.512813], [92.220303, 24.512881], [92.220048, 24.512654], [92.219431, 24.512076], [92.21941, 24.51189], [92.219442, 24.511666], [92.219085, 24.510782], [92.218817, 24.51036], [92.218747, 24.510128], [92.218702, 24.509743], [92.218651, 24.509545], [92.218396, 24.509125], [92.218238, 24.508786], [92.218086, 24.507967], [92.2175, 24.507485], [92.216921, 24.506528], [92.215837, 24.504888], [92.215483, 24.504605], [92.214593, 24.502975], [92.230725, 24.499642], [92.231171, 24.504102], [92.239199, 24.48983], [92.230279, 24.480018], [92.231171, 24.460393], [92.249907, 24.443367], [92.250086, 24.443101], [92.250405, 24.44273], [92.250832, 24.442474], [92.251382, 24.442388], [92.251693, 24.442242], [92.252077, 24.442171], [92.252374, 24.442076], [92.252594, 24.442266], [92.252744, 24.442369], [92.253042, 24.442289], [92.25331, 24.44221], [92.253394, 24.441939], [92.253147, 24.441643], [92.253021, 24.44127], [92.253241, 24.440789], [92.253584, 24.440608], [92.25383, 24.440386], [92.254284, 24.440361], [92.255137, 24.440427], [92.255451, 24.4404], [92.256231, 24.440405], [92.256795, 24.440352], [92.25747, 24.440112], [92.258211, 24.439785], [92.259332, 24.439394], [92.259455, 24.439082], [92.259396, 24.438427], [92.259179, 24.438038], [92.25931, 24.437138], [92.259525, 24.435927], [92.259235, 24.434843], [92.259493, 24.4341], [92.259268, 24.433543], [92.259064, 24.433036], [92.258667, 24.432664], [92.257497, 24.432508], [92.257132, 24.432293], [92.256972, 24.431776], [92.257149, 24.430706], [92.256854, 24.430213], [92.256596, 24.429788], [92.256757, 24.428581], [92.256521, 24.427116], [92.256027, 24.426305], [92.256124, 24.425739], [92.25666, 24.424889], [92.256038, 24.424215], [92.255598, 24.423052], [92.255255, 24.422642], [92.254407, 24.422232], [92.254493, 24.420972], [92.254686, 24.42019], [92.255824, 24.419526], [92.256448, 24.4191], [92.256596, 24.418163], [92.256913, 24.417743], [92.258543, 24.416307], [92.259015, 24.415462], [92.25982, 24.414631], [92.260646, 24.414084], [92.261505, 24.413664], [92.261993, 24.413244], [92.26239, 24.412633], [92.26291, 24.41153], [92.263414, 24.411139], [92.263554, 24.41065], [92.263666, 24.410049], [92.263634, 24.4094], [92.263393, 24.409287], [92.262953, 24.409209], [92.262148, 24.409263], [92.262014, 24.409141], [92.261946, 24.409007], [92.261832, 24.408594], [92.261928, 24.40831], [92.262325, 24.4079], [92.262666, 24.407124], [92.262765, 24.406425], [92.262475, 24.403738], [92.262497, 24.40239], [92.262701, 24.402087], [92.263398, 24.401657], [92.263505, 24.401227], [92.263366, 24.400689], [92.263838, 24.400035], [92.264031, 24.399341], [92.264696, 24.399038], [92.26548, 24.398941], [92.266864, 24.398774], [92.26808, 24.398861], [92.269009, 24.398745], [92.269986, 24.397846], [92.27094, 24.39641], [92.270919, 24.396107], [92.270822, 24.395794], [92.269986, 24.395022], [92.269363, 24.394065], [92.269203, 24.393567], [92.26916, 24.392951], [92.269331, 24.392599], [92.26946, 24.392521], [92.270597, 24.392834], [92.271112, 24.392883], [92.271531, 24.392795], [92.272196, 24.392326], [92.273204, 24.390674], [92.274104, 24.388898], [92.274127, 24.388065], [92.273805, 24.38744], [92.272711, 24.386306], [92.271531, 24.384919], [92.270308, 24.384821], [92.269042, 24.38443], [92.26872, 24.383981], [92.268827, 24.38275], [92.268977, 24.382398], [92.269728, 24.382593], [92.270522, 24.382867], [92.270973, 24.382593], [92.271338, 24.382066], [92.270951, 24.381108], [92.27078, 24.380522], [92.27123, 24.380131], [92.272239, 24.37974], [92.272936, 24.3793], [92.272993, 24.378809], [92.272324, 24.37845], [92.269063, 24.37843], [92.268312, 24.378274], [92.268033, 24.377727], [92.267904, 24.376437], [92.268398, 24.375166], [92.268848, 24.374678], [92.268569, 24.373388], [92.268677, 24.372156], [92.268827, 24.371394], [92.268398, 24.370476], [92.268055, 24.369322], [92.268226, 24.367876], [92.266724, 24.367329], [92.266032, 24.366403], [92.264128, 24.361386], [92.263012, 24.35906], [92.25548, 24.343265], [92.250329, 24.331394], [92.248506, 24.327194], [92.241382, 24.309556], [92.216738, 24.248973]]], "type": "Polygon"}, "id": "karimganj-patharkandi", "properties": {"district": "Sribhumi", "grade": "zonal", "locality_id": "karimganj-patharkandi", "osm_id": "relation/10053714", "revenue_circle": "Patharkandi"}, "type": "Feature"}, {"geometry": {"coordinates": [[[92.422413, 24.254847], [92.369928, 24.254079], [92.370729, 24.267389], [92.372875, 24.275761], [92.372618, 24.289296], [92.372446, 24.29399], [92.37236, 24.301734], [92.368069, 24.305567], [92.363434, 24.30721], [92.36249, 24.310573], [92.361631, 24.313858], [92.361546, 24.319647], [92.364721, 24.319568], [92.369013, 24.318864], [92.373304, 24.31949], [92.37545, 24.321758], [92.376308, 24.326686], [92.376137, 24.332082], [92.372875, 24.336383], [92.372188, 24.339981], [92.37133, 24.349755], [92.374935, 24.365472], [92.376051, 24.371414], [92.376652, 24.378606], [92.377167, 24.383922], [92.378626, 24.388769], [92.381887, 24.397446], [92.387466, 24.41003], [92.391157, 24.419174], [92.390642, 24.42652], [92.388067, 24.438086], [92.387895, 24.452697], [92.390385, 24.472385], [92.392444, 24.496912], [92.392616, 24.500739], [92.389698, 24.505972], [92.385406, 24.511283], [92.3806, 24.517139], [92.373648, 24.521903], [92.371073, 24.524636], [92.3806, 24.546889], [92.381029, 24.551495], [92.382917, 24.557429], [92.38369, 24.564142], [92.386951, 24.571948], [92.385063, 24.588105], [92.385921, 24.595129], [92.387552, 24.600514], [92.390556, 24.604806], [92.39356, 24.609332], [92.394333, 24.616355], [92.394762, 24.632311], [92.396522, 24.634808], [92.400041, 24.638592], [92.404718, 24.64573], [92.404976, 24.648538], [92.404761, 24.650294], [92.403345, 24.654233], [92.403645, 24.65591], [92.406821, 24.656144], [92.408752, 24.656456], [92.409954, 24.65786], [92.410469, 24.661838], [92.410469, 24.664958], [92.407551, 24.668039], [92.404911, 24.669307], [92.401435, 24.670223], [92.402594, 24.673967], [92.403452, 24.676131], [92.404783, 24.679076], [92.405448, 24.681064], [92.403839, 24.682195], [92.401242, 24.683267], [92.399612, 24.68549], [92.399697, 24.689662], [92.400513, 24.692509], [92.401993, 24.695102], [92.405212, 24.699956], [92.4068, 24.702568], [92.40725, 24.705044], [92.40592, 24.706116], [92.402701, 24.708085], [92.400234, 24.710034], [92.396908, 24.712393], [92.394612, 24.714654], [92.393174, 24.716233], [92.393131, 24.71787], [92.394097, 24.719176], [92.3962, 24.722548], [92.397766, 24.723503], [92.400298, 24.722606], [92.403259, 24.721418], [92.40489, 24.720755], [92.409353, 24.718669], [92.412829, 24.716291], [92.415426, 24.71633], [92.416863, 24.718182], [92.418001, 24.719585], [92.420254, 24.72399], [92.421756, 24.725686], [92.423065, 24.726427], [92.424824, 24.723737], [92.426219, 24.720774], [92.42888, 24.719098], [92.431133, 24.717675], [92.435188, 24.715239], [92.43669, 24.714849], [92.438793, 24.716272], [92.44081, 24.71824], [92.441947, 24.718981], [92.447805, 24.723367], [92.454994, 24.728648], [92.459135, 24.732157], [92.461452, 24.729974], [92.465916, 24.7259], [92.473383, 24.721495], [92.476838, 24.720385], [92.479477, 24.720833], [92.483232, 24.718221], [92.48615, 24.716935], [92.48806, 24.715921], [92.496729, 24.712997], [92.506986, 24.707461], [92.504883, 24.705629], [92.504539, 24.703679], [92.504325, 24.70251], [92.503381, 24.700833], [92.502651, 24.698533], [92.502222, 24.696544], [92.50145, 24.695648], [92.500205, 24.693971], [92.497544, 24.689682], [92.496686, 24.687225], [92.495742, 24.686017], [92.494884, 24.684691], [92.494454, 24.682741], [92.49424, 24.679076], [92.494025, 24.677048], [92.493296, 24.674981], [92.493296, 24.673109], [92.493896, 24.672056], [92.494798, 24.671354], [92.496772, 24.67112], [92.499089, 24.669755], [92.501836, 24.66605], [92.504625, 24.664295], [92.505698, 24.663437], [92.505784, 24.661643], [92.505097, 24.660512], [92.504196, 24.658874], [92.50248, 24.656378], [92.502866, 24.654428], [92.503595, 24.652751], [92.504582, 24.651737], [92.505054, 24.650528], [92.505011, 24.649358], [92.504539, 24.648304], [92.503638, 24.644404], [92.504883, 24.641829], [92.505011, 24.639489], [92.505655, 24.638202], [92.505999, 24.635822], [92.504411, 24.635003], [92.502651, 24.632311], [92.502265, 24.630361], [92.502866, 24.628527], [92.505226, 24.6288], [92.506685, 24.628839], [92.506797, 24.626496], [92.506943, 24.623456], [92.5072, 24.620023], [92.507071, 24.616589], [92.506642, 24.614014], [92.508187, 24.608669], [92.508831, 24.606172], [92.509046, 24.603596], [92.508273, 24.601685], [92.506599, 24.601646], [92.50587, 24.60305], [92.504969, 24.60465], [92.503939, 24.604572], [92.502694, 24.602387], [92.502265, 24.599148], [92.504239, 24.596768], [92.504969, 24.594739], [92.504711, 24.592398], [92.504368, 24.589939], [92.504454, 24.588027], [92.506642, 24.586973], [92.50823, 24.586154], [92.509089, 24.584007], [92.509089, 24.582095], [92.509217, 24.580768], [92.511706, 24.580495], [92.514281, 24.578193], [92.515526, 24.576163], [92.516127, 24.574875], [92.51647, 24.572338], [92.515783, 24.570738], [92.515225, 24.568435], [92.514925, 24.566484], [92.51411, 24.562932], [92.515697, 24.561332], [92.517543, 24.560083], [92.517371, 24.55856], [92.515697, 24.557116], [92.514539, 24.555945], [92.513981, 24.553486], [92.512951, 24.550519], [92.512178, 24.548685], [92.51102, 24.546343], [92.509904, 24.542907], [92.51029, 24.538886], [92.509861, 24.536934], [92.507973, 24.536622], [92.506299, 24.535529], [92.506256, 24.533499], [92.507243, 24.531312], [92.508616, 24.528111], [92.509732, 24.525924], [92.510118, 24.523777], [92.509646, 24.521591], [92.508573, 24.520068], [92.507844, 24.519014], [92.506943, 24.516046], [92.508016, 24.504761], [92.508541, 24.49986], [92.508659, 24.497927], [92.508488, 24.49701], [92.506771, 24.495174], [92.506599, 24.494256], [92.506417, 24.491689], [92.506299, 24.489843], [92.506664, 24.488174], [92.50735, 24.486602], [92.508477, 24.485352], [92.509582, 24.484415], [92.510204, 24.483653], [92.510161, 24.482354], [92.509818, 24.480499], [92.50882, 24.477218], [92.508059, 24.47551], [92.507039, 24.473762], [92.506728, 24.472385], [92.507071, 24.47049], [92.507619, 24.468645], [92.507544, 24.467326], [92.507254, 24.466301], [92.506857, 24.465051], [92.506664, 24.463576], [92.506481, 24.462883], [92.506508, 24.462556], [92.507152, 24.461848], [92.508005, 24.461281], [92.508118, 24.460935], [92.508037, 24.460178], [92.507769, 24.459558], [92.506905, 24.458523], [92.506127, 24.457653], [92.50551, 24.457038], [92.505661, 24.456653], [92.506889, 24.456149], [92.507525, 24.455796], [92.508375, 24.455749], [92.508793, 24.455441], [92.508799, 24.454787], [92.508289, 24.453771], [92.507667, 24.453005], [92.506342, 24.451525], [92.505907, 24.451144], [92.505891, 24.450632], [92.506133, 24.450114], [92.506261, 24.449274], [92.506331, 24.44587], [92.506063, 24.444864], [92.506546, 24.443604], [92.50646, 24.442618], [92.505655, 24.441055], [92.50646, 24.439658], [92.50646, 24.436161], [92.505591, 24.432801], [92.504829, 24.431951], [92.503939, 24.431463], [92.503037, 24.431014], [92.502909, 24.430887], [92.50278, 24.42947], [92.502823, 24.427614], [92.502726, 24.425592], [92.502801, 24.424459], [92.502673, 24.423306], [92.502265, 24.421509], [92.502437, 24.4189], [92.5019, 24.417777], [92.50131, 24.416634], [92.500613, 24.41513], [92.500849, 24.413957], [92.501621, 24.411671], [92.50175, 24.410665], [92.501117, 24.40873], [92.500935, 24.406434], [92.500033, 24.404559], [92.497941, 24.402732], [92.49792, 24.401188], [92.497383, 24.399722], [92.496922, 24.398569], [92.496643, 24.397729], [92.496386, 24.395921], [92.495141, 24.394749], [92.494111, 24.393899], [92.493585, 24.392717], [92.493811, 24.39088], [92.494916, 24.388818], [92.495055, 24.387479], [92.495538, 24.385544], [92.49527, 24.384626], [92.49468, 24.38231], [92.493338, 24.379193], [92.492899, 24.377922], [92.492673, 24.376007], [92.492266, 24.375], [92.491118, 24.373505], [92.490485, 24.371248], [92.491536, 24.36986], [92.491493, 24.369049], [92.491032, 24.368394], [92.49012, 24.367358], [92.49012, 24.366566], [92.490227, 24.365843], [92.489787, 24.365345], [92.488951, 24.364602], [92.488757, 24.363654], [92.488253, 24.36252], [92.48497, 24.357682], [92.482996, 24.35257], [92.482481, 24.349013], [92.481494, 24.342913], [92.479777, 24.338612], [92.478662, 24.330713], [92.473941, 24.321797], [92.46892, 24.311082], [92.466988, 24.305411], [92.464886, 24.301499], [92.460723, 24.295241], [92.452998, 24.2882], [92.451196, 24.286675], [92.451067, 24.283545], [92.447977, 24.277912], [92.445702, 24.275409], [92.4439, 24.274], [92.442183, 24.273179], [92.44081, 24.271653], [92.438364, 24.265472], [92.434845, 24.259564], [92.432785, 24.254399], [92.430725, 24.253421], [92.42845, 24.253656], [92.426906, 24.253695], [92.424631, 24.254047], [92.423923, 24.254849], [92.422413, 24.254847]]], "type": "Polygon"}, "id": "karimganj-ramkrishna-nagar", "properties": {"district": "Sribhumi", "grade": "zonal", "locality_id": "karimganj-ramkrishna-nagar", "osm_id": "relation/10053713", "revenue_circle": "Ramkrishna Nagar"}, "type": "Feature"}, {"geometry": {"coordinates": [[[90.051327, 26.156112], [90.050254, 26.1554], [90.045426, 26.153839], [90.041542, 26.152799], [90.038967, 26.151008], [90.0368, 26.149236], [90.033646, 26.146616], [90.030406, 26.142244], [90.027273, 26.13922], [90.026414, 26.136869], [90.026329, 26.134635], [90.02547, 26.132381], [90.024612, 26.130686], [90.02414, 26.128181], [90.023024, 26.128008], [90.017359, 26.127584], [90.008197, 26.127931], [90.003326, 26.12768], [90.00015, 26.126332], [89.998992, 26.125831], [89.998069, 26.126004], [89.99794, 26.127507], [89.998305, 26.128624], [89.998133, 26.129877], [89.997017, 26.130994], [89.995193, 26.132631], [89.994078, 26.133306], [89.987061, 26.134269], [89.984915, 26.134423], [89.982684, 26.134654], [89.981224, 26.134577], [89.97968, 26.135849], [89.9791, 26.136465], [89.978006, 26.13581], [89.977233, 26.134596], [89.976611, 26.132863], [89.975967, 26.131379], [89.974401, 26.130185], [89.973478, 26.129742], [89.969852, 26.129183], [89.967256, 26.128701], [89.96393, 26.128027], [89.961827, 26.128104], [89.959016, 26.128528], [89.957042, 26.129279], [89.953201, 26.1298], [89.950304, 26.129588], [89.947021, 26.129144], [89.944725, 26.129511], [89.941828, 26.130628], [89.939854, 26.131938], [89.936807, 26.133383], [89.936035, 26.133325], [89.937022, 26.131225], [89.937451, 26.129722], [89.932194, 26.129626], [89.930563, 26.129434], [89.927988, 26.129665], [89.925327, 26.131244], [89.925113, 26.13344], [89.924297, 26.134943], [89.923396, 26.136947], [89.922109, 26.140144], [89.920692, 26.142802], [89.91889, 26.144806], [89.915929, 26.146847], [89.913268, 26.14912], [89.912667, 26.151933], [89.911938, 26.171308], [89.912882, 26.172656], [89.914255, 26.173696], [89.915414, 26.174851], [89.916487, 26.177008], [89.915371, 26.178741], [89.91404, 26.179781], [89.912066, 26.180551], [89.910779, 26.180782], [89.909019, 26.180705], [89.907174, 26.181321], [89.906874, 26.182746], [89.905758, 26.185519], [89.904771, 26.186751], [89.902539, 26.188176], [89.901767, 26.188484], [89.901123, 26.189563], [89.90181, 26.19145], [89.902883, 26.192874], [89.903913, 26.1948], [89.903998, 26.199536], [89.904599, 26.201885], [89.904985, 26.202925], [89.906917, 26.204272], [89.908419, 26.203887], [89.910006, 26.201885], [89.911723, 26.201538], [89.913483, 26.202116], [89.9158, 26.203695], [89.916916, 26.205697], [89.917431, 26.208854], [89.920843, 26.211434], [89.927473, 26.215631], [89.934811, 26.218326], [89.937, 26.219288], [89.940476, 26.219866], [89.942922, 26.220482], [89.945283, 26.221983], [89.948544, 26.223908], [89.952106, 26.223831], [89.955411, 26.223446], [89.959874, 26.223716], [89.963908, 26.224062], [89.968114, 26.225178], [89.970689, 26.225486], [89.974165, 26.225987], [89.976096, 26.225409], [89.982104, 26.224678], [89.98558, 26.224947], [89.988585, 26.226295], [89.98948, 26.227595], [89.990601, 26.229221], [89.99583, 26.232635], [90.000386, 26.235611], [90.005107, 26.237112], [90.010901, 26.23692], [90.015707, 26.23538], [90.017252, 26.233532], [90.017853, 26.230645], [90.017037, 26.22718], [90.016179, 26.224755], [90.015063, 26.221791], [90.013862, 26.219904], [90.013132, 26.217864], [90.013132, 26.214322], [90.015364, 26.212281], [90.021544, 26.211588], [90.025792, 26.211203], [90.030856, 26.210279], [90.034976, 26.209624], [90.040898, 26.207391], [90.043387, 26.205004], [90.042872, 26.203271], [90.041113, 26.201461], [90.04034, 26.199767], [90.039954, 26.197842], [90.038967, 26.19634], [90.036693, 26.194569], [90.033302, 26.191526], [90.033302, 26.188215], [90.032573, 26.186212], [90.030856, 26.184672], [90.030255, 26.182246], [90.031199, 26.180127], [90.03253, 26.177585], [90.033517, 26.175159], [90.039697, 26.173657], [90.042872, 26.171885], [90.047679, 26.167456], [90.048752, 26.164875], [90.049224, 26.163335], [90.050082, 26.161601], [90.052541, 26.159934], [90.051734, 26.157865], [90.051327, 26.156112]]], "type": "Polygon"}, "id": "kokrajhar-dhubri-pt", "properties": {"district": "Kokrajhar", "grade": "zonal", "locality_id": "kokrajhar-dhubri-pt", "osm_id": "relation/10041097", "revenue_circle": "Dhubri (Pt)"}, "type": "Feature"}, {"geometry": {"coordinates": [[[89.931121, 26.341038], [89.930692, 26.336615], [89.930091, 26.333115], [89.929361, 26.330961], [89.928503, 26.328691], [89.927816, 26.326845], [89.927301, 26.324422], [89.927859, 26.31996], [89.92876, 26.31846], [89.927473, 26.316844], [89.926357, 26.315652], [89.929404, 26.312843], [89.929686, 26.31242], [89.930992, 26.310497], [89.930048, 26.308727], [89.928718, 26.307304], [89.92773, 26.305996], [89.925327, 26.304111], [89.92507, 26.303418], [89.924684, 26.297532], [89.920821, 26.29757], [89.918289, 26.298648], [89.914212, 26.298571], [89.909964, 26.298224], [89.905286, 26.297955], [89.904857, 26.29607], [89.905114, 26.295108], [89.908376, 26.294146], [89.910478, 26.293915], [89.913011, 26.293684], [89.915028, 26.292838], [89.916057, 26.291414], [89.916272, 26.289568], [89.915371, 26.287759], [89.914856, 26.285989], [89.915199, 26.284296], [89.916444, 26.283103], [89.918418, 26.281795], [89.920564, 26.280294], [89.921937, 26.279024], [89.923353, 26.277985], [89.924426, 26.277139], [89.927173, 26.276523], [89.928374, 26.275638], [89.927816, 26.27433], [89.926443, 26.273445], [89.924297, 26.273098], [89.920177, 26.270905], [89.919748, 26.269173], [89.920049, 26.267441], [89.920821, 26.266749], [89.921808, 26.26544], [89.921036, 26.262823], [89.920092, 26.261053], [89.919405, 26.258628], [89.919577, 26.256165], [89.919577, 26.253625], [89.918289, 26.251393], [89.915671, 26.248929], [89.913011, 26.247005], [89.90756, 26.2415], [89.906616, 26.238652], [89.906487, 26.236381], [89.907217, 26.23411], [89.908333, 26.232685], [89.910865, 26.230568], [89.911508, 26.228181], [89.913397, 26.223869], [89.914298, 26.221059], [89.91271, 26.216863], [89.912453, 26.214283], [89.912581, 26.211472], [89.912538, 26.209894], [89.913568, 26.208623], [89.917431, 26.208854], [89.916916, 26.205697], [89.9158, 26.203695], [89.913483, 26.202116], [89.911723, 26.201538], [89.910006, 26.201885], [89.908419, 26.203887], [89.906917, 26.204272], [89.904985, 26.202925], [89.904599, 26.201885], [89.903998, 26.199536], [89.903913, 26.1948], [89.902883, 26.192874], [89.90181, 26.19145], [89.901123, 26.189563], [89.901767, 26.188484], [89.902539, 26.188176], [89.904771, 26.186751], [89.905758, 26.185519], [89.906874, 26.182746], [89.907174, 26.181321], [89.909019, 26.180705], [89.910779, 26.180782], [89.912066, 26.180551], [89.91404, 26.179781], [89.915371, 26.178741], [89.916487, 26.177008], [89.915414, 26.174851], [89.914255, 26.173696], [89.912882, 26.172656], [89.911938, 26.171308], [89.912667, 26.151933], [89.913268, 26.14912], [89.915929, 26.146847], [89.91889, 26.144806], [89.920692, 26.142802], [89.922109, 26.140144], [89.923396, 26.136947], [89.924297, 26.134943], [89.925113, 26.13344], [89.925327, 26.131244], [89.927988, 26.129665], [89.930563, 26.129434], [89.932194, 26.129626], [89.937451, 26.129722], [89.937, 26.127449], [89.936421, 26.125754], [89.935198, 26.120261], [89.933953, 26.118452], [89.932022, 26.117373], [89.929447, 26.116371], [89.926658, 26.115755], [89.922752, 26.115138], [89.919963, 26.114753], [89.915156, 26.113944], [89.910607, 26.113443], [89.908075, 26.113867], [89.905286, 26.114791], [89.902668, 26.117142], [89.901209, 26.118144], [89.900823, 26.119762], [89.902539, 26.120533], [89.904299, 26.119993], [89.906359, 26.118529], [89.907861, 26.11718], [89.909234, 26.11614], [89.910607, 26.115562], [89.912796, 26.115524], [89.91374, 26.115524], [89.913998, 26.120032], [89.912453, 26.122883], [89.909964, 26.125735], [89.908247, 26.129395], [89.908161, 26.131398], [89.907174, 26.133055], [89.903569, 26.134018], [89.900565, 26.134018], [89.89593, 26.133826], [89.892068, 26.133749], [89.889235, 26.134635], [89.885759, 26.135559], [89.883571, 26.135675], [89.881253, 26.135906], [89.879451, 26.1366], [89.879451, 26.139027], [89.878721, 26.140298], [89.877434, 26.141608], [89.875374, 26.143072], [89.872928, 26.144074], [89.870911, 26.144652], [89.869108, 26.146077], [89.866748, 26.149621], [89.866061, 26.154706], [89.867692, 26.160369], [89.868636, 26.164529], [89.869237, 26.16788], [89.869666, 26.173349], [89.868894, 26.176623], [89.868078, 26.179434], [89.867821, 26.181013], [89.868765, 26.182207], [89.870868, 26.18394], [89.872413, 26.185943], [89.873185, 26.187406], [89.873185, 26.188831], [89.872595, 26.190304], [89.871951, 26.191141], [89.87105, 26.192037], [89.869795, 26.192085], [89.868593, 26.191719], [89.868207, 26.191257], [89.86737, 26.18962], [89.866641, 26.187984], [89.865868, 26.186963], [89.864087, 26.186058], [89.862521, 26.1855], [89.86104, 26.186231], [89.859838, 26.186963], [89.858701, 26.187772], [89.857607, 26.188966], [89.8575, 26.189909], [89.857736, 26.19118], [89.858401, 26.192836], [89.859324, 26.194415], [89.860375, 26.194934], [89.862113, 26.195185], [89.864066, 26.195454], [89.866555, 26.19661], [89.870481, 26.20021], [89.871662, 26.202289], [89.871211, 26.203579], [89.870267, 26.205427], [89.866533, 26.209759], [89.862714, 26.213186], [89.859302, 26.21692], [89.857414, 26.219904], [89.8581, 26.222233], [89.859388, 26.223908], [89.860697, 26.225313], [89.862092, 26.225987], [89.863894, 26.226776], [89.866812, 26.230414], [89.867606, 26.232069], [89.868336, 26.233417], [89.867971, 26.234918], [89.867198, 26.236246], [89.865482, 26.237054], [89.862413, 26.238382], [89.860203, 26.238825], [89.857457, 26.238229], [89.858058, 26.240172], [89.860289, 26.241212], [89.862049, 26.240731], [89.863036, 26.240307], [89.863937, 26.240172], [89.865525, 26.241135], [89.866598, 26.244099], [89.868057, 26.245792], [89.871662, 26.248737], [89.868872, 26.251604], [89.866748, 26.253278], [89.86501, 26.255684], [89.864388, 26.257935], [89.86443, 26.259417], [89.867778, 26.259071], [89.868014, 26.261495], [89.867907, 26.263689], [89.867155, 26.265113], [89.866683, 26.267018], [89.867306, 26.274234], [89.868121, 26.276369], [89.86913, 26.278024], [89.870181, 26.279005], [89.872219, 26.280275], [89.872992, 26.280948], [89.873872, 26.284296], [89.874752, 26.286816], [89.875503, 26.287547], [89.876704, 26.288105], [89.877562, 26.289163], [89.878099, 26.291126], [89.880159, 26.295185], [89.881382, 26.296936], [89.881897, 26.298128], [89.881489, 26.303649], [89.881146, 26.305534], [89.88018, 26.306631], [89.879365, 26.307785], [89.879816, 26.3084], [89.881489, 26.309323], [89.882498, 26.310285], [89.884579, 26.311632], [89.884901, 26.312343], [89.885094, 26.314074], [89.885352, 26.315017], [89.886489, 26.314901], [89.887369, 26.31392], [89.887626, 26.31342], [89.888806, 26.313497], [89.890308, 26.314055], [89.891059, 26.315286], [89.891574, 26.316959], [89.89121, 26.318941], [89.892325, 26.321248], [89.893699, 26.322864], [89.896982, 26.325441], [89.899428, 26.32623], [89.902325, 26.326749], [89.903569, 26.327403], [89.904149, 26.328499], [89.904204, 26.329021], [89.904363, 26.330518], [89.906874, 26.332884], [89.907303, 26.334576], [89.90653, 26.336499], [89.908247, 26.337653], [89.908633, 26.339422], [89.908419, 26.340538], [89.908676, 26.342691], [89.91065, 26.342384], [89.912367, 26.341422], [89.914083, 26.340576], [89.915242, 26.340499], [89.918332, 26.340384], [89.919405, 26.339461], [89.919963, 26.338961], [89.921079, 26.339653], [89.922667, 26.340845], [89.924126, 26.341807], [89.925413, 26.342691], [89.927859, 26.343037], [89.92979, 26.342422], [89.931121, 26.341038]]], "type": "Polygon"}, "id": "kokrajhar-golokganj-pt", "properties": {"district": "Kokrajhar", "grade": "zonal", "locality_id": "kokrajhar-golokganj-pt", "osm_id": "relation/10041096", "revenue_circle": "Golokganj (Pt)"}, "type": "Feature"}, {"geometry": {"coordinates": [[[89.904363, 26.330518], [89.903505, 26.332288], [89.902775, 26.333403], [89.902947, 26.335095], [89.903054, 26.336384], [89.902818, 26.338192], [89.901316, 26.339211], [89.898913, 26.339922], [89.891081, 26.342115], [89.883785, 26.343961], [89.880009, 26.346576], [89.877863, 26.347422], [89.873486, 26.34896], [89.86958, 26.349152], [89.867778, 26.349421], [89.866962, 26.350191], [89.868207, 26.351575], [89.870009, 26.352921], [89.871469, 26.353613], [89.873314, 26.354382], [89.874258, 26.355497], [89.874816, 26.362534], [89.872799, 26.364226], [89.87031, 26.364149], [89.867907, 26.363265], [89.866276, 26.362803], [89.864087, 26.363688], [89.861426, 26.367572], [89.860182, 26.369417], [89.856963, 26.369456], [89.853873, 26.369071], [89.850655, 26.368879], [89.848509, 26.368994], [89.845505, 26.369763], [89.842715, 26.373339], [89.841385, 26.375723], [89.840784, 26.377761], [89.841921, 26.377703], [89.843023, 26.377814], [89.844085, 26.378406], [89.844365, 26.378663], [89.844175, 26.380355], [89.844335, 26.381425], [89.844931, 26.382675], [89.845026, 26.383596], [89.845812, 26.384526], [89.846453, 26.384932], [89.847054, 26.385252], [89.847681, 26.385176], [89.848578, 26.385032], [89.84996, 26.385325], [89.850289, 26.38531], [89.850313, 26.385309], [89.851484, 26.385253], [89.852401, 26.384861], [89.853543, 26.383904], [89.853651, 26.383767], [89.853724, 26.383675], [89.85414, 26.383146], [89.854496, 26.382162], [89.855848, 26.38274], [89.857512, 26.38307], [89.858138, 26.38339], [89.8589, 26.384027], [89.85898, 26.384397], [89.858138, 26.385223], [89.857135, 26.386816], [89.856614, 26.387497], [89.856374, 26.38821], [89.855882, 26.389284], [89.855421, 26.390873], [89.855882, 26.392434], [89.856167, 26.393648], [89.856343, 26.394257], [89.856768, 26.394997], [89.857455, 26.395449], [89.857344, 26.39613], [89.856963, 26.396694], [89.856613, 26.397015], [89.855525, 26.397601], [89.854573, 26.3977], [89.853701, 26.399289], [89.85354, 26.399966], [89.853134, 26.400236], [89.852778, 26.400408], [89.852152, 26.400557], [89.85131, 26.402077], [89.851009, 26.40275], [89.849881, 26.403589], [89.849285, 26.403778], [89.848663, 26.404026], [89.847811, 26.404153], [89.847771, 26.403815], [89.847767, 26.403781], [89.847286, 26.399784], [89.847196, 26.398904], [89.84654, 26.397893], [89.844521, 26.395271], [89.843284, 26.393804], [89.841991, 26.392806], [89.84137, 26.392386], [89.840058, 26.391849], [89.837602, 26.390977], [89.83631, 26.390895], [89.835162, 26.390999], [89.834357, 26.391205], [89.834195, 26.391247], [89.834042, 26.391291], [89.832185, 26.391819], [89.830852, 26.392875], [89.830311, 26.393583], [89.830065, 26.394554], [89.829984, 26.395555], [89.83042, 26.396684], [89.829954, 26.397004], [89.830905, 26.399134], [89.832428, 26.400015], [89.832478, 26.400213], [89.832207, 26.401062], [89.832101, 26.401527], [89.832046, 26.402434], [89.832617, 26.403734], [89.832777, 26.404885], [89.833022, 26.405688], [89.833102, 26.406816], [89.832966, 26.407574], [89.832966, 26.408382], [89.833186, 26.409014], [89.834494, 26.410729], [89.835254, 26.41202], [89.840282, 26.411534], [89.84352, 26.411314], [89.845579, 26.411535], [89.845705, 26.411575], [89.846827, 26.411928], [89.847564, 26.412222], [89.848516, 26.412515], [89.849438, 26.412687], [89.850716, 26.412737], [89.851969, 26.412665], [89.853548, 26.412322], [89.854405, 26.411808], [89.854866, 26.411492], [89.856335, 26.411736], [89.857477, 26.41198], [89.857342, 26.412986], [89.857151, 26.4142], [89.856715, 26.414935], [89.855873, 26.41577], [89.855301, 26.415991], [89.854945, 26.416063], [89.854464, 26.416271], [89.853532, 26.417124], [89.851898, 26.41855], [89.851749, 26.418677], [89.851681, 26.418735], [89.850604, 26.41966], [89.849762, 26.420458], [89.849649, 26.420804], [89.849641, 26.420831], [89.849481, 26.42132], [89.849155, 26.422791], [89.850107, 26.42294], [89.851822, 26.42267], [89.852473, 26.423013], [89.8531, 26.423428], [89.853886, 26.423794], [89.854899, 26.424146], [89.855871, 26.424918], [89.856663, 26.426096], [89.857394, 26.427653], [89.85769, 26.428704], [89.85772, 26.429932], [89.857203, 26.430595], [89.856186, 26.431958], [89.855679, 26.432603], [89.856628, 26.43333], [89.857393, 26.433917], [89.85821, 26.434779], [89.858696, 26.435555], [89.859022, 26.436363], [89.858315, 26.437933], [89.85826, 26.438565], [89.858555, 26.439571], [89.859072, 26.440258], [89.859643, 26.440917], [89.861137, 26.442361], [89.861763, 26.442681], [89.862656, 26.44292], [89.863418, 26.444171], [89.864019, 26.445764], [89.864069, 26.446378], [89.864204, 26.446757], [89.865784, 26.4471], [89.868395, 26.449063], [89.870351, 26.450092], [89.871383, 26.450729], [89.872035, 26.451387], [89.872145, 26.452073], [89.871739, 26.453269], [89.871273, 26.454104], [89.870977, 26.454713], [89.87043, 26.456699], [89.870977, 26.458468], [89.871057, 26.458725], [89.871934, 26.460747], [89.872631, 26.462101], [89.872957, 26.462638], [89.87244, 26.464497], [89.871924, 26.465504], [89.87055, 26.467259], [89.868635, 26.468613], [89.866053, 26.468314], [89.865907, 26.468297], [89.865819, 26.468363], [89.864824, 26.469118], [89.864804, 26.470219], [89.864482, 26.472959], [89.864452, 26.473216], [89.864277, 26.474073], [89.863153, 26.475761], [89.862606, 26.477304], [89.862225, 26.478802], [89.861784, 26.480824], [89.861593, 26.48188], [89.861813, 26.48276], [89.862365, 26.48355], [89.862019, 26.483735], [89.8605, 26.48415], [89.856327, 26.485395], [89.85568, 26.486144], [89.85414, 26.48817], [89.853974, 26.491834], [89.854139, 26.49257], [89.854365, 26.493396], [89.855192, 26.494353], [89.856115, 26.495201], [89.85645, 26.495847], [89.856852, 26.497101], [89.858732, 26.499638], [89.858842, 26.499909], [89.857725, 26.499889], [89.857709, 26.500029], [89.857706, 26.500052], [89.857638, 26.500624], [89.857328, 26.500675], [89.856827, 26.500758], [89.856984, 26.501109], [89.856994, 26.501133], [89.856994, 26.501134], [89.856817, 26.501517], [89.856778, 26.501603], [89.856771, 26.501617], [89.856762, 26.501638], [89.85676, 26.50164], [89.856882, 26.50186], [89.856949, 26.501979], [89.857012, 26.502093], [89.857054, 26.50217], [89.857115, 26.502279], [89.857186, 26.502407], [89.857218, 26.502464], [89.857236, 26.502496], [89.857259, 26.502537], [89.857282, 26.502579], [89.85728, 26.502587], [89.857224, 26.50282], [89.857164, 26.50307], [89.857108, 26.503302], [89.857078, 26.503425], [89.857006, 26.503723], [89.856956, 26.503933], [89.856943, 26.504107], [89.856934, 26.504228], [89.856897, 26.504738], [89.856883, 26.504918], [89.856841, 26.505501], [89.856823, 26.505747], [89.856787, 26.506229], [89.856768, 26.506484], [89.856763, 26.506565], [89.85676, 26.506605], [89.856769, 26.506625], [89.856786, 26.506659], [89.856813, 26.506716], [89.856828, 26.506747], [89.85683, 26.506752], [89.856836, 26.506764], [89.856879, 26.506855], [89.857125, 26.50737], [89.857252, 26.507635], [89.857262, 26.507656], [89.857486, 26.508125], [89.858049, 26.509305], [89.858084, 26.509379], [89.858109, 26.50943], [89.858152, 26.50952], [89.858158, 26.509533], [89.858237, 26.509697], [89.85828, 26.509788], [89.858311, 26.509852], [89.858343, 26.50992], [89.858367, 26.50997], [89.858413, 26.510067], [89.858427, 26.510095], [89.858454, 26.510153], [89.858478, 26.510202], [89.858533, 26.510317], [89.858541, 26.510334], [89.858564, 26.510383], [89.858565, 26.510385], [89.858585, 26.510427], [89.858605, 26.510648], [89.858655, 26.511211], [89.858675, 26.51143], [89.858717, 26.511902], [89.858779, 26.512593], [89.85878, 26.512607], [89.858321, 26.51316], [89.857802, 26.513784], [89.857038, 26.514216], [89.856736, 26.514386], [89.85663, 26.514446], [89.856512, 26.514513], [89.856036, 26.514782], [89.856174, 26.515421], [89.856213, 26.515604], [89.856257, 26.51581], [89.856262, 26.51583], [89.85635, 26.516239], [89.856492, 26.516898], [89.85644, 26.517102], [89.856204, 26.518023], [89.8561, 26.518428], [89.85625, 26.519087], [89.856414, 26.519808], [89.856616, 26.5207], [89.856622, 26.520725], [89.857279, 26.521727], [89.858084, 26.522451], [89.858435, 26.522767], [89.859105, 26.52337], [89.859874, 26.524063], [89.860283, 26.524431], [89.860287, 26.524437], [89.860331, 26.524508], [89.860523, 26.52482], [89.860622, 26.524981], [89.860829, 26.525319], [89.860934, 26.525488], [89.860971, 26.525572], [89.86113, 26.525933], [89.861291, 26.526299], [89.861484, 26.526736], [89.861486, 26.52674], [89.861543, 26.526869], [89.861973, 26.527844], [89.862315, 26.528618], [89.862462, 26.528952], [89.862857, 26.529848], [89.86294, 26.530034], [89.862942, 26.530036], [89.864242, 26.531037], [89.865857, 26.532281], [89.865857, 26.53231], [89.865857, 26.534749], [89.865857, 26.535105], [89.865132, 26.537478], [89.864765, 26.53868], [89.864652, 26.539048], [89.864496, 26.539557], [89.864419, 26.539812], [89.863902, 26.540571], [89.863468, 26.541208], [89.86329, 26.541469], [89.8632, 26.541601], [89.863176, 26.541636], [89.863201, 26.541679], [89.863984, 26.544211], [89.864062, 26.544371], [89.865057, 26.546386], [89.865351, 26.546983], [89.86537, 26.547022], [89.865371, 26.547024], [89.86562, 26.547528], [89.865737, 26.547764], [89.866023, 26.548344], [89.866254, 26.548812], [89.866664, 26.549643], [89.866836, 26.54999], [89.867237, 26.550713], [89.868993, 26.553874], [89.868992, 26.553876], [89.86854, 26.555436], [89.868085, 26.557005], [89.868036, 26.557955], [89.867978, 26.559068], [89.867942, 26.559754], [89.867921, 26.560164], [89.86783, 26.561912], [89.867803, 26.562433], [89.867722, 26.563994], [89.867684, 26.564715], [89.86768, 26.564795], [89.867626, 26.565831], [89.867484, 26.566488], [89.867357, 26.567071], [89.867142, 26.568065], [89.867103, 26.568243], [89.867272, 26.56904], [89.867364, 26.569478], [89.866536, 26.570562], [89.866287, 26.570888], [89.865291, 26.572191], [89.865187, 26.572328], [89.864487, 26.573243], [89.864924, 26.574268], [89.865282, 26.57511], [89.865648, 26.575969], [89.865714, 26.576124], [89.865991, 26.576774], [89.865993, 26.576775], [89.868766, 26.578007], [89.870183, 26.578636], [89.871156, 26.579068], [89.872921, 26.578304], [89.873319, 26.578513], [89.874825, 26.579304], [89.876573, 26.580224], [89.877427, 26.580673], [89.880874, 26.582485], [89.880896, 26.582496], [89.882602, 26.583393], [89.882591, 26.583418], [89.882145, 26.584403], [89.881883, 26.584982], [89.881874, 26.584989], [89.880641, 26.586041], [89.87923, 26.586954], [89.879006, 26.5871], [89.878818, 26.587188], [89.877633, 26.587747], [89.875671, 26.588688], [89.875626, 26.588728], [89.874625, 26.58963], [89.874494, 26.589747], [89.873971, 26.590394], [89.873797, 26.591231], [89.873775, 26.591336], [89.873849, 26.591746], [89.874086, 26.593056], [89.8741, 26.593131], [89.874218, 26.593783], [89.874233, 26.593865], [89.874424, 26.594485], [89.87447, 26.594635], [89.874484, 26.594682], [89.874606, 26.595077], [89.874662, 26.595259], [89.874679, 26.59531], [89.874754, 26.595554], [89.874854, 26.595879], [89.874886, 26.595983], [89.87503, 26.59645], [89.875044, 26.596494], [89.875214, 26.597044], [89.875237, 26.59712], [89.875389, 26.597611], [89.875416, 26.597699], [89.875458, 26.597834], [89.875474, 26.597888], [89.875515, 26.598019], [89.875528, 26.598063], [89.87554, 26.598102], [89.875561, 26.59814], [89.875603, 26.598217], [89.875621, 26.59825], [89.875709, 26.598413], [89.875728, 26.598448], [89.875744, 26.598478], [89.875929, 26.598818], [89.875969, 26.598893], [89.87643, 26.599742], [89.876607, 26.600068], [89.876628, 26.600108], [89.876653, 26.600153], [89.876667, 26.600179], [89.876993, 26.60078], [89.877133, 26.601038], [89.877204, 26.601168], [89.877484, 26.601684], [89.877624, 26.601944], [89.877838, 26.602337], [89.877989, 26.602615], [89.878068, 26.60276], [89.878146, 26.602904], [89.878161, 26.602933], [89.878173, 26.602955], [89.878221, 26.603044], [89.878222, 26.603048], [89.878223, 26.603056], [89.878277, 26.60348], [89.878397, 26.60443], [89.878552, 26.60565], [89.878601, 26.6058], [89.878831, 26.606512], [89.879141, 26.607474], [89.879197, 26.607736], [89.879302, 26.60822], [89.879533, 26.609297], [89.879471, 26.609825], [89.879408, 26.610353], [89.879212, 26.611994], [89.879141, 26.612592], [89.879137, 26.612608], [89.87886, 26.61374], [89.878674, 26.614503], [89.878422, 26.615534], [89.877768, 26.615887], [89.8772, 26.61611], [89.876721, 26.616299], [89.873058, 26.615357], [89.872879, 26.61533], [89.872443, 26.615265], [89.870312, 26.614945], [89.869108, 26.614945], [89.868745, 26.614945], [89.86835, 26.614945], [89.864478, 26.615672], [89.864153, 26.615733], [89.864225, 26.615771], [89.863991, 26.615815], [89.863142, 26.616343], [89.862967, 26.616577], [89.861943, 26.61794], [89.860438, 26.619944], [89.859704, 26.620921], [89.859492, 26.621203], [89.858638, 26.622701], [89.858251, 26.623378], [89.85827, 26.624084], [89.858272, 26.624159], [89.858278, 26.624372], [89.858279, 26.624423], [89.858282, 26.624524], [89.858298, 26.625108], [89.858316, 26.625792], [89.858343, 26.626548], [89.858372, 26.627372], [89.858377, 26.627505], [89.858381, 26.627616], [89.85915, 26.629522], [89.859164, 26.629556], [89.860725, 26.631], [89.861465, 26.631456], [89.862342, 26.631996], [89.863776, 26.632879], [89.863995, 26.633013], [89.864164, 26.633118], [89.864165, 26.633118], [89.866687, 26.634671], [89.866751, 26.63471], [89.866878, 26.634789], [89.867132, 26.634945], [89.867224, 26.635101], [89.86733, 26.635281], [89.867407, 26.635413], [89.867445, 26.635479], [89.867582, 26.635712], [89.867718, 26.635943], [89.86786, 26.636185], [89.867942, 26.636325], [89.86802, 26.636457], [89.868135, 26.636655], [89.868228, 26.636813], [89.868346, 26.637014], [89.868401, 26.637107], [89.868542, 26.637348], [89.86859, 26.637429], [89.868787, 26.637766], [89.868831, 26.637841], [89.869009, 26.638144], [89.869053, 26.638218], [89.869183, 26.638441], [89.869342, 26.638711], [89.869432, 26.638864], [89.869498, 26.638977], [89.869522, 26.639018], [89.86954, 26.639048], [89.869677, 26.639283], [89.8697, 26.639322], [89.869806, 26.639502], [89.869848, 26.639574], [89.869914, 26.639686], [89.869966, 26.639774], [89.870007, 26.639846], [89.870066, 26.639945], [89.870075, 26.639961], [89.8701, 26.640003], [89.870208, 26.640187], [89.870278, 26.640306], [89.870337, 26.640407], [89.870368, 26.64046], [89.870383, 26.640486], [89.870448, 26.640597], [89.870518, 26.640716], [89.870539, 26.640752], [89.870593, 26.640844], [89.870656, 26.640951], [89.870684, 26.640998], [89.870703, 26.64103], [89.87083, 26.641247], [89.870862, 26.641302], [89.870951, 26.641454], [89.871, 26.641537], [89.871057, 26.641634], [89.871116, 26.641735], [89.871191, 26.641863], [89.871244, 26.641953], [89.871303, 26.642053], [89.871351, 26.642135], [89.871439, 26.642286], [89.871441, 26.642288], [89.871449, 26.642302], [89.871455, 26.642312], [89.871457, 26.642316], [89.871472, 26.642342], [89.871481, 26.642356], [89.871495, 26.642381], [89.871499, 26.642388], [89.871511, 26.642408], [89.871519, 26.642422], [89.871526, 26.642433], [89.871538, 26.642454], [89.871543, 26.642463], [89.871554, 26.642481], [89.871555, 26.642483], [89.871561, 26.642494], [89.871573, 26.642513], [89.871573, 26.642514], [89.871574, 26.642515], [89.87158, 26.642526], [89.871591, 26.642544], [89.871597, 26.642554], [89.871599, 26.642558], [89.87161, 26.642577], [89.871611, 26.642579], [89.871623, 26.6426], [89.871629, 26.642609], [89.871636, 26.642621], [89.871636, 26.642622], [89.872501, 26.643089], [89.872506, 26.643091], [89.8726, 26.643142], [89.875226, 26.644561], [89.875237, 26.644567], [89.875782, 26.645831], [89.876344, 26.647135], [89.876934, 26.648506], [89.875942, 26.649512], [89.875367, 26.650095], [89.874763, 26.651137], [89.874166, 26.652167], [89.873992, 26.652468], [89.87373, 26.65292], [89.873532, 26.653066], [89.872322, 26.653958], [89.871828, 26.654322], [89.871672, 26.654436], [89.870596, 26.655229], [89.87046, 26.655329], [89.870394, 26.655829], [89.870294, 26.656588], [89.870265, 26.656802], [89.870238, 26.657007], [89.870236, 26.657024], [89.87023, 26.65707], [89.870225, 26.657102], [89.870129, 26.657829], [89.870228, 26.658259], [89.870256, 26.658381], [89.870507, 26.659467], [89.870601, 26.659873], [89.870645, 26.660062], [89.870671, 26.660176], [89.870681, 26.660218], [89.870741, 26.66048], [89.870757, 26.660546], [89.870779, 26.660641], [89.870782, 26.660654], [89.870826, 26.660721], [89.870895, 26.660823], [89.871001, 26.660979], [89.871053, 26.661057], [89.871165, 26.661223], [89.871214, 26.661295], [89.871305, 26.66143], [89.871372, 26.66153], [89.871486, 26.661699], [89.871534, 26.66177], [89.871637, 26.661923], [89.8717, 26.662016], [89.871762, 26.662107], [89.871852, 26.662242], [89.871915, 26.662335], [89.871983, 26.662436], [89.872083, 26.662584], [89.872126, 26.662647], [89.872235, 26.662809], [89.872242, 26.66282], [89.872258, 26.662843], [89.872266, 26.662856], [89.872288, 26.662888], [89.872844, 26.664009], [89.873248, 26.664822], [89.87354, 26.665412], [89.874187, 26.666715], [89.873582, 26.670651], [89.873463, 26.671422], [89.872941, 26.671657], [89.872419, 26.672009], [89.872353, 26.672478], [89.872449, 26.672757], [89.872464, 26.672801], [89.872712, 26.673527], [89.872876, 26.674008], [89.873147, 26.674737], [89.873624, 26.67602], [89.873795, 26.676481], [89.873859, 26.676796], [89.873888, 26.676936], [89.874157, 26.67826], [89.874377, 26.679342], [89.874513, 26.68001], [89.874624, 26.680972], [89.874745, 26.682018], [89.874774, 26.682271], [89.874703, 26.68276], [89.874683, 26.682899], [89.874578, 26.68362], [89.873729, 26.685565], [89.872763, 26.686992], [89.872614, 26.687212], [89.868765, 26.692308], [89.868671, 26.692433], [89.868037, 26.693272], [89.867928, 26.69343], [89.867204, 26.694476], [89.867092, 26.694639], [89.866389, 26.695654], [89.866161, 26.695983], [89.865897, 26.696365], [89.865161, 26.697428], [89.864995, 26.697668], [89.864746, 26.698028], [89.864047, 26.699038], [89.863846, 26.699328], [89.863765, 26.699567], [89.863576, 26.700123], [89.863343, 26.700808], [89.863334, 26.700847], [89.863096, 26.700573], [89.863094, 26.70057], [89.863084, 26.700561], [89.863075, 26.700574], [89.863023, 26.700655], [89.862887, 26.70084], [89.862627, 26.701194], [89.862511, 26.70135], [89.862439, 26.701448], [89.862425, 26.701466], [89.862453, 26.70647], [89.862624, 26.710639], [89.863081, 26.71378], [89.86371, 26.717035], [89.863881, 26.719719], [89.863081, 26.723146], [89.862396, 26.725373], [89.861425, 26.728057], [89.861025, 26.72977], [89.860854, 26.732169], [89.860405, 26.733051], [89.85976, 26.734499], [89.864955, 26.735659], [89.899619, 26.723698], [89.902116, 26.722836], [89.917693, 26.722638], [89.968573, 26.721991], [89.996641, 26.72793], [90.009335, 26.730621], [90.016444, 26.732129], [90.044953, 26.729808], [90.073516, 26.736098], [90.12167, 26.749039], [90.130352, 26.751395], [90.140333, 26.742391], [90.158873, 26.72683], [90.17415, 26.714181], [90.180931, 26.707663], [90.184276, 26.702768], [90.184965, 26.701759], [90.190716, 26.690641], [90.195436, 26.682128], [90.195758, 26.668496], [90.195179, 26.663357], [90.19372, 26.659598], [90.192475, 26.655686], [90.189621, 26.649722], [90.186532, 26.645042], [90.187089, 26.642434], [90.1843, 26.64136], [90.181124, 26.638943], [90.178742, 26.637217], [90.176296, 26.63434], [90.172348, 26.627128], [90.169837, 26.622025], [90.167027, 26.617709], [90.166147, 26.616117], [90.16531, 26.612529], [90.163357, 26.607464], [90.162263, 26.605105], [90.16089, 26.602649], [90.158572, 26.600251], [90.155525, 26.598313], [90.152199, 26.595588], [90.147049, 26.592633], [90.144475, 26.591578], [90.14205, 26.590619], [90.139797, 26.588988], [90.136321, 26.586052], [90.133467, 26.582137], [90.132415, 26.58018], [90.131943, 26.578933], [90.131471, 26.577225], [90.1316, 26.575152], [90.132673, 26.571986], [90.13278, 26.570796], [90.133338, 26.570124], [90.134196, 26.569145], [90.134325, 26.567245], [90.132844, 26.561641], [90.129905, 26.559396], [90.12881, 26.558417], [90.127158, 26.556996], [90.125656, 26.556517], [90.123532, 26.556305], [90.121493, 26.554789], [90.118318, 26.55239], [90.116816, 26.551219], [90.115249, 26.550662], [90.114176, 26.550547], [90.113554, 26.550816], [90.111945, 26.551238], [90.110507, 26.551296], [90.10967, 26.550528], [90.108898, 26.549338], [90.107396, 26.546746], [90.104885, 26.542447], [90.104027, 26.538857], [90.10246, 26.534806], [90.102482, 26.533347], [90.102117, 26.531927], [90.10289, 26.529719], [90.102804, 26.527319], [90.101731, 26.524535], [90.101023, 26.523537], [90.100229, 26.521809], [90.099328, 26.518794], [90.099349, 26.518046], [90.100122, 26.516779], [90.101924, 26.515396], [90.105293, 26.511767], [90.105829, 26.511594], [90.10834, 26.511133], [90.110528, 26.510903], [90.112224, 26.510596], [90.113103, 26.509847], [90.113189, 26.508695], [90.112438, 26.507888], [90.111151, 26.507331], [90.110056, 26.506871], [90.108662, 26.506083], [90.107353, 26.504758], [90.106301, 26.502723], [90.107224, 26.500169], [90.108147, 26.498517], [90.10967, 26.496616], [90.109799, 26.494254], [90.109274, 26.493201], [90.107567, 26.48978], [90.106688, 26.488838], [90.105379, 26.48734], [90.103619, 26.485151], [90.102031, 26.483231], [90.099628, 26.481752], [90.09907, 26.481022], [90.098941, 26.479696], [90.098963, 26.478294], [90.099006, 26.476451], [90.098791, 26.474587], [90.097718, 26.472071], [90.096559, 26.466847], [90.090637, 26.466962], [90.087161, 26.467039], [90.0845, 26.466962], [90.082183, 26.466117], [90.080037, 26.464618], [90.077763, 26.46312], [90.075703, 26.461468], [90.073514, 26.459778], [90.072527, 26.458894], [90.06742, 26.454552], [90.064759, 26.452708], [90.062828, 26.450672], [90.06094, 26.447751], [90.059438, 26.444985], [90.058579, 26.442872], [90.057464, 26.439336], [90.056219, 26.43657], [90.055378, 26.434676], [90.054631, 26.432996], [90.052872, 26.43019], [90.049868, 26.426962], [90.046778, 26.428307], [90.044889, 26.429076], [90.04313, 26.430498], [90.042658, 26.432458], [90.042443, 26.434187], [90.039353, 26.435032], [90.034976, 26.43534], [90.031285, 26.435455], [90.02871, 26.435225], [90.026264, 26.434341], [90.02459, 26.433188], [90.023561, 26.431497], [90.023174, 26.42946], [90.023432, 26.427577], [90.024934, 26.425886], [90.026221, 26.424272], [90.027294, 26.423234], [90.028238, 26.421082], [90.026865, 26.418853], [90.02532, 26.417623], [90.024075, 26.41697], [90.019612, 26.416816], [90.017123, 26.415702], [90.013261, 26.412204], [90.012016, 26.410551], [90.008712, 26.410782], [90.004935, 26.409898], [90.003862, 26.407822], [90.003519, 26.404632], [90.003133, 26.401826], [90.002489, 26.399327], [90.001845, 26.396521], [90.000086, 26.394676], [89.996781, 26.393292], [89.994078, 26.392639], [89.990215, 26.393023], [89.984508, 26.393484], [89.983091, 26.391139], [89.982276, 26.389371], [89.98322, 26.385834], [89.983478, 26.383412], [89.984078, 26.380529], [89.984293, 26.378222], [89.982877, 26.374723], [89.979186, 26.371993], [89.976697, 26.369571], [89.976053, 26.363342], [89.975796, 26.360343], [89.975495, 26.357266], [89.975281, 26.354113], [89.976568, 26.351537], [89.977984, 26.349152], [89.979486, 26.347729], [89.980817, 26.346114], [89.978414, 26.34423], [89.976439, 26.343037], [89.97395, 26.342614], [89.970689, 26.341922], [89.966826, 26.340153], [89.958673, 26.337653], [89.953866, 26.336345], [89.949446, 26.335692], [89.944253, 26.334922], [89.939747, 26.334768], [89.937172, 26.335038], [89.934983, 26.336192], [89.932666, 26.337884], [89.931121, 26.341038], [89.92979, 26.342422], [89.927859, 26.343037], [89.925413, 26.342691], [89.924126, 26.341807], [89.922667, 26.340845], [89.921079, 26.339653], [89.919963, 26.338961], [89.919405, 26.339461], [89.918332, 26.340384], [89.915242, 26.340499], [89.914083, 26.340576], [89.912367, 26.341422], [89.91065, 26.342384], [89.908676, 26.342691], [89.908419, 26.340538], [89.908633, 26.339422], [89.908247, 26.337653], [89.90653, 26.336499], [89.907303, 26.334576], [89.906874, 26.332884], [89.904363, 26.330518]]], "type": "Polygon"}, "id": "kokrajhar-gossaigaon-pt", "properties": {"district": "Kokrajhar", "grade": "zonal", "locality_id": "kokrajhar-gossaigaon-pt", "osm_id": "relation/10041103", "revenue_circle": "Gossaigaon (Pt)"}, "type": "Feature"}, {"geometry": {"coordinates": [[[90.258164, 26.436387], [90.257792, 26.436185], [90.254188, 26.43461], [90.252466, 26.433971], [90.252319, 26.433916], [90.250669, 26.433303], [90.246806, 26.432727], [90.236378, 26.432535], [90.230541, 26.43192], [90.225735, 26.43315], [90.221014, 26.434917], [90.215907, 26.437104], [90.215769, 26.437163], [90.215092, 26.437454], [90.214446, 26.43772], [90.214336, 26.437765], [90.211179, 26.439066], [90.211096, 26.4391], [90.209684, 26.439682], [90.205479, 26.440835], [90.202747, 26.440713], [90.202612, 26.440707], [90.200329, 26.440604], [90.199004, 26.439616], [90.198931, 26.439561], [90.197239, 26.438299], [90.194921, 26.435378], [90.192346, 26.431074], [90.190086, 26.426953], [90.189943, 26.426693], [90.189067, 26.42553], [90.188786, 26.425157], [90.187454, 26.423388], [90.18548, 26.420083], [90.185561, 26.418796], [90.185573, 26.418603], [90.185823, 26.414625], [90.188141, 26.401711], [90.189312, 26.397939], [90.189364, 26.397787], [90.189991, 26.395796], [90.190063, 26.395583], [90.190115, 26.395406], [90.191789, 26.390755], [90.190115, 26.389678], [90.188613, 26.390294], [90.186639, 26.391908], [90.185866, 26.391985], [90.183978, 26.391447], [90.183635, 26.390409], [90.183806, 26.388141], [90.185223, 26.385257], [90.185506, 26.38494], [90.18582, 26.384588], [90.186605, 26.38371], [90.186684, 26.38362], [90.186939, 26.383335], [90.187408, 26.383269], [90.189856, 26.3828], [90.190072, 26.382759], [90.192904, 26.382451], [90.195222, 26.38149], [90.197668, 26.379721], [90.200071, 26.377991], [90.200887, 26.376953], [90.205092, 26.374644], [90.205175, 26.374599], [90.205395, 26.374477], [90.205478, 26.374432], [90.206208, 26.374031], [90.207324, 26.375261], [90.209041, 26.376684], [90.211186, 26.377722], [90.214233, 26.379375], [90.218267, 26.382182], [90.222945, 26.384719], [90.224876, 26.385603], [90.226765, 26.38495], [90.227065, 26.382874], [90.225949, 26.38049], [90.22522, 26.376607], [90.22728, 26.373339], [90.230584, 26.371724], [90.232859, 26.370148], [90.233631, 26.367648], [90.232816, 26.364188], [90.232644, 26.359535], [90.230327, 26.357189], [90.228095, 26.355767], [90.224619, 26.354459], [90.2211, 26.353728], [90.218568, 26.353382], [90.214748, 26.353113], [90.214276, 26.352498], [90.214405, 26.350652], [90.215607, 26.349614], [90.217495, 26.349229], [90.218654, 26.349345], [90.221272, 26.349998], [90.223031, 26.350998], [90.225391, 26.35146], [90.226636, 26.35069], [90.22655, 26.348537], [90.224748, 26.346806], [90.220113, 26.340384], [90.217709, 26.337922], [90.216336, 26.335653], [90.215177, 26.332307], [90.215521, 26.329538], [90.217195, 26.327807], [90.218954, 26.328345], [90.220156, 26.329538], [90.221701, 26.331845], [90.224147, 26.333384], [90.226336, 26.334192], [90.228481, 26.333999], [90.23067, 26.332461], [90.231528, 26.330076], [90.232387, 26.327614], [90.233974, 26.326345], [90.235863, 26.32546], [90.238051, 26.325384], [90.239468, 26.32646], [90.240841, 26.327961], [90.242, 26.328576], [90.243802, 26.328576], [90.245819, 26.327999], [90.247407, 26.32646], [90.250153, 26.325614], [90.2526, 26.327153], [90.253458, 26.328961], [90.25393, 26.331422], [90.254574, 26.334192], [90.256248, 26.33573], [90.258565, 26.335345], [90.261397, 26.334269], [90.265045, 26.332038], [90.265603, 26.329807], [90.263286, 26.327922], [90.261183, 26.326499], [90.259724, 26.325307], [90.261397, 26.320383], [90.263243, 26.316767], [90.264401, 26.313536], [90.266118, 26.311574], [90.268092, 26.30992], [90.270624, 26.30915], [90.273328, 26.307612], [90.276246, 26.310651], [90.277877, 26.31319], [90.279636, 26.316113], [90.280838, 26.319075], [90.282211, 26.321614], [90.2847, 26.324153], [90.287318, 26.326884], [90.289035, 26.332076], [90.289035, 26.334538], [90.287661, 26.336268], [90.28676, 26.338499], [90.287061, 26.340307], [90.289378, 26.341884], [90.291524, 26.342576], [90.293713, 26.34173], [90.298004, 26.342114], [90.299506, 26.343537], [90.301266, 26.345345], [90.302081, 26.346229], [90.304313, 26.346345], [90.308647, 26.348921], [90.308776, 26.351652], [90.309462, 26.353382], [90.313024, 26.353921], [90.315685, 26.354421], [90.317488, 26.355305], [90.318689, 26.357689], [90.322466, 26.361227], [90.32547, 26.362611], [90.328431, 26.364726], [90.329289, 26.366649], [90.325212, 26.36711], [90.322809, 26.366226], [90.320921, 26.366072], [90.319462, 26.366687], [90.320063, 26.368687], [90.321093, 26.369917], [90.320621, 26.371378], [90.318603, 26.371686], [90.316715, 26.372416], [90.315685, 26.373608], [90.315213, 26.375338], [90.312724, 26.380682], [90.31148, 26.383028], [90.310707, 26.385565], [90.311608, 26.388564], [90.31414, 26.393561], [90.315986, 26.394791], [90.318217, 26.394215], [90.322294, 26.3931], [90.325255, 26.392715], [90.327616, 26.392408], [90.331178, 26.392446], [90.331221, 26.39433], [90.328002, 26.396483], [90.326672, 26.398712], [90.327401, 26.4059], [90.327186, 26.41305], [90.33165, 26.418623], [90.338859, 26.420006], [90.345726, 26.41647], [90.346412, 26.410474], [90.343151, 26.406477], [90.342121, 26.402633], [90.345211, 26.400173], [90.347442, 26.396944], [90.345039, 26.392639], [90.347271, 26.390025], [90.352335, 26.385219], [90.352549, 26.38272], [90.351992, 26.379491], [90.35109, 26.381105], [90.350404, 26.383258], [90.348301, 26.384296], [90.346327, 26.384066], [90.345168, 26.38322], [90.343408, 26.382489], [90.339932, 26.384335], [90.337272, 26.385373], [90.335255, 26.385911], [90.332808, 26.386065], [90.331264, 26.38545], [90.330448, 26.384066], [90.330405, 26.380951], [90.330234, 26.378376], [90.330491, 26.376492], [90.332165, 26.374685], [90.335555, 26.372262], [90.338945, 26.370263], [90.342078, 26.36861], [90.342894, 26.367648], [90.344481, 26.364111], [90.345726, 26.360496], [90.34667, 26.35792], [90.346842, 26.355497], [90.348387, 26.353844], [90.35388, 26.352729], [90.355382, 26.352306], [90.355682, 26.349729], [90.35594, 26.347576], [90.35594, 26.346153], [90.354695, 26.34523], [90.35182, 26.343999], [90.351519, 26.343268], [90.351519, 26.342307], [90.352249, 26.341307], [90.36006, 26.33723], [90.360832, 26.332999], [90.360489, 26.329076], [90.360317, 26.326538], [90.360875, 26.324499], [90.364652, 26.324153], [90.366883, 26.323883], [90.368986, 26.322768], [90.369673, 26.321229], [90.369587, 26.319844], [90.368257, 26.318883], [90.364609, 26.318498], [90.361819, 26.318075], [90.362334, 26.316498], [90.36521, 26.31469], [90.366797, 26.313613], [90.369501, 26.312305], [90.369887, 26.310227], [90.369759, 26.308843], [90.370188, 26.308189], [90.372548, 26.308073], [90.374222, 26.307304], [90.375724, 26.306765], [90.37972, 26.305837], [90.379372, 26.309035], [90.381217, 26.310478], [90.383835, 26.311689], [90.385788, 26.311978], [90.39053, 26.312478], [90.397096, 26.313805], [90.401258, 26.315363], [90.40437, 26.316959], [90.404563, 26.323114], [90.404069, 26.328499], [90.404177, 26.332903], [90.403855, 26.334095], [90.402782, 26.335961], [90.400679, 26.339191], [90.399091, 26.343326], [90.395808, 26.349518], [90.394628, 26.351498], [90.394006, 26.354228], [90.393791, 26.356016], [90.394671, 26.358785], [90.395572, 26.360689], [90.397632, 26.36239], [90.399596, 26.363246], [90.401945, 26.363784], [90.418682, 26.362823], [90.423553, 26.364034], [90.424992, 26.363295], [90.43176, 26.363207], [90.435848, 26.36413], [90.436095, 26.366629], [90.433091, 26.366985], [90.428724, 26.366927], [90.426557, 26.367437], [90.426697, 26.369734], [90.428746, 26.371022], [90.431846, 26.373185], [90.432887, 26.373992], [90.433498, 26.375627], [90.433981, 26.378491], [90.433424, 26.379779], [90.433102, 26.380779], [90.432458, 26.38149], [90.4316, 26.381586], [90.429797, 26.38174], [90.428574, 26.381451], [90.426621, 26.379721], [90.425441, 26.378702], [90.424283, 26.378318], [90.422952, 26.378952], [90.421515, 26.379914], [90.420227, 26.381547], [90.419519, 26.382739], [90.419734, 26.383931], [90.421128, 26.384719], [90.422566, 26.384142], [90.424068, 26.383643], [90.425119, 26.383297], [90.426664, 26.383162], [90.42763, 26.38372], [90.428059, 26.384758], [90.427952, 26.386584], [90.427136, 26.390793], [90.426857, 26.393619], [90.426128, 26.395599], [90.425077, 26.39656], [90.423746, 26.396444], [90.422223, 26.395214], [90.421214, 26.394119], [90.42012, 26.392888], [90.41909, 26.391754], [90.41791, 26.390985], [90.416794, 26.390909], [90.415764, 26.391408], [90.41585, 26.39285], [90.416429, 26.39508], [90.416944, 26.397386], [90.418232, 26.401269], [90.419111, 26.403863], [90.418489, 26.405862], [90.417523, 26.407303], [90.415485, 26.407572], [90.413983, 26.406938], [90.411837, 26.405824], [90.409992, 26.404709], [90.408339, 26.404517], [90.406666, 26.404613], [90.404584, 26.405324], [90.404005, 26.406477], [90.404134, 26.407419], [90.404949, 26.407726], [90.406859, 26.407937], [90.408811, 26.408706], [90.409369, 26.410013], [90.408897, 26.410974], [90.407696, 26.411762], [90.406108, 26.412723], [90.406022, 26.413607], [90.405872, 26.415202], [90.406172, 26.417316], [90.40688, 26.418142], [90.407374, 26.418488], [90.409026, 26.41943], [90.410035, 26.420583], [90.410786, 26.423446], [90.413382, 26.425809], [90.414584, 26.427193], [90.415099, 26.428192], [90.416172, 26.429998], [90.416043, 26.431113], [90.41497, 26.43142], [90.413983, 26.431151], [90.412095, 26.430248], [90.410593, 26.42946], [90.408811, 26.428749], [90.407095, 26.428173], [90.405228, 26.42775], [90.403941, 26.428211], [90.40349, 26.429076], [90.403554, 26.43044], [90.404477, 26.431612], [90.407524, 26.435263], [90.407846, 26.436339], [90.408125, 26.437742], [90.407696, 26.438606], [90.406623, 26.438491], [90.405421, 26.437703], [90.404091, 26.436646], [90.402954, 26.435436], [90.401967, 26.434667], [90.401108, 26.434322], [90.399842, 26.434379], [90.398469, 26.43484], [90.39746, 26.436839], [90.397182, 26.438914], [90.397632, 26.440393], [90.398469, 26.44168], [90.399048, 26.442084], [90.400271, 26.442065], [90.401623, 26.442045], [90.403941, 26.442103], [90.405443, 26.441853], [90.401087, 26.445043], [90.4001, 26.447463], [90.400035, 26.449461], [90.402052, 26.45363], [90.403275, 26.467385], [90.402417, 26.470996], [90.403404, 26.472724], [90.404863, 26.474184], [90.404863, 26.475413], [90.403747, 26.47622], [90.401473, 26.476527], [90.397396, 26.476796], [90.392675, 26.476796], [90.3901, 26.477565], [90.389414, 26.479178], [90.388856, 26.481252], [90.387611, 26.483019], [90.386882, 26.484594], [90.387011, 26.486707], [90.388126, 26.489127], [90.389457, 26.492161], [90.391731, 26.493736], [90.393963, 26.493851], [90.397482, 26.49339], [90.399113, 26.492583], [90.402589, 26.490548], [90.405078, 26.490087], [90.408082, 26.490279], [90.408983, 26.490586], [90.409455, 26.493851], [90.408897, 26.497192], [90.40761, 26.501033], [90.407739, 26.503568], [90.404005, 26.503645], [90.399284, 26.503414], [90.394006, 26.503491], [90.395079, 26.506064], [90.397825, 26.507485], [90.397997, 26.509137], [90.39804, 26.511095], [90.402331, 26.511364], [90.403318, 26.51267], [90.401001, 26.513706], [90.397053, 26.514628], [90.39525, 26.514321], [90.392761, 26.514014], [90.390658, 26.514974], [90.390315, 26.51651], [90.391946, 26.517815], [90.392976, 26.519735], [90.392246, 26.521502], [90.389929, 26.522807], [90.387826, 26.523153], [90.385036, 26.523575], [90.383878, 26.527684], [90.382247, 26.530295], [90.38156, 26.531562], [90.382376, 26.534634], [90.386195, 26.535056], [90.387568, 26.535785], [90.388856, 26.536784], [90.390315, 26.53974], [90.389457, 26.541967], [90.387311, 26.542811], [90.385637, 26.542696], [90.38362, 26.54166], [90.382676, 26.541851], [90.380444, 26.543502], [90.378213, 26.543656], [90.375981, 26.543617], [90.371819, 26.543925], [90.367999, 26.548301], [90.367943, 26.54835], [90.367756, 26.54854], [90.365167, 26.551257], [90.364761, 26.551481], [90.362763, 26.552563], [90.362377, 26.554021], [90.362935, 26.559587], [90.362678, 26.563349], [90.361991, 26.566036], [90.360703, 26.567571], [90.358772, 26.568339], [90.356798, 26.568646], [90.355854, 26.569836], [90.355854, 26.571947], [90.356584, 26.573252], [90.357528, 26.574212], [90.359673, 26.57425], [90.359888, 26.577129], [90.364051, 26.577436], [90.365639, 26.579623], [90.366068, 26.581581], [90.366797, 26.584843], [90.36478, 26.588757], [90.361261, 26.592135], [90.360274, 26.592825], [90.361304, 26.59532], [90.362506, 26.596164], [90.363064, 26.598505], [90.362077, 26.600155], [90.359373, 26.601229], [90.356326, 26.603033], [90.355768, 26.604222], [90.355425, 26.606524], [90.354609, 26.609019], [90.355511, 26.611206], [90.357013, 26.613469], [90.357871, 26.615196], [90.358472, 26.617076], [90.358472, 26.618879], [90.357399, 26.62003], [90.356455, 26.620721], [90.355639, 26.621603], [90.357141, 26.624826], [90.358772, 26.62801], [90.35903, 26.630964], [90.35697, 26.633112], [90.354438, 26.635069], [90.351863, 26.636987], [90.348988, 26.638138], [90.347872, 26.640247], [90.3477, 26.642127], [90.348043, 26.643891], [90.350833, 26.648955], [90.352936, 26.652522], [90.356197, 26.656472], [90.358815, 26.660921], [90.362549, 26.66863], [90.365853, 26.679866], [90.367741, 26.684736], [90.368771, 26.689337], [90.374179, 26.695127], [90.376539, 26.698807], [90.377827, 26.708162], [90.37744, 26.71648], [90.377569, 26.72223], [90.373921, 26.725374], [90.372763, 26.727788], [90.370746, 26.733653], [90.369287, 26.740015], [90.368471, 26.743579], [90.367999, 26.747642], [90.366583, 26.753658], [90.365853, 26.757145], [90.362549, 26.762089], [90.360274, 26.766074], [90.356541, 26.771553], [90.356069, 26.775806], [90.355167, 26.782587], [90.35418, 26.791781], [90.352035, 26.797796], [90.349975, 26.801013], [90.34697, 26.804882], [90.346026, 26.810283], [90.343838, 26.818135], [90.339975, 26.832534], [90.338259, 26.841035], [90.337529, 26.847621], [90.337315, 26.855394], [90.338044, 26.863893], [90.336972, 26.868411], [90.32716, 26.863141], [90.31531, 26.856776], [90.300171, 26.848645], [90.287018, 26.851399], [90.257916, 26.857492], [90.257274, 26.857697], [90.25341, 26.858929], [90.24791, 26.859316], [90.247843, 26.859321], [90.239279, 26.859161], [90.233971, 26.859284], [90.230026, 26.858725], [90.227717, 26.856869], [90.219114, 26.849957], [90.217437, 26.848643], [90.213181, 26.845281], [90.206109, 26.839693], [90.204454, 26.838386], [90.203869, 26.837875], [90.200668, 26.835075], [90.194482, 26.821668], [90.191828, 26.815914], [90.183685, 26.799292], [90.18537, 26.789577], [90.190929, 26.78705], [90.191491, 26.786208], [90.192305, 26.785231], [90.192502, 26.784467], [90.193063, 26.783624], [90.195197, 26.781322], [90.195197, 26.781154], [90.195029, 26.780761], [90.194242, 26.779806], [90.194242, 26.778009], [90.194074, 26.777447], [90.192333, 26.775033], [90.19048, 26.773348], [90.189975, 26.771495], [90.190637, 26.767998], [90.130352, 26.751395], [90.140333, 26.742391], [90.158873, 26.72683], [90.17415, 26.714181], [90.180931, 26.707663], [90.184276, 26.702768], [90.184965, 26.701759], [90.190716, 26.690641], [90.195436, 26.682128], [90.195758, 26.668496], [90.195179, 26.663357], [90.19372, 26.659598], [90.192475, 26.655686], [90.189621, 26.649722], [90.186532, 26.645042], [90.187089, 26.642434], [90.192647, 26.638214], [90.20505, 26.632805], [90.210028, 26.630849], [90.22007, 26.627741], [90.224384, 26.625984], [90.230241, 26.623598], [90.234017, 26.621373], [90.235123, 26.619715], [90.235193, 26.619609], [90.235348, 26.619378], [90.23612, 26.6165], [90.235906, 26.613891], [90.235133, 26.61109], [90.233674, 26.608366], [90.231228, 26.603877], [90.228848, 26.601107], [90.228755, 26.600999], [90.228524, 26.60073], [90.225778, 26.598466], [90.224018, 26.595934], [90.220971, 26.59106], [90.22037, 26.588374], [90.219855, 26.58538], [90.219555, 26.582617], [90.220199, 26.580736], [90.219013, 26.577384], [90.218707, 26.576057], [90.218512, 26.575385], [90.217224, 26.571288], [90.216804, 26.570074], [90.216083, 26.569768], [90.215686, 26.569943], [90.214727, 26.569937], [90.213875, 26.5701], [90.213943, 26.568593], [90.213435, 26.567972], [90.213259, 26.567741], [90.212259, 26.566497], [90.208869, 26.562773], [90.207056, 26.559855], [90.206812, 26.559461], [90.206079, 26.558282], [90.203547, 26.554751], [90.203033, 26.552524], [90.203462, 26.551257], [90.206852, 26.550835], [90.208483, 26.550451], [90.209212, 26.549837], [90.209684, 26.546151], [90.207667, 26.544462], [90.207367, 26.542888], [90.208096, 26.540853], [90.20947, 26.539318], [90.212173, 26.539164], [90.21492, 26.539433], [90.217023, 26.540162], [90.218439, 26.539778], [90.217838, 26.537935], [90.216637, 26.536285], [90.214748, 26.533981], [90.21256, 26.530602], [90.210414, 26.528106], [90.209985, 26.526186], [90.210586, 26.524113], [90.211229, 26.522731], [90.212903, 26.522347], [90.214276, 26.521579], [90.214534, 26.520542], [90.213547, 26.518967], [90.211658, 26.514628], [90.209427, 26.506909], [90.20844, 26.504106], [90.209942, 26.503414], [90.21256, 26.503491], [90.215392, 26.502915], [90.217066, 26.502339], [90.218096, 26.500265], [90.220113, 26.493505], [90.220714, 26.488589], [90.220806, 26.488367], [90.222097, 26.485286], [90.222258, 26.484901], [90.22419, 26.483826], [90.224962, 26.483694], [90.226893, 26.483365], [90.228996, 26.482712], [90.22994, 26.480983], [90.230155, 26.477833], [90.230498, 26.472417], [90.23303, 26.470343], [90.234961, 26.468038], [90.236292, 26.465387], [90.238223, 26.461891], [90.241528, 26.457511], [90.246591, 26.456742], [90.249166, 26.456512], [90.25187, 26.455935], [90.254531, 26.456973], [90.259766, 26.459393], [90.263028, 26.460431], [90.266719, 26.460277], [90.26968, 26.458971], [90.270581, 26.457818], [90.270023, 26.454783], [90.267963, 26.450672], [90.265775, 26.447406], [90.263972, 26.44437], [90.262728, 26.44072], [90.261483, 26.438184], [90.258594, 26.436619], [90.258164, 26.436387]]], "type": "Polygon"}, "id": "kokrajhar-kokrajhar-pt", "properties": {"district": "Kokrajhar", "grade": "zonal", "locality_id": "kokrajhar-kokrajhar-pt", "osm_id": "relation/10041102", "revenue_circle": "Kokrajhar (Pt)"}, "type": "Feature"}, {"geometry": {"coordinates": [[[94.622145, 27.334369], [94.623742, 27.335614], [94.624515, 27.336662], [94.62636, 27.338034], [94.627261, 27.339673], [94.62666, 27.341237], [94.624343, 27.342189], [94.622712, 27.343371], [94.621983, 27.344705], [94.62224, 27.346192], [94.622927, 27.347869], [94.621768, 27.349356], [94.620609, 27.350843], [94.621725, 27.351643], [94.622369, 27.352634], [94.623141, 27.354502], [94.620137, 27.357284], [94.619322, 27.358466], [94.618936, 27.36041], [94.618764, 27.362468], [94.618335, 27.364221], [94.616275, 27.365288], [94.614258, 27.364869], [94.612799, 27.362087], [94.612284, 27.359343], [94.611511, 27.356751], [94.610181, 27.355798], [94.607949, 27.35576], [94.606275, 27.356255], [94.603443, 27.357818], [94.599323, 27.358237], [94.593701, 27.358809], [94.592156, 27.361248], [94.591985, 27.362468], [94.59177, 27.365288], [94.590955, 27.367003], [94.590268, 27.368795], [94.590096, 27.370967], [94.590998, 27.37394], [94.591813, 27.375921], [94.591942, 27.378055], [94.590869, 27.379237], [94.589324, 27.378513], [94.587951, 27.376798], [94.586449, 27.375007], [94.585805, 27.373406], [94.583917, 27.373063], [94.581513, 27.372872], [94.578509, 27.372872], [94.578338, 27.371005], [94.576921, 27.369557], [94.575806, 27.370014], [94.573145, 27.371539], [94.571342, 27.370586], [94.567394, 27.367041], [94.566236, 27.366127], [94.561858, 27.363421], [94.560451, 27.360975], [94.559884, 27.35999], [94.558039, 27.359266], [94.55615, 27.358733], [94.551945, 27.357018], [94.550056, 27.356789], [94.548211, 27.356598], [94.547138, 27.35595], [94.545936, 27.354197], [94.544821, 27.353168], [94.541774, 27.353244], [94.539843, 27.352863], [94.538855, 27.351643], [94.537439, 27.35008], [94.536366, 27.349394], [94.53362, 27.348289], [94.531088, 27.347717], [94.52611, 27.347908], [94.523449, 27.348479], [94.521432, 27.349508], [94.519544, 27.349013], [94.517956, 27.347755], [94.516926, 27.347183], [94.51448, 27.346993], [94.514008, 27.348746], [94.512506, 27.34989], [94.510317, 27.348937], [94.509115, 27.34745], [94.508257, 27.346002], [94.507012, 27.342723], [94.506283, 27.340588], [94.504909, 27.338911], [94.503751, 27.337386], [94.501347, 27.335976], [94.497786, 27.334756], [94.493966, 27.333574], [94.490361, 27.333574], [94.486499, 27.333421], [94.482508, 27.332964], [94.480019, 27.332316], [94.477358, 27.331515], [94.473968, 27.329952], [94.47165, 27.330105], [94.469504, 27.330829], [94.467659, 27.330943], [94.466887, 27.331858], [94.4665, 27.333993], [94.465642, 27.334565], [94.462466, 27.33426], [94.460492, 27.333612], [94.459848, 27.331973], [94.457746, 27.328389], [94.456887, 27.327054], [94.456329, 27.324195], [94.455514, 27.322937], [94.454183, 27.321717], [94.45178, 27.321488], [94.449849, 27.321717], [94.447017, 27.321946], [94.445386, 27.321564], [94.445386, 27.319772], [94.445472, 27.317789], [94.444871, 27.316112], [94.444528, 27.314472], [94.445043, 27.312261], [94.444871, 27.311651], [94.444227, 27.310926], [94.442554, 27.310125], [94.440622, 27.309706], [94.438691, 27.31024], [94.438219, 27.311422], [94.434957, 27.310087], [94.434099, 27.307647], [94.434185, 27.303605], [94.434957, 27.302003], [94.435902, 27.298189], [94.429636, 27.293537], [94.428263, 27.290333], [94.426889, 27.286367], [94.424229, 27.286138], [94.41762, 27.285909], [94.418135, 27.284307], [94.419937, 27.282324], [94.423199, 27.279501], [94.423027, 27.276984], [94.417705, 27.272635], [94.413843, 27.269813], [94.409294, 27.266761], [94.40629, 27.264472], [94.407663, 27.261726], [94.408007, 27.256919], [94.410496, 27.25669], [94.413929, 27.253332], [94.417105, 27.252798], [94.421997, 27.251959], [94.423027, 27.250052], [94.421224, 27.247152], [94.416246, 27.245931], [94.411955, 27.247228], [94.40835, 27.249136], [94.402857, 27.244939], [94.405346, 27.239521], [94.404917, 27.236926], [94.401483, 27.235553], [94.397192, 27.234942], [94.391613, 27.236392], [94.388952, 27.240055], [94.384575, 27.240437], [94.384918, 27.237155], [94.387321, 27.231737], [94.391441, 27.229371], [94.392471, 27.225784], [94.391699, 27.222655], [94.38775, 27.221204], [94.38509, 27.222349], [94.382429, 27.225097], [94.380712, 27.227692], [94.378137, 27.228455], [94.375391, 27.225402], [94.374275, 27.223036], [94.374189, 27.218457], [94.36861, 27.216014], [94.36449, 27.215404], [94.362431, 27.212961], [94.363461, 27.208992], [94.366121, 27.208152], [94.368267, 27.208381], [94.372215, 27.207007], [94.371271, 27.205328], [94.368267, 27.203801], [94.364576, 27.20319], [94.362001, 27.203572], [94.360027, 27.205022], [94.357366, 27.205633], [94.357452, 27.202656], [94.359341, 27.201511], [94.362345, 27.200595], [94.365349, 27.199755], [94.366035, 27.197923], [94.365692, 27.195098], [94.363632, 27.190976], [94.360628, 27.188304], [94.356594, 27.189067], [94.354448, 27.19235], [94.352903, 27.19548], [94.351272, 27.19945], [94.347153, 27.199221], [94.34535, 27.196625], [94.347067, 27.189678], [94.347753, 27.187158], [94.347153, 27.182959], [94.34329, 27.178684], [94.337711, 27.175935], [94.33239, 27.175706], [94.328613, 27.177233], [94.324493, 27.181738], [94.322862, 27.184486], [94.319258, 27.185555], [94.315224, 27.183188], [94.312992, 27.18044], [94.314365, 27.178684], [94.314709, 27.176393], [94.312477, 27.175935], [94.308529, 27.176164], [94.305611, 27.177844], [94.303722, 27.181127], [94.302006, 27.179294], [94.302864, 27.175782], [94.305782, 27.173109], [94.309387, 27.170666], [94.308786, 27.166848], [94.307676, 27.161576], [94.313765, 27.160281], [94.315052, 27.156004], [94.318056, 27.153408], [94.320373, 27.151957], [94.321403, 27.148672], [94.320459, 27.146228], [94.321833, 27.14325], [94.322605, 27.142868], [94.324837, 27.144395], [94.333248, 27.148214], [94.337711, 27.147221], [94.340458, 27.147221], [94.343119, 27.147985], [94.343719, 27.150353], [94.341144, 27.153331], [94.341059, 27.156081], [94.343119, 27.158983], [94.345865, 27.160204], [94.351272, 27.161732], [94.35565, 27.163335], [94.360285, 27.165932], [94.36552, 27.168681], [94.369383, 27.171888], [94.373245, 27.176469], [94.376249, 27.178913], [94.379425, 27.175553], [94.378481, 27.172041], [94.378223, 27.16807], [94.380026, 27.164786], [94.38303, 27.165932], [94.384231, 27.169139], [94.384918, 27.172117], [94.387836, 27.171811], [94.391012, 27.169979], [94.390755, 27.167841], [94.391785, 27.165168], [94.393417, 27.16302], [94.394789, 27.157913], [94.393501, 27.154248], [94.39024, 27.152415], [94.387407, 27.150658], [94.384146, 27.150582], [94.37891, 27.149894], [94.377708, 27.148138], [94.378309, 27.144854], [94.380112, 27.142409], [94.382171, 27.140806], [94.381399, 27.137903], [94.378481, 27.13691], [94.376078, 27.13775], [94.374447, 27.140042], [94.372044, 27.142409], [94.370069, 27.142868], [94.36861, 27.14134], [94.36758, 27.138667], [94.367495, 27.135917], [94.367838, 27.133931], [94.368095, 27.132709], [94.365349, 27.130418], [94.365585, 27.119914], [94.365542, 27.114356], [94.366937, 27.107212], [94.366701, 27.103851], [94.366132, 27.099457], [94.371614, 27.098712], [94.380713, 27.096], [94.388351, 27.099515], [94.399681, 27.096917], [94.412899, 27.092485], [94.417965, 27.094983], [94.420953, 27.100312], [94.421439, 27.109562], [94.42337, 27.115979], [94.431791, 27.120851], [94.451008, 27.115788], [94.455256, 27.111968], [94.460535, 27.112465], [94.465341, 27.115483], [94.470062, 27.122052], [94.469805, 27.131429], [94.471158, 27.135016], [94.47352, 27.138066], [94.476319, 27.13937], [94.483323, 27.135115], [94.486732, 27.126516], [94.490747, 27.122167], [94.498773, 27.121327], [94.503622, 27.122282], [94.505501, 27.126558], [94.505339, 27.135268], [94.506712, 27.142906], [94.512073, 27.144044], [94.524951, 27.143402], [94.528787, 27.147336], [94.529071, 27.152682], [94.522119, 27.157035], [94.520445, 27.160128], [94.524969, 27.161975], [94.527397, 27.163469], [94.537375, 27.168833], [94.544027, 27.172842], [94.552735, 27.174486], [94.558446, 27.175152], [94.559455, 27.177519], [94.560868, 27.182202], [94.563734, 27.18027], [94.570527, 27.187464], [94.575548, 27.196854], [94.576501, 27.204627], [94.574089, 27.214488], [94.575548, 27.224563], [94.580698, 27.235934], [94.584346, 27.24326], [94.585204, 27.252531], [94.583381, 27.263044], [94.584174, 27.268592], [94.590826, 27.276412], [94.603915, 27.295825], [94.60825, 27.303833], [94.611168, 27.305778], [94.611361, 27.307779], [94.609923, 27.310526], [94.611716, 27.316364], [94.612091, 27.320268], [94.607928, 27.321583], [94.605525, 27.325434], [94.60698, 27.329177], [94.622145, 27.334369]]], "type": "Polygon"}, "id": "lakhimpur-dhakuakhana-pt-i", "properties": {"district": "Lakhimpur", "grade": "zonal", "locality_id": "lakhimpur-dhakuakhana-pt-i", "osm_id": "relation/10054867", "revenue_circle": "Dhakuakhana (Pt-I)"}, "type": "Feature"}, {"geometry": {"coordinates": [[[93.77214, 26.847], [93.800685, 26.828268], [93.825216, 26.828714], [93.842164, 26.855475], [93.856882, 26.860827], [93.879183, 26.859043], [93.892563, 26.868409], [93.897469, 26.875099], [93.892563, 26.893832], [93.904644, 26.902164], [93.902035, 26.904926], [93.900833, 26.908371], [93.898773, 26.913116], [93.896971, 26.916713], [93.896885, 26.920386], [93.898258, 26.922912], [93.908987, 26.931253], [93.913021, 26.932554], [93.917999, 26.933778], [93.923321, 26.936074], [93.925552, 26.938446], [93.926668, 26.940894], [93.927784, 26.948699], [93.925295, 26.952983], [93.922119, 26.955661], [93.917656, 26.958721], [93.914309, 26.961781], [93.909759, 26.964459], [93.90358, 26.975015], [93.901777, 26.977654], [93.899717, 26.978419], [93.898258, 26.979299], [93.897571, 26.981326], [93.899803, 26.984959], [93.901648, 26.987521], [93.903022, 26.989166], [93.902636, 26.990695], [93.900661, 26.99211], [93.899117, 26.993563], [93.898559, 26.995972], [93.89637, 26.996661], [93.894181, 26.996775], [93.890319, 26.996661], [93.888602, 26.99777], [93.887358, 26.999529], [93.885942, 27.000867], [93.884053, 27.001785], [93.882895, 27.006335], [93.883882, 27.00817], [93.884439, 27.010273], [93.883624, 27.011382], [93.880963, 27.012185], [93.879633, 27.013293], [93.877101, 27.017422], [93.877959, 27.018417], [93.879719, 27.019564], [93.881521, 27.021093], [93.882294, 27.023042], [93.882122, 27.025298], [93.879762, 27.027018], [93.877315, 27.029197], [93.875599, 27.031262], [93.875813, 27.033135], [93.875919, 27.033343], [93.876843, 27.035161], [93.877831, 27.039595], [93.877745, 27.042615], [93.876457, 27.045023], [93.875556, 27.047507], [93.876071, 27.049571], [93.877959, 27.051788], [93.882294, 27.058667], [93.883066, 27.061304], [93.883624, 27.064323], [93.883452, 27.068374], [93.880062, 27.076819], [93.876715, 27.081252], [93.874354, 27.084691], [93.873153, 27.087747], [93.873281, 27.09088], [93.87311, 27.094586], [93.872552, 27.096917], [93.869462, 27.098483], [93.867874, 27.098407], [93.865986, 27.097948], [93.864741, 27.096573], [93.863754, 27.094586], [93.862081, 27.093287], [93.860149, 27.092905], [93.857145, 27.093325], [93.854227, 27.094433], [93.852296, 27.095045], [93.850408, 27.094739], [93.847919, 27.092867], [93.845944, 27.09153], [93.842811, 27.09088], [93.840237, 27.092218], [93.83925, 27.09558], [93.83852, 27.097681], [93.833638, 27.098779], [93.828177, 27.09791], [93.835028, 27.074912], [93.818971, 27.0651], [93.812727, 27.070898], [93.804699, 27.061532], [93.801423, 27.055506], [93.791319, 27.054396], [93.785721, 27.047594], [93.778343, 27.048216], [93.773656, 27.049139], [93.768572, 27.043245], [93.719065, 27.019161], [93.705685, 27.008457], [93.698102, 26.99463], [93.721962, 26.978037], [93.726253, 26.971267], [93.734107, 26.969929], [93.738441, 26.969087], [93.740716, 26.963388], [93.745622, 26.959914], [93.745918, 26.959684], [93.746295, 26.944338], [93.744407, 26.941354], [93.748612, 26.937222], [93.750732, 26.92193], [93.750822, 26.914819], [93.743334, 26.914053], [93.74136, 26.910647], [93.744192, 26.905481], [93.742466, 26.903319], [93.744364, 26.89865], [93.755779, 26.893292], [93.779276, 26.887587], [93.789089, 26.860827], [93.788299, 26.860183], [93.788248, 26.860141], [93.78506, 26.85754], [93.77214, 26.847]]], "type": "Polygon"}, "id": "lakhimpur-narayanpur", "properties": {"district": "Lakhimpur", "grade": "zonal", "locality_id": "lakhimpur-narayanpur", "osm_id": "relation/10054861", "revenue_circle": "Narayanpur"}, "type": "Feature"}, {"geometry": {"coordinates": [[[92.404585, 26.143728], [92.402143, 26.143419], [92.401371, 26.139489], [92.399397, 26.137293], [92.399182, 26.135444], [92.404547, 26.128393], [92.40519, 26.128085], [92.407379, 26.128547], [92.40828, 26.127276], [92.406821, 26.123885], [92.404461, 26.122729], [92.400556, 26.121188], [92.399096, 26.119762], [92.396343, 26.115672], [92.394633, 26.113134], [92.388153, 26.106005], [92.385664, 26.102267], [92.383861, 26.099377], [92.382402, 26.095638], [92.378197, 26.090165], [92.373605, 26.086157], [92.370858, 26.083459], [92.367382, 26.081339], [92.364593, 26.079566], [92.363777, 26.080028], [92.363391, 26.08315], [92.361288, 26.085733], [92.360129, 26.087043], [92.360558, 26.0919], [92.35837, 26.089664], [92.353992, 26.086812], [92.351332, 26.086311], [92.345195, 26.083536], [92.339659, 26.080799], [92.336054, 26.07918], [92.333264, 26.078178], [92.330904, 26.078872], [92.329273, 26.080645], [92.327685, 26.083729], [92.326398, 26.085771], [92.323565, 26.086851], [92.32069, 26.08635], [92.313629, 26.08414], [92.312837, 26.083921], [92.30936, 26.083767], [92.307386, 26.084577], [92.305498, 26.08635], [92.303181, 26.086465], [92.301593, 26.084577], [92.301164, 26.082688], [92.301207, 26.080799], [92.289233, 26.075885], [92.287517, 26.073629], [92.288246, 26.070256], [92.282324, 26.068059], [92.279624, 26.068437], [92.277163, 26.067926], [92.280178, 26.074593], [92.279663, 26.078063], [92.279992, 26.081024], [92.279558, 26.083983], [92.278032, 26.087159], [92.28035, 26.093865], [92.283182, 26.100417], [92.281122, 26.103655], [92.279577, 26.105813], [92.276573, 26.108741], [92.272882, 26.110822], [92.26902, 26.110976], [92.267647, 26.111131], [92.266788, 26.113289], [92.267732, 26.115678], [92.272024, 26.119146], [92.275241, 26.119722], [92.276316, 26.119916], [92.279819, 26.119907], [92.281637, 26.120379], [92.282839, 26.122228], [92.282433, 26.124445], [92.282066, 26.126467], [92.281465, 26.129318], [92.281112, 26.130183], [92.280521, 26.13163], [92.279663, 26.133633], [92.281294, 26.137409], [92.28447, 26.143265], [92.290649, 26.144498], [92.29537, 26.145576], [92.297687, 26.147194], [92.299061, 26.149814], [92.298717, 26.153435], [92.298288, 26.156363], [92.297773, 26.158674], [92.294512, 26.160446], [92.288847, 26.161293], [92.285585, 26.162757], [92.283869, 26.164683], [92.280607, 26.167687], [92.279663, 26.167302], [92.278547, 26.164143], [92.276916, 26.162295], [92.274771, 26.161678], [92.272625, 26.161139], [92.27108, 26.162218], [92.269878, 26.164606], [92.269407, 26.165877], [92.268848, 26.167379], [92.266102, 26.171616], [92.260866, 26.173002], [92.255716, 26.172925], [92.251596, 26.172001], [92.247991, 26.172078], [92.246876, 26.173079], [92.248592, 26.176931], [92.253141, 26.180397], [92.255201, 26.182014], [92.257004, 26.18394], [92.257615, 26.18627], [92.25769, 26.186559], [92.256832, 26.18756], [92.253485, 26.18756], [92.249193, 26.188407], [92.249279, 26.191565], [92.249451, 26.194415], [92.249966, 26.196956], [92.250051, 26.199806], [92.250652, 26.202039], [92.252798, 26.202501], [92.255287, 26.203502], [92.257948, 26.205196], [92.258806, 26.209663], [92.263209, 26.210854], [92.266102, 26.213282], [92.268076, 26.2159], [92.266788, 26.218364], [92.266016, 26.219211], [92.267218, 26.220597], [92.268762, 26.220982], [92.269964, 26.221367], [92.271337, 26.222984], [92.272367, 26.22514], [92.271509, 26.227219], [92.270136, 26.22899], [92.267046, 26.229529], [92.264213, 26.229298], [92.26181, 26.230376], [92.261982, 26.232069], [92.26284, 26.233224], [92.26696, 26.233686], [92.269106, 26.23307], [92.27108, 26.231531], [92.272796, 26.230837], [92.273998, 26.231607], [92.274427, 26.235072], [92.274424, 26.235099], [92.274397, 26.235308], [92.274084, 26.237767], [92.27314, 26.238998], [92.268934, 26.240769], [92.265844, 26.240846], [92.262153, 26.240615], [92.259664, 26.239075], [92.255388, 26.238933], [92.25503, 26.238921], [92.253399, 26.241077], [92.254429, 26.244387], [92.254609, 26.248701], [92.254821, 26.254491], [92.255068, 26.259668], [92.255073, 26.259783], [92.256017, 26.261823], [92.25586, 26.275097], [92.255855, 26.275546], [92.255696, 26.289025], [92.25563, 26.294608], [92.255802, 26.29657], [92.255034, 26.297908], [92.2543, 26.299186], [92.253141, 26.301033], [92.252111, 26.303033], [92.252111, 26.304688], [92.252111, 26.307073], [92.250781, 26.308342], [92.248163, 26.307458], [92.247262, 26.307458], [92.245116, 26.308112], [92.242155, 26.308266], [92.238679, 26.308766], [92.238507, 26.309958], [92.239494, 26.311959], [92.24031, 26.314382], [92.240696, 26.316421], [92.241211, 26.318537], [92.242026, 26.322229], [92.242321, 26.326379], [92.245674, 26.32673], [92.248206, 26.328384], [92.249408, 26.329384], [92.250223, 26.330384], [92.250652, 26.332999], [92.250996, 26.33473], [92.25224, 26.336576], [92.254815, 26.338307], [92.256918, 26.338961], [92.25666, 26.335153], [92.257476, 26.333845], [92.261124, 26.334845], [92.264514, 26.335576], [92.267132, 26.33673], [92.269535, 26.337499], [92.271552, 26.337807], [92.272067, 26.336153], [92.272282, 26.334499], [92.271466, 26.334038], [92.269792, 26.333922], [92.267432, 26.333615], [92.266016, 26.33273], [92.265544, 26.331153], [92.266231, 26.329076], [92.267132, 26.327537], [92.26902, 26.327384], [92.27211, 26.328884], [92.274942, 26.329038], [92.276187, 26.329153], [92.277989, 26.329384], [92.279406, 26.329922], [92.280264, 26.330884], [92.280607, 26.333845], [92.282624, 26.334038], [92.284384, 26.333961], [92.286014, 26.334499], [92.287002, 26.33623], [92.287774, 26.338499], [92.289963, 26.338961], [92.290564, 26.336845], [92.29022, 26.334576], [92.290179, 26.332561], [92.290178, 26.332515], [92.290177, 26.332499], [92.290433, 26.331989], [92.291121, 26.330615], [92.293224, 26.328653], [92.294941, 26.327884], [92.296786, 26.327922], [92.298245, 26.329076], [92.298417, 26.331692], [92.298417, 26.333922], [92.298117, 26.335884], [92.297832, 26.337723], [92.299613, 26.33755], [92.301223, 26.336357], [92.302274, 26.334896], [92.303583, 26.333396], [92.304935, 26.332242], [92.308218, 26.331377], [92.310385, 26.332242], [92.311415, 26.330646], [92.31281, 26.33053], [92.313775, 26.331954], [92.314891, 26.332915], [92.316372, 26.334184], [92.318045, 26.335261], [92.319419, 26.33555], [92.32135, 26.335454], [92.323024, 26.334107], [92.324697, 26.334377], [92.325556, 26.336396], [92.324096, 26.338492], [92.323238, 26.339838], [92.322959, 26.343588], [92.323539, 26.345299], [92.325406, 26.346222], [92.327551, 26.346126], [92.329268, 26.345165], [92.33062, 26.344318], [92.332358, 26.343588], [92.335405, 26.342992], [92.335684, 26.341184], [92.335598, 26.340377], [92.334225, 26.339454], [92.334182, 26.337607], [92.334654, 26.336338], [92.335512, 26.334723], [92.336628, 26.333338], [92.341649, 26.329992], [92.344696, 26.330146], [92.346885, 26.330319], [92.348365, 26.329453], [92.349374, 26.329684], [92.350854, 26.3308], [92.352442, 26.331819], [92.355189, 26.332588], [92.356669, 26.331242], [92.357914, 26.329956], [92.359309, 26.329453], [92.361326, 26.329511], [92.366618, 26.329462], [92.366725, 26.329458], [92.36706, 26.32953], [92.367516, 26.326345], [92.369319, 26.32423], [92.370091, 26.322191], [92.369962, 26.320768], [92.370992, 26.318575], [92.37228, 26.317344], [92.374168, 26.316498], [92.376528, 26.315421], [92.376829, 26.31192], [92.376571, 26.308919], [92.375928, 26.306881], [92.375713, 26.304996], [92.377172, 26.303034], [92.37949, 26.302033], [92.383051, 26.301264], [92.385712, 26.301033], [92.387858, 26.30011], [92.390905, 26.297416], [92.39378, 26.293607], [92.39421, 26.290914], [92.396098, 26.288375], [92.398415, 26.286028], [92.400775, 26.283719], [92.402106, 26.281487], [92.40438, 26.280179], [92.406183, 26.278948], [92.409187, 26.272983], [92.414531, 26.271795], [92.41522, 26.271642], [92.415319, 26.27162], [92.419229, 26.270751], [92.418108, 26.268788], [92.416477, 26.265325], [92.412958, 26.254626], [92.41107, 26.250777], [92.409696, 26.248082], [92.407379, 26.246158], [92.407883, 26.24506], [92.40798, 26.244849], [92.414246, 26.242617], [92.417002, 26.24106], [92.41888, 26.239999], [92.424116, 26.233686], [92.42506, 26.228297], [92.426863, 26.224678], [92.427635, 26.222214], [92.428837, 26.219057], [92.429094, 26.214437], [92.430296, 26.208893], [92.429523, 26.202039], [92.428579, 26.196648], [92.429867, 26.19403], [92.430811, 26.191257], [92.429609, 26.189023], [92.426777, 26.185326], [92.422399, 26.177624], [92.422485, 26.172078], [92.418795, 26.160523], [92.41682, 26.153666], [92.41408, 26.151626], [92.413301, 26.151047], [92.408323, 26.147503], [92.405913, 26.145276], [92.405405, 26.144806], [92.404585, 26.143728]]], "type": "Polygon"}, "id": "morigaon-morigaon", "properties": {"district": "Morigaon", "grade": "zonal", "locality_id": "morigaon-morigaon", "osm_id": "relation/10047759", "revenue_circle": "Morigaon"}, "type": "Feature"}, {"geometry": {"coordinates": [[[92.439222, 26.370801], [92.439164, 26.372268], [92.438621, 26.386026], [92.440166, 26.389794], [92.437677, 26.390024], [92.435102, 26.390255], [92.432356, 26.391178], [92.432227, 26.391897], [92.432012, 26.3931], [92.43189, 26.394195], [92.431602, 26.396778], [92.431583, 26.396944], [92.430725, 26.401173], [92.430725, 26.404324], [92.431716, 26.406166], [92.431739, 26.406206], [92.432184, 26.407015], [92.431841, 26.412319], [92.430897, 26.413088], [92.42712, 26.412089], [92.424417, 26.413011], [92.424202, 26.415163], [92.424478, 26.416863], [92.424545, 26.417277], [92.424617, 26.418493], [92.42476, 26.420929], [92.425575, 26.424234], [92.426991, 26.428192], [92.428751, 26.429998], [92.43051, 26.431382], [92.433042, 26.432996], [92.436647, 26.433534], [92.438536, 26.435494], [92.439823, 26.43753], [92.439222, 26.439951], [92.437506, 26.441565], [92.436905, 26.443102], [92.436776, 26.446829], [92.43875, 26.449903], [92.439222, 26.452132], [92.437935, 26.453784], [92.436684, 26.454109], [92.434244, 26.454514], [92.434244, 26.455403], [92.434104, 26.455474], [92.434244, 26.456397], [92.433643, 26.459048], [92.429695, 26.46289], [92.428794, 26.466193], [92.426519, 26.470112], [92.425503, 26.471968], [92.425496, 26.471992], [92.425094, 26.472721], [92.425094, 26.473425], [92.425269, 26.473934], [92.426004, 26.476067], [92.424717, 26.477449], [92.422528, 26.478256], [92.420297, 26.478948], [92.418237, 26.479946], [92.418065, 26.481713], [92.418709, 26.485285], [92.419653, 26.488205], [92.418709, 26.489895], [92.417035, 26.494504], [92.41652, 26.495771], [92.415276, 26.497346], [92.414632, 26.49919], [92.415576, 26.501264], [92.416134, 26.504759], [92.417421, 26.509367], [92.416563, 26.514052], [92.411239, 26.517861], [92.442134, 26.521858], [92.451054, 26.520074], [92.457745, 26.504464], [92.458958, 26.501935], [92.458984, 26.501889], [92.458994, 26.501847], [92.460594, 26.498537], [92.472909, 26.497327], [92.520487, 26.50787], [92.546687, 26.505838], [92.546722, 26.505837], [92.547154, 26.505795], [92.561445, 26.507101], [92.566591, 26.504], [92.57196, 26.500764], [92.574016, 26.500101], [92.57638, 26.499343], [92.584223, 26.501836], [92.584493, 26.501922], [92.590714, 26.501571], [92.587666, 26.505642], [92.592688, 26.506333], [92.594876, 26.506794], [92.60479, 26.509789], [92.604678, 26.509145], [92.604469, 26.507945], [92.604467, 26.507911], [92.604232, 26.506525], [92.604146, 26.502339], [92.603545, 26.495157], [92.603202, 26.491969], [92.603931, 26.489088], [92.605906, 26.486476], [92.612042, 26.486284], [92.615261, 26.48736], [92.615889, 26.487007], [92.617064, 26.486284], [92.617785, 26.481991], [92.617793, 26.481944], [92.61642, 26.477219], [92.614017, 26.473531], [92.612128, 26.466847], [92.610841, 26.463197], [92.610659, 26.461182], [92.610653, 26.461125], [92.610583, 26.460354], [92.610583, 26.457933], [92.610927, 26.455282], [92.612729, 26.452631], [92.614789, 26.449327], [92.619123, 26.439951], [92.621355, 26.436877], [92.620582, 26.434994], [92.615776, 26.432112], [92.612772, 26.431958], [92.610712, 26.431612], [92.610273, 26.420642], [92.610271, 26.420587], [92.610269, 26.420536], [92.610268, 26.420502], [92.610259, 26.420279], [92.61024, 26.419007], [92.609509, 26.418486], [92.608352, 26.417662], [92.605906, 26.417739], [92.603911, 26.417707], [92.603846, 26.4177], [92.602172, 26.417047], [92.601571, 26.416201], [92.601485, 26.415048], [92.602129, 26.413165], [92.601828, 26.410436], [92.59449, 26.409744], [92.588138, 26.40713], [92.581873, 26.404401], [92.577968, 26.402018], [92.577281, 26.400673], [92.576895, 26.398712], [92.57668, 26.395868], [92.574663, 26.394522], [92.572947, 26.390024], [92.572646, 26.386872], [92.572646, 26.384835], [92.570071, 26.384527], [92.568226, 26.384373], [92.566552, 26.38445], [92.563634, 26.384527], [92.562561, 26.382143], [92.561789, 26.380375], [92.560844, 26.378107], [92.560072, 26.37424], [92.552948, 26.375723], [92.55209, 26.376799], [92.551231, 26.379106], [92.549257, 26.381951], [92.545996, 26.383028], [92.541962, 26.382028], [92.538099, 26.380029], [92.528572, 26.374031], [92.527251, 26.377843], [92.526199, 26.377903], [92.525988, 26.377908], [92.525483, 26.377921], [92.515, 26.378182], [92.511835, 26.37826], [92.50812, 26.376915], [92.507801, 26.376799], [92.507114, 26.374108], [92.506571, 26.372989], [92.506256, 26.372339], [92.502651, 26.37357], [92.502737, 26.37703], [92.504797, 26.379952], [92.504727, 26.382516], [92.504711, 26.383105], [92.500946, 26.383435], [92.500334, 26.383489], [92.500215, 26.382486], [92.499647, 26.377645], [92.496986, 26.37703], [92.493811, 26.376107], [92.492781, 26.371801], [92.49218, 26.369955], [92.487202, 26.367725], [92.48497, 26.365957], [92.484541, 26.368725], [92.480936, 26.368956], [92.477067, 26.370364], [92.476919, 26.370418], [92.476512, 26.370566], [92.475443, 26.370955], [92.475201, 26.37114], [92.47109, 26.374289], [92.471047, 26.374322], [92.470279, 26.374907], [92.470121, 26.375031], [92.468061, 26.375723], [92.466001, 26.375031], [92.46553, 26.374792], [92.465477, 26.374766], [92.464627, 26.374336], [92.462654, 26.373339], [92.459822, 26.372954], [92.457847, 26.374339], [92.457708, 26.374347], [92.457537, 26.374357], [92.455187, 26.374492], [92.451239, 26.372724], [92.450192, 26.371951], [92.447805, 26.370186], [92.4436, 26.367802], [92.442226, 26.369648], [92.439222, 26.370801]]], "type": "Polygon"}, "id": "nagaon-dhing", "properties": {"district": "Nagaon", "grade": "zonal", "locality_id": "nagaon-dhing", "osm_id": "relation/10048517", "revenue_circle": "Dhing"}, "type": "Feature"}, {"geometry": {"coordinates": [[[92.754803, 26.057383], [92.752665, 26.057381], [92.750187, 26.057939], [92.748084, 26.059482], [92.745681, 26.061332], [92.741733, 26.062103], [92.734609, 26.061332], [92.731948, 26.061024], [92.725038, 26.059636], [92.719288, 26.058402], [92.7174, 26.056899], [92.715168, 26.05366], [92.712507, 26.050576], [92.711005, 26.047838], [92.710533, 26.044098], [92.710876, 26.041399], [92.71152, 26.040011], [92.71255, 26.038314], [92.713881, 26.037736], [92.714208, 26.037015], [92.714739, 26.035847], [92.715211, 26.03334], [92.715039, 26.029484], [92.714181, 26.028134], [92.713022, 26.026322], [92.712593, 26.024548], [92.713365, 26.021964], [92.71328, 26.020113], [92.712207, 26.018725], [92.710619, 26.018262], [92.709417, 26.018416], [92.707615, 26.019534], [92.706628, 26.021038], [92.704997, 26.021424], [92.702079, 26.021308], [92.700191, 26.020923], [92.697444, 26.021077], [92.694654, 26.022041], [92.690964, 26.022543], [92.689805, 26.023468], [92.688732, 26.024972], [92.687402, 26.025936], [92.68487, 26.026939], [92.68311, 26.026862], [92.682399, 26.026582], [92.68105, 26.026052], [92.678304, 26.025705], [92.677445, 26.026283], [92.675943, 26.025666], [92.673111, 26.025203], [92.672665, 26.025651], [92.672381, 26.025936], [92.672038, 26.028057], [92.669248, 26.028558], [92.668133, 26.028636], [92.666416, 26.028057], [92.665901, 26.026746], [92.665562, 26.025744], [92.665543, 26.025687], [92.665508, 26.025583], [92.665466, 26.025459], [92.665172, 26.024586], [92.664056, 26.023275], [92.661738, 26.02208], [92.661499, 26.022049], [92.658691, 26.021694], [92.656825, 26.021193], [92.655974, 26.020241], [92.655931, 26.020193], [92.655859, 26.020113], [92.65573, 26.018628], [92.656052, 26.017567], [92.656009, 26.016507], [92.65528, 26.015119], [92.655516, 26.013595], [92.656074, 26.01267], [92.656996, 26.011011], [92.657511, 26.00943], [92.657361, 26.007482], [92.657275, 26.005322], [92.656932, 26.003721], [92.656739, 26.002198], [92.65661, 26.000867], [92.655129, 25.99998], [92.652597, 25.999517], [92.650194, 25.999305], [92.648306, 25.999479], [92.645559, 25.999768], [92.643349, 25.999536], [92.641676, 25.998302], [92.640388, 25.997974], [92.639251, 25.997993], [92.637963, 25.998553], [92.63689, 25.998977], [92.636354, 25.998784], [92.636633, 25.997569], [92.637169, 25.996894], [92.637577, 25.996084], [92.636397, 25.995525], [92.635431, 25.99539], [92.635066, 25.993673], [92.634809, 25.99242], [92.634165, 25.991089], [92.633865, 25.990375], [92.632964, 25.989739], [92.631698, 25.989237], [92.628758, 25.988581], [92.626097, 25.987482], [92.624896, 25.986151], [92.623265, 25.985013], [92.621634, 25.984338], [92.619982, 25.984377], [92.618952, 25.984396], [92.617235, 25.984685], [92.61584, 25.98428], [92.614961, 25.982949], [92.614682, 25.980924], [92.612729, 25.97832], [92.611635, 25.978146], [92.609703, 25.978223], [92.607729, 25.9783], [92.605627, 25.978165], [92.604575, 25.97778], [92.603545, 25.97695], [92.602129, 25.976179], [92.600606, 25.976622], [92.598546, 25.977625], [92.596979, 25.978223], [92.595777, 25.977741], [92.595284, 25.975696], [92.594082, 25.973034], [92.592495, 25.969774], [92.590671, 25.965376], [92.589383, 25.964739], [92.588053, 25.96418], [92.586057, 25.964122], [92.584083, 25.964932], [92.582281, 25.965723], [92.580894, 25.965942], [92.578933, 25.96607], [92.575371, 25.966109], [92.573376, 25.96526], [92.571294, 25.963948], [92.569342, 25.963041], [92.566166, 25.962521], [92.56505, 25.962598], [92.563291, 25.963659], [92.561789, 25.964681], [92.558935, 25.965183], [92.555995, 25.965434], [92.553785, 25.96553], [92.551081, 25.965935], [92.550523, 25.966745], [92.549558, 25.96825], [92.548485, 25.969234], [92.546897, 25.97099], [92.546918, 25.972359], [92.547476, 25.973632], [92.550759, 25.978725], [92.552862, 25.982583], [92.555652, 25.987077], [92.557261, 25.989565], [92.561252, 25.995853], [92.563419, 25.998939], [92.564256, 25.99998], [92.565501, 26.001099], [92.566423, 26.002449], [92.566767, 26.004107], [92.566917, 26.006016], [92.566209, 26.008928], [92.566037, 26.010413], [92.566616, 26.01186], [92.568634, 26.013653], [92.572796, 26.015967], [92.578483, 26.018185], [92.585478, 26.020306], [92.591465, 26.021636], [92.593095, 26.022003], [92.594597, 26.022774], [92.594147, 26.023873], [92.592645, 26.025416], [92.591228, 26.027556], [92.590413, 26.027961], [92.588439, 26.028211], [92.586572, 26.028404], [92.584662, 26.02879], [92.58213, 26.029118], [92.581015, 26.029927], [92.579856, 26.031624], [92.579641, 26.033437], [92.579749, 26.035654], [92.581229, 26.038796], [92.582817, 26.041765], [92.583118, 26.045775], [92.584083, 26.051289], [92.584169, 26.053352], [92.58522, 26.056127], [92.586894, 26.058788], [92.588611, 26.061679], [92.589726, 26.063857], [92.590971, 26.065303], [92.593889, 26.067346], [92.594876, 26.068811], [92.596056, 26.071375], [92.595756, 26.075595], [92.595928, 26.078544], [92.595777, 26.080876], [92.595048, 26.08211], [92.591379, 26.08396], [92.584963, 26.087198], [92.579019, 26.091495], [92.576315, 26.092902], [92.574963, 26.09454], [92.574234, 26.096717], [92.574663, 26.100109], [92.576401, 26.104483], [92.576723, 26.106814], [92.576079, 26.110341], [92.575479, 26.111843], [92.574685, 26.114079], [92.573826, 26.115716], [92.572431, 26.116506], [92.569621, 26.116834], [92.565844, 26.116506], [92.566509, 26.125619], [92.568397, 26.131013], [92.5702, 26.139489], [92.570499, 26.140644], [92.573118, 26.150738], [92.575521, 26.155592], [92.581272, 26.156902], [92.585478, 26.157749], [92.589683, 26.158134], [92.595692, 26.157518], [92.598009, 26.15644], [92.599983, 26.159521], [92.600584, 26.165607], [92.592602, 26.169074], [92.581358, 26.174697], [92.578268, 26.177239], [92.57904, 26.180243], [92.581444, 26.183478], [92.58419, 26.187483], [92.586851, 26.190949], [92.591143, 26.193953], [92.595005, 26.197341], [92.597666, 26.199806], [92.602129, 26.201577], [92.605476, 26.202501], [92.606077, 26.205427], [92.606678, 26.209355], [92.607365, 26.212435], [92.607794, 26.2159], [92.609167, 26.21821], [92.610283, 26.217132], [92.612171, 26.217132], [92.613115, 26.219904], [92.615175, 26.221136], [92.618265, 26.220674], [92.622814, 26.218903], [92.62908, 26.215361], [92.632427, 26.214899], [92.636118, 26.216516], [92.63777, 26.216381], [92.64307, 26.215438], [92.647877, 26.213359], [92.650537, 26.212589], [92.656631, 26.211742], [92.660665, 26.210741], [92.6653, 26.210433], [92.673883, 26.20897], [92.676802, 26.209432], [92.682037, 26.21051], [92.685385, 26.212204], [92.69002, 26.2159], [92.695255, 26.218441], [92.699804, 26.219057], [92.702122, 26.220289], [92.703667, 26.222291], [92.705812, 26.224293], [92.708216, 26.226295], [92.713194, 26.225525], [92.718172, 26.224062], [92.721004, 26.223292], [92.724524, 26.222599], [92.726927, 26.223446], [92.730017, 26.224062], [92.732506, 26.2236], [92.734137, 26.221598], [92.735403, 26.219553], [92.736282, 26.218133], [92.743921, 26.215669], [92.750444, 26.21436], [92.759027, 26.210895], [92.76628, 26.204908], [92.767375, 26.204195], [92.769735, 26.203271], [92.771752, 26.202963], [92.775636, 26.201866], [92.77703, 26.201096], [92.778339, 26.199536], [92.776923, 26.198304], [92.776794, 26.197187], [92.777395, 26.195801], [92.778254, 26.195185], [92.780399, 26.19376], [92.781408, 26.192663], [92.781601, 26.190545], [92.781129, 26.189563], [92.780356, 26.188542], [92.778597, 26.187579], [92.776687, 26.187271], [92.772674, 26.187175], [92.770507, 26.186867], [92.768297, 26.186751], [92.765701, 26.186732], [92.76334, 26.186135], [92.759199, 26.183574], [92.756925, 26.181591], [92.755938, 26.180609], [92.755165, 26.179415], [92.755015, 26.177855], [92.755895, 26.175968], [92.758405, 26.174331], [92.760165, 26.17333], [92.760637, 26.172347], [92.76068, 26.170383], [92.760723, 26.163893], [92.76098, 26.162718], [92.761924, 26.160927], [92.762718, 26.159656], [92.762611, 26.157576], [92.762074, 26.155823], [92.760444, 26.154995], [92.758748, 26.153762], [92.757633, 26.152144], [92.756259, 26.148889], [92.755465, 26.147464], [92.754478, 26.14575], [92.753856, 26.143997], [92.751946, 26.142937], [92.749758, 26.142745], [92.747075, 26.142918], [92.74302, 26.143245], [92.74066, 26.144209], [92.738793, 26.144401], [92.736819, 26.145711], [92.735553, 26.146424], [92.734029, 26.14679], [92.731776, 26.146809], [92.729523, 26.146847], [92.727206, 26.14731], [92.72476, 26.148369], [92.72418, 26.148697], [92.723858, 26.149583], [92.723451, 26.150719], [92.722506, 26.150835], [92.721369, 26.14991], [92.720039, 26.148254], [92.717464, 26.146366], [92.714996, 26.144941], [92.709224, 26.142957], [92.7068, 26.14207], [92.705512, 26.13841], [92.70225, 26.135521], [92.700877, 26.133518], [92.69989, 26.130859], [92.70092, 26.127738], [92.702765, 26.126428], [92.706499, 26.126274], [92.711134, 26.125581], [92.714138, 26.124271], [92.718601, 26.122575], [92.722678, 26.120957], [92.727442, 26.119415], [92.730575, 26.117373], [92.731819, 26.115023], [92.732119, 26.112402], [92.731133, 26.10824], [92.729888, 26.105196], [92.727613, 26.103886], [92.725296, 26.104232], [92.72285, 26.105581], [92.720532, 26.106429], [92.718515, 26.105697], [92.716927, 26.10431], [92.715769, 26.102074], [92.716327, 26.099878], [92.718258, 26.098028], [92.720661, 26.097257], [92.724824, 26.099145], [92.727914, 26.101959], [92.731862, 26.103886], [92.734651, 26.104888], [92.737184, 26.104348], [92.738471, 26.101573], [92.740874, 26.095869], [92.741786, 26.093364], [92.742548, 26.091245], [92.741776, 26.086311], [92.739844, 26.08342], [92.737269, 26.080221], [92.734694, 26.07706], [92.733107, 26.074323], [92.733493, 26.072512], [92.735038, 26.072589], [92.739673, 26.074285], [92.744651, 26.075827], [92.747869, 26.075904], [92.752032, 26.074054], [92.754307, 26.071856], [92.755079, 26.066961], [92.754803, 26.057383]]], "type": "Polygon"}, "id": "nagaon-kampur", "properties": {"district": "Nagaon", "grade": "zonal", "locality_id": "nagaon-kampur", "osm_id": "relation/10048512", "revenue_circle": "Kampur"}, "type": "Feature"}, {"geometry": {"coordinates": [[[91.370957, 26.474022], [91.369576, 26.472312], [91.367136, 26.471261], [91.366124, 26.470272], [91.365686, 26.468603], [91.365663, 26.466893], [91.364904, 26.464544], [91.364627, 26.462504], [91.364351, 26.460856], [91.362349, 26.45997], [91.359955, 26.459001], [91.357561, 26.4583], [91.356249, 26.457909], [91.354569, 26.458218], [91.353027, 26.459248], [91.352428, 26.45999], [91.350886, 26.461989], [91.349482, 26.462174], [91.348308, 26.460732], [91.347341, 26.459187], [91.344602, 26.459454], [91.34405, 26.459928], [91.344533, 26.461227], [91.345224, 26.461968], [91.345178, 26.463205], [91.344027, 26.463741], [91.34161, 26.463328], [91.338387, 26.462648], [91.334659, 26.46271], [91.333347, 26.46201], [91.332518, 26.460176], [91.331689, 26.458692], [91.332081, 26.456775], [91.333116, 26.455271], [91.33482, 26.453211], [91.334083, 26.451047], [91.332288, 26.450325], [91.330078, 26.450222], [91.328145, 26.450779], [91.32628, 26.451706], [91.325267, 26.452839], [91.325175, 26.454571], [91.325451, 26.455951], [91.324669, 26.45727], [91.322252, 26.457373], [91.321608, 26.457188], [91.320319, 26.456446], [91.319927, 26.455024], [91.319375, 26.453849], [91.318523, 26.452984], [91.317211, 26.452839], [91.315922, 26.452262], [91.314127, 26.449151], [91.31339, 26.443071], [91.313551, 26.44066], [91.30858, 26.44], [91.301766, 26.441175], [91.298291, 26.440598], [91.298107, 26.438042], [91.296864, 26.437094], [91.294378, 26.436682], [91.291685, 26.435651], [91.287196, 26.435837], [91.284618, 26.433425], [91.285792, 26.430787], [91.288278, 26.428541], [91.292122, 26.428705], [91.294723, 26.428829], [91.303838, 26.429592], [91.305081, 26.430664], [91.306508, 26.432931], [91.309132, 26.433302], [91.311434, 26.432065], [91.31392, 26.430993], [91.318017, 26.430251], [91.320549, 26.429344], [91.322206, 26.427407], [91.322943, 26.426995], [91.328559, 26.426871], [91.329157, 26.427325], [91.33017, 26.429592], [91.33063, 26.431818], [91.330815, 26.435074], [91.333853, 26.440103], [91.336155, 26.441299], [91.336293, 26.444019], [91.336201, 26.446162], [91.336385, 26.447935], [91.337352, 26.44913], [91.339561, 26.448347], [91.341311, 26.446657], [91.342139, 26.44439], [91.342093, 26.441876], [91.341403, 26.439732], [91.340482, 26.437589], [91.340574, 26.435198], [91.341218, 26.43392], [91.343198, 26.433137], [91.345914, 26.433343], [91.349505, 26.433055], [91.349505, 26.430087], [91.349643, 26.428355], [91.352129, 26.428025], [91.354891, 26.428231], [91.356732, 26.428973], [91.359587, 26.429798], [91.368563, 26.433879], [91.37174, 26.434003], [91.373075, 26.436064], [91.375377, 26.437259], [91.378369, 26.43763], [91.381822, 26.43829], [91.384906, 26.439073], [91.390246, 26.439155], [91.391857, 26.441257], [91.392866, 26.441737], [91.394113, 26.442329], [91.396277, 26.443401], [91.400604, 26.448677], [91.401893, 26.451026], [91.401847, 26.452757], [91.40042, 26.455024], [91.397796, 26.459104], [91.396415, 26.461865], [91.397105, 26.465492], [91.399269, 26.468253], [91.401617, 26.470602], [91.404287, 26.472415], [91.415105, 26.473198], [91.419018, 26.473734], [91.421872, 26.474682], [91.429007, 26.483871], [91.433519, 26.48898], [91.434624, 26.491781], [91.433979, 26.498538], [91.431585, 26.503647], [91.428455, 26.509579], [91.426245, 26.513122], [91.424864, 26.515923], [91.42155, 26.518889], [91.421918, 26.522102], [91.42422, 26.524738], [91.424588, 26.527868], [91.423757, 26.534871], [91.415391, 26.53375], [91.409683, 26.532253], [91.403932, 26.530487], [91.393161, 26.52922], [91.388826, 26.527684], [91.383934, 26.527223], [91.380049, 26.523811], [91.376919, 26.521278], [91.375952, 26.518292], [91.37662, 26.513863], [91.379382, 26.510732], [91.379658, 26.507931], [91.37975, 26.505171], [91.380533, 26.503276], [91.38173, 26.502205], [91.383249, 26.502081], [91.384768, 26.501752], [91.386287, 26.497632], [91.3844, 26.492193], [91.384998, 26.488403], [91.38173, 26.485436], [91.380625, 26.482923], [91.378231, 26.480821], [91.375745, 26.480409], [91.37685, 26.477937], [91.375791, 26.475918], [91.374134, 26.474105], [91.372799, 26.473281], [91.370957, 26.474022]]], "type": "Polygon"}, "id": "nalbari-banekuchi", "properties": {"district": "Nalbari", "grade": "zonal", "locality_id": "nalbari-banekuchi", "osm_id": "relation/10045993", "revenue_circle": "Banekuchi"}, "type": "Feature"}, {"geometry": {"coordinates": [[[91.383934, 26.527223], [91.379127, 26.526762], [91.372819, 26.52561], [91.366982, 26.525783], [91.363764, 26.525898], [91.358721, 26.525457], [91.353142, 26.524362], [91.353636, 26.522673], [91.354194, 26.518507], [91.354, 26.511729], [91.353528, 26.510365], [91.352842, 26.509808], [91.351018, 26.509482], [91.347542, 26.509367], [91.345031, 26.508368], [91.343915, 26.50762], [91.342971, 26.505834], [91.342907, 26.503337], [91.3428, 26.502262], [91.341941, 26.500611], [91.341255, 26.500073], [91.339946, 26.499612], [91.338401, 26.499747], [91.336641, 26.500764], [91.334646, 26.500879], [91.333895, 26.499343], [91.332908, 26.496328], [91.331973, 26.494971], [91.33795, 26.492811], [91.341034, 26.491617], [91.344027, 26.490175], [91.347802, 26.487991], [91.348124, 26.485931], [91.349091, 26.4842], [91.350656, 26.483335], [91.352221, 26.482882], [91.354845, 26.483088], [91.357653, 26.483294], [91.359909, 26.4835], [91.361106, 26.482799], [91.361106, 26.48111], [91.360093, 26.479874], [91.35839, 26.479668], [91.357193, 26.479256], [91.357745, 26.477401], [91.360323, 26.476824], [91.36152, 26.476536], [91.363592, 26.476124], [91.365847, 26.476042], [91.368886, 26.475794], [91.370957, 26.474022], [91.372799, 26.473281], [91.374134, 26.474105], [91.375791, 26.475918], [91.37685, 26.477937], [91.375745, 26.480409], [91.378231, 26.480821], [91.380625, 26.482923], [91.38173, 26.485436], [91.384998, 26.488403], [91.3844, 26.492193], [91.386287, 26.497632], [91.384768, 26.501752], [91.383249, 26.502081], [91.38173, 26.502205], [91.380533, 26.503276], [91.37975, 26.505171], [91.379658, 26.507931], [91.379382, 26.510732], [91.37662, 26.513863], [91.375952, 26.518292], [91.376919, 26.521278], [91.380049, 26.523811], [91.383934, 26.527223]]], "type": "Polygon"}, "id": "nalbari-barama-pt", "properties": {"district": "Nalbari", "grade": "zonal", "locality_id": "nalbari-barama-pt", "osm_id": "relation/10045992", "revenue_circle": "Barama (Pt)"}, "type": "Feature"}, {"geometry": {"coordinates": [[[91.413159, 26.136388], [91.412087, 26.135849], [91.411142, 26.136523], [91.408546, 26.137756], [91.406786, 26.138391], [91.404383, 26.138449], [91.401079, 26.137486], [91.396272, 26.137255], [91.393826, 26.137293], [91.391637, 26.137948], [91.389728, 26.138738], [91.388354, 26.139682], [91.386294, 26.141396], [91.383741, 26.143477], [91.381123, 26.1481], [91.375458, 26.152318], [91.372347, 26.15513], [91.371188, 26.155977], [91.368978, 26.157345], [91.367819, 26.158654], [91.36621, 26.160311], [91.364493, 26.161409], [91.362348, 26.162063], [91.359451, 26.162853], [91.357348, 26.163623], [91.355975, 26.164817], [91.353743, 26.16632], [91.352692, 26.166897], [91.350524, 26.167032], [91.34928, 26.166705], [91.347606, 26.165492], [91.34619, 26.164182], [91.344173, 26.162988], [91.342371, 26.16268], [91.340139, 26.162814], [91.337778, 26.16476], [91.335869, 26.166532], [91.334238, 26.167225], [91.332564, 26.167379], [91.331427, 26.166377], [91.330376, 26.164683], [91.327929, 26.163296], [91.324968, 26.161004], [91.321782, 26.160609], [91.316235, 26.160426], [91.309691, 26.160927], [91.304541, 26.160638], [91.301858, 26.160311], [91.299176, 26.159097], [91.296408, 26.157903], [91.293941, 26.156767], [91.291645, 26.157017], [91.286709, 26.157865], [91.284413, 26.158308], [91.282353, 26.15904], [91.280487, 26.159598], [91.274757, 26.160311], [91.273341, 26.160812], [91.271646, 26.161428], [91.269157, 26.161794], [91.266131, 26.161986], [91.262913, 26.162083], [91.258535, 26.162449], [91.256111, 26.162391], [91.253171, 26.163065], [91.25124, 26.164124], [91.248472, 26.165954], [91.245875, 26.168958], [91.243107, 26.170268], [91.239695, 26.171462], [91.2374, 26.172617], [91.234503, 26.174928], [91.229429, 26.177537], [91.22824, 26.177998], [91.234717, 26.179781], [91.23682, 26.180782], [91.237915, 26.183728], [91.238344, 26.185904], [91.2377, 26.187579], [91.237292, 26.189909], [91.237957, 26.193182], [91.240725, 26.195474], [91.242678, 26.197168], [91.24506, 26.197823], [91.246669, 26.198843], [91.246991, 26.199998], [91.246862, 26.201365], [91.245446, 26.201866], [91.243322, 26.202193], [91.241605, 26.202732], [91.239352, 26.203906], [91.237679, 26.20537], [91.2374, 26.207757], [91.236992, 26.209028], [91.235232, 26.210548], [91.23122, 26.213552], [91.22843, 26.214841], [91.225812, 26.215765], [91.221049, 26.216535], [91.218302, 26.217036], [91.215878, 26.217767], [91.214697, 26.218672], [91.214268, 26.219962], [91.214118, 26.222214], [91.216371, 26.224197], [91.217186, 26.224986], [91.218045, 26.22668], [91.218174, 26.227661], [91.217144, 26.22949], [91.216006, 26.232416], [91.214333, 26.234398], [91.213775, 26.23794], [91.214376, 26.239807], [91.217079, 26.241866], [91.219847, 26.243694], [91.221092, 26.244445], [91.222873, 26.244214], [91.225705, 26.243771], [91.227744, 26.243714], [91.229203, 26.244002], [91.231584, 26.2466], [91.233644, 26.248121], [91.235897, 26.249699], [91.237378, 26.253259], [91.238515, 26.256627], [91.239975, 26.259802], [91.239781, 26.261476], [91.237614, 26.263016], [91.235168, 26.26367], [91.232464, 26.26392], [91.229117, 26.263978], [91.225426, 26.263689], [91.22371, 26.263208], [91.222508, 26.262515], [91.221564, 26.261784], [91.220491, 26.261226], [91.218603, 26.260071], [91.217701, 26.260206], [91.217294, 26.261188], [91.21753, 26.2624], [91.218045, 26.263131], [91.219053, 26.263497], [91.219332, 26.26417], [91.219204, 26.264882], [91.218109, 26.266037], [91.216843, 26.266729], [91.216006, 26.26798], [91.215856, 26.269443], [91.215942, 26.27077], [91.216972, 26.271597], [91.217766, 26.272521], [91.218903, 26.275465], [91.22062, 26.277081], [91.222959, 26.278813], [91.224697, 26.281237], [91.226606, 26.282026], [91.230233, 26.281853], [91.23373, 26.280621], [91.236198, 26.280083], [91.238494, 26.279563], [91.24006, 26.27964], [91.241198, 26.280256], [91.244803, 26.283334], [91.247656, 26.284508], [91.251733, 26.286162], [91.254501, 26.287451], [91.257699, 26.288259], [91.259351, 26.288779], [91.260552, 26.289875], [91.261303, 26.291511], [91.261089, 26.292453], [91.260016, 26.293858], [91.258235, 26.294512], [91.256561, 26.294088], [91.254587, 26.293819], [91.25315, 26.294223], [91.252055, 26.295204], [91.25051, 26.297224], [91.249909, 26.298878], [91.249673, 26.300186], [91.249995, 26.302091], [91.250553, 26.303611], [91.251261, 26.304264], [91.253021, 26.303822], [91.25448, 26.303207], [91.256282, 26.302745], [91.257784, 26.302399], [91.259308, 26.30286], [91.26096, 26.304111], [91.261625, 26.30588], [91.261303, 26.308843], [91.260467, 26.310554], [91.25905, 26.311439], [91.257183, 26.31167], [91.256132, 26.311709], [91.255231, 26.312209], [91.254265, 26.312959], [91.254222, 26.314536], [91.254973, 26.315402], [91.256947, 26.317652], [91.259351, 26.317979], [91.261668, 26.318075], [91.263084, 26.319133], [91.263664, 26.319883], [91.265209, 26.323152], [91.267505, 26.325768], [91.268406, 26.327326], [91.269264, 26.329518], [91.268513, 26.331115], [91.266925, 26.334499], [91.266432, 26.337134], [91.265831, 26.33798], [91.265788, 26.338749], [91.266861, 26.341384], [91.268406, 26.342095], [91.270916, 26.341845], [91.272869, 26.341384], [91.274285, 26.340711], [91.275895, 26.340557], [91.278289, 26.340019], [91.279946, 26.338493], [91.281971, 26.337461], [91.28791, 26.338121], [91.290994, 26.337131], [91.295322, 26.337049], [91.296749, 26.334903], [91.297485, 26.332634], [91.298866, 26.330901], [91.301076, 26.329416], [91.303654, 26.327188], [91.306048, 26.327436], [91.306278, 26.328838], [91.304621, 26.3302], [91.303286, 26.331149], [91.304529, 26.332387], [91.305265, 26.333047], [91.304575, 26.334615], [91.303976, 26.336554], [91.305311, 26.339277], [91.305772, 26.341174], [91.308396, 26.34365], [91.312907, 26.349054], [91.315117, 26.35322], [91.315669, 26.354087], [91.31682, 26.354994], [91.319076, 26.35553], [91.320549, 26.356892], [91.319812, 26.358954], [91.31903, 26.361264], [91.317787, 26.363285], [91.317326, 26.365595], [91.318385, 26.366915], [91.320319, 26.366379], [91.322298, 26.365966], [91.324508, 26.366172], [91.327868, 26.368111], [91.328835, 26.367781], [91.330538, 26.366131], [91.330769, 26.364234], [91.331413, 26.362378], [91.333945, 26.361594], [91.335971, 26.361182], [91.337628, 26.359779], [91.339239, 26.357304], [91.344763, 26.354252], [91.348998, 26.352602], [91.354062, 26.350456], [91.358712, 26.348229], [91.360829, 26.346538], [91.363039, 26.344062], [91.364558, 26.339731], [91.364144, 26.333748], [91.363361, 26.332428], [91.361152, 26.332222], [91.359633, 26.332469], [91.357239, 26.332511], [91.355075, 26.33185], [91.353234, 26.330489], [91.349505, 26.329127], [91.346559, 26.330571], [91.344993, 26.330489], [91.344211, 26.327972], [91.344625, 26.326734], [91.344441, 26.324382], [91.344119, 26.321948], [91.343382, 26.319555], [91.341449, 26.316625], [91.34039, 26.313654], [91.341633, 26.312622], [91.344349, 26.311879], [91.348308, 26.310683], [91.351392, 26.309486], [91.355397, 26.30928], [91.355029, 26.314768], [91.354937, 26.316955], [91.354108, 26.319926], [91.350886, 26.322443], [91.349827, 26.323722], [91.351346, 26.324919], [91.354891, 26.323681], [91.357607, 26.322773], [91.359679, 26.322072], [91.362809, 26.321494], [91.365709, 26.322113], [91.368609, 26.323062], [91.373213, 26.321948], [91.384814, 26.321742], [91.38974, 26.321205], [91.392502, 26.320999], [91.396415, 26.320463], [91.399177, 26.319472], [91.40111, 26.320297], [91.403136, 26.321494], [91.40622, 26.321535], [91.408568, 26.318853], [91.41156, 26.32236], [91.413517, 26.322278], [91.415243, 26.32331], [91.4169, 26.32333], [91.417223, 26.321762], [91.417729, 26.319844], [91.418788, 26.318688], [91.420008, 26.317491], [91.418742, 26.316047], [91.419432, 26.314974], [91.421458, 26.314809], [91.423345, 26.315903], [91.423829, 26.317677], [91.422079, 26.318791], [91.421089, 26.319513], [91.421182, 26.320875], [91.424266, 26.320854], [91.424956, 26.319658], [91.425946, 26.317842], [91.427212, 26.320318], [91.428708, 26.320813], [91.430872, 26.320566], [91.433289, 26.319844], [91.437869, 26.318069], [91.439596, 26.317285], [91.44077, 26.31745], [91.441253, 26.318894], [91.441506, 26.320607], [91.442358, 26.320463], [91.443555, 26.319245], [91.444936, 26.31875], [91.44611, 26.319287], [91.446271, 26.320277], [91.447237, 26.323103], [91.44848, 26.324052], [91.449585, 26.324094], [91.450667, 26.322526], [91.45145, 26.321886], [91.451864, 26.321391], [91.453929, 26.320748], [91.452749, 26.319652], [91.451847, 26.317363], [91.45129, 26.316036], [91.450195, 26.314978], [91.450839, 26.314517], [91.452534, 26.314324], [91.454186, 26.314094], [91.455452, 26.314113], [91.456826, 26.313555], [91.456718, 26.312478], [91.455731, 26.311632], [91.45395, 26.311131], [91.452577, 26.310535], [91.450088, 26.309304], [91.449144, 26.306342], [91.449723, 26.301975], [91.448178, 26.295839], [91.448393, 26.293627], [91.447942, 26.291684], [91.446998, 26.289702], [91.447535, 26.286027], [91.449015, 26.283642], [91.448672, 26.275253], [91.449079, 26.273599], [91.449788, 26.271463], [91.449423, 26.270058], [91.448758, 26.268961], [91.447706, 26.268731], [91.445904, 26.268634], [91.444552, 26.268019], [91.44438, 26.265652], [91.441934, 26.263131], [91.440067, 26.261861], [91.437278, 26.260322], [91.43451, 26.260264], [91.432579, 26.26061], [91.431098, 26.261322], [91.429295, 26.263054], [91.427901, 26.264613], [91.425884, 26.266094], [91.424274, 26.267287], [91.421678, 26.26748], [91.418138, 26.267345], [91.414297, 26.266672], [91.41185, 26.265132], [91.411271, 26.260899], [91.410885, 26.257897], [91.411464, 26.255703], [91.412837, 26.253278], [91.413996, 26.252336], [91.415069, 26.250315], [91.415391, 26.246504], [91.416163, 26.243059], [91.417172, 26.239133], [91.419039, 26.236766], [91.42067, 26.234071], [91.421056, 26.231126], [91.420734, 26.229067], [91.419854, 26.227604], [91.419511, 26.223388], [91.419833, 26.216593], [91.419168, 26.211049], [91.418867, 26.209509], [91.41818, 26.207353], [91.417494, 26.205851], [91.416743, 26.205158], [91.413395, 26.204965], [91.412108, 26.204522], [91.410284, 26.20279], [91.409984, 26.20021], [91.410627, 26.19865], [91.41185, 26.196975], [91.413438, 26.194723], [91.414897, 26.190121], [91.415906, 26.184614], [91.417065, 26.179299], [91.418374, 26.177142], [91.419425, 26.175891], [91.419575, 26.173253], [91.418438, 26.168457], [91.418095, 26.164606], [91.416721, 26.157306], [91.415348, 26.149544], [91.414576, 26.143111], [91.414275, 26.14026], [91.413696, 26.137736], [91.413159, 26.136388]]], "type": "Polygon"}, "id": "nalbari-barkhetri", "properties": {"district": "Nalbari", "grade": "zonal", "locality_id": "nalbari-barkhetri", "osm_id": "relation/10045989", "revenue_circle": "Barkhetri"}, "type": "Feature"}, {"geometry": {"coordinates": [[[91.41156, 26.32236], [91.411836, 26.32529], [91.409995, 26.330571], [91.409857, 26.332964], [91.410133, 26.33478], [91.411192, 26.336554], [91.412849, 26.338245], [91.416854, 26.33742], [91.418511, 26.336471], [91.420859, 26.335027], [91.422471, 26.333831], [91.424496, 26.333624], [91.425877, 26.33478], [91.426199, 26.338947], [91.427627, 26.343031], [91.426429, 26.343031], [91.422563, 26.343774], [91.420537, 26.344104], [91.416578, 26.344516], [91.413171, 26.344599], [91.41179, 26.343196], [91.409673, 26.341298], [91.406911, 26.340143], [91.404056, 26.339813], [91.402675, 26.343939], [91.3989, 26.343608], [91.398072, 26.342536], [91.397474, 26.341009], [91.398624, 26.339029], [91.398809, 26.336636], [91.396783, 26.336017], [91.394343, 26.336306], [91.392364, 26.336843], [91.39043, 26.337544], [91.391995, 26.340267], [91.392732, 26.342], [91.391121, 26.343113], [91.388911, 26.341587], [91.38509, 26.340762], [91.381637, 26.341504], [91.379059, 26.343526], [91.378415, 26.346414], [91.379198, 26.348889], [91.38021, 26.350539], [91.380855, 26.352767], [91.382006, 26.360893], [91.386563, 26.36378], [91.390154, 26.3651], [91.393514, 26.366337], [91.396277, 26.367987], [91.39821, 26.369967], [91.397934, 26.372978], [91.397566, 26.375947], [91.398993, 26.377803], [91.40332, 26.379371], [91.404931, 26.379783], [91.405852, 26.384072], [91.405668, 26.386423], [91.406542, 26.388938], [91.407785, 26.390588], [91.408338, 26.392361], [91.4082, 26.393227], [91.405253, 26.395041], [91.402952, 26.396113], [91.400005, 26.40069], [91.402537, 26.405638], [91.404195, 26.408483], [91.417867, 26.416193], [91.415289, 26.435157], [91.407003, 26.435322], [91.403504, 26.434992], [91.395724, 26.437136], [91.394665, 26.439732], [91.392866, 26.441737], [91.391857, 26.441257], [91.390246, 26.439155], [91.384906, 26.439073], [91.381822, 26.43829], [91.378369, 26.43763], [91.375377, 26.437259], [91.373075, 26.436064], [91.37174, 26.434003], [91.368563, 26.433879], [91.359587, 26.429798], [91.356732, 26.428973], [91.354891, 26.428231], [91.352129, 26.428025], [91.349643, 26.428355], [91.349505, 26.430087], [91.349505, 26.433055], [91.345914, 26.433343], [91.343198, 26.433137], [91.341218, 26.43392], [91.340574, 26.435198], [91.340482, 26.437589], [91.341403, 26.439732], [91.342093, 26.441876], [91.342139, 26.44439], [91.341311, 26.446657], [91.339561, 26.448347], [91.337352, 26.44913], [91.336385, 26.447935], [91.336201, 26.446162], [91.336293, 26.444019], [91.336155, 26.441299], [91.333853, 26.440103], [91.330815, 26.435074], [91.33063, 26.431818], [91.33017, 26.429592], [91.329157, 26.427325], [91.328559, 26.426871], [91.322943, 26.426995], [91.322206, 26.427407], [91.320549, 26.429344], [91.318017, 26.430251], [91.31392, 26.430993], [91.311434, 26.432065], [91.309132, 26.433302], [91.306508, 26.432931], [91.305081, 26.430664], [91.303838, 26.429592], [91.294723, 26.428829], [91.29882, 26.423779], [91.301766, 26.420399], [91.305449, 26.417925], [91.304805, 26.414627], [91.301306, 26.414627], [91.300938, 26.412153], [91.301306, 26.409349], [91.297439, 26.409019], [91.290994, 26.410339], [91.284181, 26.410586], [91.280038, 26.413555], [91.278012, 26.409761], [91.272488, 26.40803], [91.266227, 26.410174], [91.262729, 26.411658], [91.261716, 26.415781], [91.257296, 26.414379], [91.255087, 26.41405], [91.250115, 26.414956], [91.249655, 26.41809], [91.249471, 26.420976], [91.248642, 26.423284], [91.246432, 26.424521], [91.244591, 26.423779], [91.242289, 26.422377], [91.242013, 26.420399], [91.241368, 26.418997], [91.235879, 26.417671], [91.236927, 26.414279], [91.2374, 26.410167], [91.238816, 26.40713], [91.239073, 26.406285], [91.240253, 26.405132], [91.239524, 26.404171], [91.238129, 26.403921], [91.23637, 26.403806], [91.235168, 26.402787], [91.233494, 26.400096], [91.23285, 26.399154], [91.232915, 26.397655], [91.233988, 26.394849], [91.235297, 26.391735], [91.237721, 26.389775], [91.239631, 26.388929], [91.240704, 26.388198], [91.240318, 26.386834], [91.237228, 26.383181], [91.235962, 26.381643], [91.235683, 26.379779], [91.235897, 26.37778], [91.237185, 26.37678], [91.239653, 26.376703], [91.240468, 26.377664], [91.241026, 26.378875], [91.241755, 26.380106], [91.242743, 26.380721], [91.24403, 26.380836], [91.244824, 26.378991], [91.245274, 26.377261], [91.245596, 26.37605], [91.245575, 26.374665], [91.246111, 26.372224], [91.247249, 26.369725], [91.249309, 26.367206], [91.250124, 26.366495], [91.252012, 26.364957], [91.253471, 26.363976], [91.255038, 26.363688], [91.257613, 26.363919], [91.259115, 26.363611], [91.260402, 26.362957], [91.261282, 26.361765], [91.262226, 26.361131], [91.263771, 26.361208], [91.26523, 26.361842], [91.265702, 26.363688], [91.264415, 26.367072], [91.264157, 26.368379], [91.264308, 26.37009], [91.264822, 26.370994], [91.266668, 26.371686], [91.268427, 26.371955], [91.270487, 26.372243], [91.271989, 26.372243], [91.273491, 26.372359], [91.274629, 26.373089], [91.274371, 26.374185], [91.274199, 26.375377], [91.275337, 26.376107], [91.277118, 26.376838], [91.278985, 26.376742], [91.280143, 26.375877], [91.280422, 26.374262], [91.279135, 26.372916], [91.277976, 26.372262], [91.276152, 26.370224], [91.273169, 26.36786], [91.271861, 26.366591], [91.271496, 26.365514], [91.271453, 26.36365], [91.27274, 26.360112], [91.273663, 26.357689], [91.277053, 26.356228], [91.277847, 26.355094], [91.276431, 26.352152], [91.276238, 26.341384], [91.275895, 26.340557], [91.278289, 26.340019], [91.279946, 26.338493], [91.281971, 26.337461], [91.28791, 26.338121], [91.290994, 26.337131], [91.295322, 26.337049], [91.296749, 26.334903], [91.297485, 26.332634], [91.298866, 26.330901], [91.301076, 26.329416], [91.303654, 26.327188], [91.306048, 26.327436], [91.306278, 26.328838], [91.304621, 26.3302], [91.303286, 26.331149], [91.304529, 26.332387], [91.305265, 26.333047], [91.304575, 26.334615], [91.303976, 26.336554], [91.305311, 26.339277], [91.305772, 26.341174], [91.308396, 26.34365], [91.312907, 26.349054], [91.315117, 26.35322], [91.315669, 26.354087], [91.31682, 26.354994], [91.319076, 26.35553], [91.320549, 26.356892], [91.319812, 26.358954], [91.31903, 26.361264], [91.317787, 26.363285], [91.317326, 26.365595], [91.318385, 26.366915], [91.320319, 26.366379], [91.322298, 26.365966], [91.324508, 26.366172], [91.327868, 26.368111], [91.328835, 26.367781], [91.330538, 26.366131], [91.330769, 26.364234], [91.331413, 26.362378], [91.333945, 26.361594], [91.335971, 26.361182], [91.337628, 26.359779], [91.339239, 26.357304], [91.344763, 26.354252], [91.348998, 26.352602], [91.354062, 26.350456], [91.358712, 26.348229], [91.360829, 26.346538], [91.363039, 26.344062], [91.364558, 26.339731], [91.364144, 26.333748], [91.363361, 26.332428], [91.361152, 26.332222], [91.359633, 26.332469], [91.357239, 26.332511], [91.355075, 26.33185], [91.353234, 26.330489], [91.349505, 26.329127], [91.346559, 26.330571], [91.344993, 26.330489], [91.344211, 26.327972], [91.344625, 26.326734], [91.344441, 26.324382], [91.344119, 26.321948], [91.343382, 26.319555], [91.341449, 26.316625], [91.34039, 26.313654], [91.341633, 26.312622], [91.344349, 26.311879], [91.348308, 26.310683], [91.351392, 26.309486], [91.355397, 26.30928], [91.355029, 26.314768], [91.354937, 26.316955], [91.354108, 26.319926], [91.350886, 26.322443], [91.349827, 26.323722], [91.351346, 26.324919], [91.354891, 26.323681], [91.357607, 26.322773], [91.359679, 26.322072], [91.362809, 26.321494], [91.365709, 26.322113], [91.368609, 26.323062], [91.373213, 26.321948], [91.384814, 26.321742], [91.38974, 26.321205], [91.392502, 26.320999], [91.396415, 26.320463], [91.399177, 26.319472], [91.40111, 26.320297], [91.403136, 26.321494], [91.40622, 26.321535], [91.408568, 26.318853], [91.41156, 26.32236]]], "type": "Polygon"}, "id": "nalbari-pachim-nalbari", "properties": {"district": "Nalbari", "grade": "zonal", "locality_id": "nalbari-pachim-nalbari", "osm_id": "relation/10045990", "revenue_circle": "Pachim Nalbari"}, "type": "Feature"}, {"geometry": {"coordinates": [[[91.370957, 26.474022], [91.368886, 26.475794], [91.365847, 26.476042], [91.363592, 26.476124], [91.36152, 26.476536], [91.360323, 26.476824], [91.357745, 26.477401], [91.357193, 26.479256], [91.35839, 26.479668], [91.360093, 26.479874], [91.361106, 26.48111], [91.361106, 26.482799], [91.359909, 26.4835], [91.357653, 26.483294], [91.354845, 26.483088], [91.352221, 26.482882], [91.350656, 26.483335], [91.349091, 26.4842], [91.348124, 26.485931], [91.347802, 26.487991], [91.344027, 26.490175], [91.341034, 26.491617], [91.33795, 26.492811], [91.331973, 26.494971], [91.330977, 26.493524], [91.328251, 26.491181], [91.32529, 26.490625], [91.32338, 26.490106], [91.321793, 26.490663], [91.320248, 26.490893], [91.317651, 26.490509], [91.315312, 26.489972], [91.312008, 26.489453], [91.311493, 26.485285], [91.306815, 26.485228], [91.301966, 26.485305], [91.298768, 26.485516], [91.297417, 26.485919], [91.295872, 26.486841], [91.29467, 26.489568], [91.295207, 26.491911], [91.295915, 26.493928], [91.297631, 26.496155], [91.298726, 26.497058], [91.300893, 26.497692], [91.302846, 26.49894], [91.303253, 26.499785], [91.302652, 26.501129], [91.300807, 26.50207], [91.298125, 26.502339], [91.29555, 26.50232], [91.293726, 26.5028], [91.291215, 26.503625], [91.288812, 26.503568], [91.284435, 26.503049], [91.284907, 26.504163], [91.288254, 26.50833], [91.289413, 26.510039], [91.290121, 26.511652], [91.290143, 26.512785], [91.289713, 26.513764], [91.289434, 26.515204], [91.290293, 26.516106], [91.291623, 26.516068], [91.293747, 26.515934], [91.299219, 26.516183], [91.302159, 26.516318], [91.303983, 26.516702], [91.306729, 26.517047], [91.309004, 26.517182], [91.311407, 26.517527], [91.311815, 26.518679], [91.311686, 26.520388], [91.310484, 26.520945], [91.309004, 26.521809], [91.307094, 26.52298], [91.306815, 26.523556], [91.307502, 26.524439], [91.309047, 26.524804], [91.311107, 26.524708], [91.311493, 26.525399], [91.311922, 26.52897], [91.311107, 26.530103], [91.308875, 26.530429], [91.30718, 26.531504], [91.306493, 26.53425], [91.305184, 26.536361], [91.303082, 26.53949], [91.299112, 26.543118], [91.297738, 26.545479], [91.296687, 26.546478], [91.294885, 26.546804], [91.29276, 26.546535], [91.290443, 26.546171], [91.287053, 26.544808], [91.284885, 26.544174], [91.282675, 26.543675], [91.281388, 26.542811], [91.279242, 26.541679], [91.27701, 26.541429], [91.276109, 26.540949], [91.274951, 26.538972], [91.273405, 26.537436], [91.273041, 26.535958], [91.272569, 26.534806], [91.270638, 26.534768], [91.26905, 26.535286], [91.26641, 26.535421], [91.26611, 26.533117], [91.265895, 26.531523], [91.265745, 26.530372], [91.264951, 26.528068], [91.264222, 26.526878], [91.263492, 26.526033], [91.263471, 26.525015], [91.263728, 26.523863], [91.263342, 26.522596], [91.261818, 26.521425], [91.259887, 26.521137], [91.258771, 26.52131], [91.257076, 26.52177], [91.254308, 26.523057], [91.25257, 26.523345], [91.244556, 26.524766], [91.248322, 26.521386], [91.248322, 26.518027], [91.247613, 26.516337], [91.248343, 26.511594], [91.24903, 26.510941], [91.250596, 26.510711], [91.253085, 26.510615], [91.253943, 26.509194], [91.254437, 26.507965], [91.255145, 26.506391], [91.256089, 26.506333], [91.257849, 26.506391], [91.259995, 26.506621], [91.26111, 26.504278], [91.261668, 26.5028], [91.263471, 26.500246], [91.265016, 26.495887], [91.265252, 26.493774], [91.265252, 26.490951], [91.263599, 26.4888], [91.262376, 26.486726], [91.260509, 26.484383], [91.259544, 26.483711], [91.258128, 26.482232], [91.258449, 26.480234], [91.257699, 26.478967], [91.255724, 26.477891], [91.254544, 26.476758], [91.255145, 26.474626], [91.254458, 26.473512], [91.252527, 26.472859], [91.251175, 26.469978], [91.250896, 26.468652], [91.249974, 26.466386], [91.24757, 26.465291], [91.24491, 26.462563], [91.243, 26.46045], [91.240725, 26.458894], [91.238451, 26.457991], [91.238451, 26.452843], [91.238022, 26.449807], [91.236305, 26.446176], [91.235018, 26.444735], [91.232164, 26.442507], [91.230919, 26.439317], [91.230061, 26.437108], [91.230061, 26.434667], [91.230555, 26.43265], [91.231735, 26.430863], [91.231627, 26.429076], [91.231112, 26.426155], [91.23285, 26.425079], [91.23476, 26.421928], [91.235383, 26.419276], [91.235879, 26.417671], [91.241368, 26.418997], [91.242013, 26.420399], [91.242289, 26.422377], [91.244591, 26.423779], [91.246432, 26.424521], [91.248642, 26.423284], [91.249471, 26.420976], [91.249655, 26.41809], [91.250115, 26.414956], [91.255087, 26.41405], [91.257296, 26.414379], [91.261716, 26.415781], [91.262729, 26.411658], [91.266227, 26.410174], [91.272488, 26.40803], [91.278012, 26.409761], [91.280038, 26.413555], [91.284181, 26.410586], [91.290994, 26.410339], [91.297439, 26.409019], [91.301306, 26.409349], [91.300938, 26.412153], [91.301306, 26.414627], [91.304805, 26.414627], [91.305449, 26.417925], [91.301766, 26.420399], [91.29882, 26.423779], [91.294723, 26.428829], [91.292122, 26.428705], [91.288278, 26.428541], [91.285792, 26.430787], [91.284618, 26.433425], [91.287196, 26.435837], [91.291685, 26.435651], [91.294378, 26.436682], [91.296864, 26.437094], [91.298107, 26.438042], [91.298291, 26.440598], [91.301766, 26.441175], [91.30858, 26.44], [91.313551, 26.44066], [91.31339, 26.443071], [91.314127, 26.449151], [91.315922, 26.452262], [91.317211, 26.452839], [91.318523, 26.452984], [91.319375, 26.453849], [91.319927, 26.455024], [91.320319, 26.456446], [91.321608, 26.457188], [91.322252, 26.457373], [91.324669, 26.45727], [91.325451, 26.455951], [91.325175, 26.454571], [91.325267, 26.452839], [91.32628, 26.451706], [91.328145, 26.450779], [91.330078, 26.450222], [91.332288, 26.450325], [91.334083, 26.451047], [91.33482, 26.453211], [91.333116, 26.455271], [91.332081, 26.456775], [91.331689, 26.458692], [91.332518, 26.460176], [91.333347, 26.46201], [91.334659, 26.46271], [91.338387, 26.462648], [91.34161, 26.463328], [91.344027, 26.463741], [91.345178, 26.463205], [91.345224, 26.461968], [91.344533, 26.461227], [91.34405, 26.459928], [91.344602, 26.459454], [91.347341, 26.459187], [91.348308, 26.460732], [91.349482, 26.462174], [91.350886, 26.461989], [91.352428, 26.45999], [91.353027, 26.459248], [91.354569, 26.458218], [91.356249, 26.457909], [91.357561, 26.4583], [91.359955, 26.459001], [91.362349, 26.45997], [91.364351, 26.460856], [91.364627, 26.462504], [91.364904, 26.464544], [91.365663, 26.466893], [91.365686, 26.468603], [91.366124, 26.470272], [91.367136, 26.471261], [91.369576, 26.472312], [91.370957, 26.474022]]], "type": "Polygon"}, "id": "nalbari-tihu-pt", "properties": {"district": "Nalbari", "grade": "zonal", "locality_id": "nalbari-tihu-pt", "osm_id": "relation/10045991", "revenue_circle": "Tihu (Pt)"}, "type": "Feature"}, {"geometry": {"coordinates": [[[94.782208, 26.986897], [94.781413, 26.985724], [94.77901, 26.984768], [94.777508, 26.984672], [94.777293, 26.983878], [94.776456, 26.982789], [94.772626, 26.977597], [94.771081, 26.97535], [94.768549, 26.971411], [94.767504, 26.969411], [94.765507, 26.967626], [94.761809, 26.964801], [94.757638, 26.962671], [94.757348, 26.962068], [94.757155, 26.961294], [94.75663, 26.96071], [94.754977, 26.95634], [94.753904, 26.953729], [94.753228, 26.952869], [94.751866, 26.950736], [94.750911, 26.94978], [94.74464, 26.946143], [94.744556, 26.946095], [94.744066, 26.94581], [94.74103, 26.943754], [94.737006, 26.93704], [94.735064, 26.933788], [94.734592, 26.932678], [94.732447, 26.933702], [94.729957, 26.93439], [94.72867, 26.936456], [94.727211, 26.939058], [94.724893, 26.941583], [94.721374, 26.940741], [94.71837, 26.939441], [94.717426, 26.940435], [94.716053, 26.943879], [94.711847, 26.945791], [94.710045, 26.944491], [94.706354, 26.941201], [94.706783, 26.943802], [94.706869, 26.946174], [94.707212, 26.950305], [94.707985, 26.953825], [94.708586, 26.95788], [94.706955, 26.958339], [94.703522, 26.957344], [94.702492, 26.958721], [94.699831, 26.962087], [94.693136, 26.961475], [94.690475, 26.960251], [94.689102, 26.957115], [94.687471, 26.954896], [94.684896, 26.954666], [94.683952, 26.956732], [94.684467, 26.960557], [94.682665, 26.960787], [94.677086, 26.954131], [94.674082, 26.95306], [94.669876, 26.955585], [94.665756, 26.957497], [94.659576, 26.957803], [94.649105, 26.956809], [94.629621, 26.955508], [94.60001, 26.953748], [94.581041, 26.952601], [94.570141, 26.953213], [94.560699, 26.954284], [94.55246, 26.954284], [94.545422, 26.952065], [94.537353, 26.950918], [94.534435, 26.95153], [94.528341, 26.94296], [94.526367, 26.935615], [94.519587, 26.923218], [94.519501, 26.920999], [94.521904, 26.917478], [94.523792, 26.911738], [94.512098, 26.884124], [94.508944, 26.876431], [94.506776, 26.872469], [94.503279, 26.865788], [94.499266, 26.861634], [94.498129, 26.859835], [94.496241, 26.856791], [94.494739, 26.853748], [94.49358, 26.850148], [94.492335, 26.846798], [94.49137, 26.847621], [94.490683, 26.848157], [94.490511, 26.848674], [94.490511, 26.849172], [94.490619, 26.849899], [94.490769, 26.850627], [94.490876, 26.851431], [94.490812, 26.85212], [94.490597, 26.852848], [94.490039, 26.853326], [94.489267, 26.853786], [94.488666, 26.854322], [94.488151, 26.854915], [94.487979, 26.855738], [94.488258, 26.857174], [94.48843, 26.858706], [94.488923, 26.85949], [94.489632, 26.860122], [94.49034, 26.860467], [94.491413, 26.860562], [94.492335, 26.860524], [94.49343, 26.86039], [94.493988, 26.860352], [94.494524, 26.860467], [94.494824, 26.860677], [94.49491, 26.861079], [94.494588, 26.861902], [94.493988, 26.862266], [94.49343, 26.862764], [94.492765, 26.863434], [94.492829, 26.864276], [94.493279, 26.864927], [94.493773, 26.865539], [94.494417, 26.865922], [94.495318, 26.866343], [94.496434, 26.866745], [94.49667, 26.866994], [94.49667, 26.86753], [94.495854, 26.868009], [94.49476, 26.868449], [94.494202, 26.868793], [94.493473, 26.869234], [94.493236, 26.869865], [94.493322, 26.87042], [94.493537, 26.870956], [94.493666, 26.871531], [94.493709, 26.872086], [94.493516, 26.872564], [94.493129, 26.8731], [94.492142, 26.874191], [94.491305, 26.875512], [94.491434, 26.876756], [94.492078, 26.878211], [94.492421, 26.879378], [94.492743, 26.880125], [94.492679, 26.881235], [94.492593, 26.882038], [94.492314, 26.882593], [94.491584, 26.883072], [94.490426, 26.883053], [94.489953, 26.882842], [94.489224, 26.881981], [94.48858, 26.881292], [94.4877, 26.880871], [94.486756, 26.881043], [94.486349, 26.881579], [94.485812, 26.882632], [94.485512, 26.883646], [94.484825, 26.884871], [94.483409, 26.885196], [94.481692, 26.885158], [94.480319, 26.884928], [94.479954, 26.885694], [94.479632, 26.886459], [94.479268, 26.887168], [94.47886, 26.887895], [94.478538, 26.888737], [94.477744, 26.889655], [94.476607, 26.890651], [94.475384, 26.891588], [94.474804, 26.892048], [94.474032, 26.892794], [94.473452, 26.893445], [94.473195, 26.893961], [94.473345, 26.894727], [94.474568, 26.895971], [94.475362, 26.896239], [94.476221, 26.89643], [94.476886, 26.896564], [94.477594, 26.896832], [94.478152, 26.897272], [94.478409, 26.898018], [94.47901, 26.899951], [94.47901, 26.900506], [94.479053, 26.901539], [94.47916, 26.902133], [94.479461, 26.902649], [94.479911, 26.903223], [94.48034, 26.903663], [94.481242, 26.904371], [94.481821, 26.905558], [94.481649, 26.906323], [94.481113, 26.90728], [94.480255, 26.907911], [94.479074, 26.908466], [94.478109, 26.909289], [94.478388, 26.910131], [94.479332, 26.910781], [94.480791, 26.911585], [94.481778, 26.912159], [94.481349, 26.91346], [94.480491, 26.914111], [94.479804, 26.914761], [94.47916, 26.915527], [94.478688, 26.91633], [94.478731, 26.918052], [94.478903, 26.920654], [94.479418, 26.923677], [94.479804, 26.926126], [94.479074, 26.928001], [94.477873, 26.929455], [94.476027, 26.93045], [94.47504, 26.932439], [94.474955, 26.93462], [94.473624, 26.935041], [94.473199, 26.934948], [94.470835, 26.934429], [94.470202, 26.935634], [94.469472, 26.935509], [94.468678, 26.935586], [94.467637, 26.935816], [94.466897, 26.937021], [94.46606, 26.938848], [94.465148, 26.940693], [94.464773, 26.94142], [94.464108, 26.942186], [94.463282, 26.942798], [94.461855, 26.943018], [94.460535, 26.943018], [94.459312, 26.942817], [94.457778, 26.942013], [94.456276, 26.940665], [94.455353, 26.939881], [94.454141, 26.939096], [94.453272, 26.939259], [94.452553, 26.939517], [94.451705, 26.939632], [94.450901, 26.939622], [94.449377, 26.939498], [94.448358, 26.939125], [94.446748, 26.937987], [94.44618, 26.937662], [94.445772, 26.937595], [94.445182, 26.937642], [94.444452, 26.937767], [94.44368, 26.937853], [94.443144, 26.937929], [94.442318, 26.938006], [94.441717, 26.93791], [94.441084, 26.937508], [94.439785, 26.936236], [94.439185, 26.935835], [94.438659, 26.935643], [94.43794, 26.935701], [94.437404, 26.935911], [94.436781, 26.93616], [94.436288, 26.936676], [94.435161, 26.93814], [94.434797, 26.938733], [94.434464, 26.939259], [94.433649, 26.939689], [94.433187, 26.9399], [94.432029, 26.939995], [94.431245, 26.939555], [94.43072, 26.939221], [94.430269, 26.938771], [94.4297, 26.93813], [94.429035, 26.937652], [94.428348, 26.937289], [94.427909, 26.937193], [94.427447, 26.937279], [94.426492, 26.937767], [94.424776, 26.938934], [94.424196, 26.939565], [94.423596, 26.940378], [94.423166, 26.941038], [94.422652, 26.941535], [94.421836, 26.941736], [94.421557, 26.941181], [94.421278, 26.940741], [94.420956, 26.940387], [94.420753, 26.940168], [94.420119, 26.939881], [94.419454, 26.939833], [94.418907, 26.940024], [94.418703, 26.940368], [94.418596, 26.940894], [94.418703, 26.941487], [94.419025, 26.942367], [94.419165, 26.942731], [94.419143, 26.943056], [94.418843, 26.943544], [94.418403, 26.943706], [94.417791, 26.943678], [94.417309, 26.943467], [94.416912, 26.943104], [94.416579, 26.942568], [94.416107, 26.941468], [94.415764, 26.940407], [94.41556, 26.940139], [94.415216, 26.939967], [94.414798, 26.939852], [94.414047, 26.939881], [94.413393, 26.940062], [94.41262, 26.940254], [94.411826, 26.940244], [94.411107, 26.939861], [94.410335, 26.939288], [94.409326, 26.938675], [94.408554, 26.938101], [94.407814, 26.93659], [94.407706, 26.935156], [94.407449, 26.933836], [94.407191, 26.93307], [94.406676, 26.932669], [94.405754, 26.933147], [94.405324, 26.935844], [94.403822, 26.937298], [94.402792, 26.939211], [94.401999, 26.941774], [94.401033, 26.944261], [94.400067, 26.94581], [94.399338, 26.948355], [94.398273, 26.952731], [94.40057, 26.962071], [94.424229, 26.971956], [94.437103, 26.979987], [94.442167, 26.986795], [94.458818, 26.994366], [94.461866, 27.000378], [94.462531, 27.009069], [94.466586, 27.017614], [94.471092, 27.025642], [94.47996, 27.033879], [94.494224, 27.037187], [94.502163, 27.039977], [94.509843, 27.045475], [94.520488, 27.05668], [94.532441, 27.069803], [94.538641, 27.072081], [94.540143, 27.072979], [94.543533, 27.072253], [94.549863, 27.072463], [94.552696, 27.073705], [94.555678, 27.077927], [94.557695, 27.079991], [94.562545, 27.079494], [94.565892, 27.07873], [94.565506, 27.074603], [94.565206, 27.072463], [94.565463, 27.07124], [94.568038, 27.071393], [94.570355, 27.072692], [94.572415, 27.074565], [94.573317, 27.075979], [94.574776, 27.078386], [94.577222, 27.075558], [94.579153, 27.073877], [94.581041, 27.072845], [94.583359, 27.072463], [94.585333, 27.07403], [94.585805, 27.076093], [94.587092, 27.078577], [94.589023, 27.079303], [94.591727, 27.078997], [94.594989, 27.076857], [94.597821, 27.074909], [94.603014, 27.070552], [94.605589, 27.068412], [94.609966, 27.067916], [94.61473, 27.068909], [94.618335, 27.069329], [94.62121, 27.070705], [94.622884, 27.072425], [94.624171, 27.074259], [94.625673, 27.076399], [94.627175, 27.078118], [94.629235, 27.077507], [94.630394, 27.076017], [94.630608, 27.073609], [94.630179, 27.070438], [94.630523, 27.066311], [94.63932, 27.06547], [94.644427, 27.064323], [94.648805, 27.061533], [94.65168, 27.058705], [94.657559, 27.050947], [94.665241, 27.043264], [94.668159, 27.042041], [94.672236, 27.044832], [94.672923, 27.048921], [94.673352, 27.052055], [94.675584, 27.05431], [94.67906, 27.055151], [94.683352, 27.054348], [94.687343, 27.052361], [94.689832, 27.049877], [94.690862, 27.046628], [94.691849, 27.044182], [94.695067, 27.042041], [94.696913, 27.040742], [94.697213, 27.038792], [94.699016, 27.037416], [94.702749, 27.038334], [94.704895, 27.03971], [94.70777, 27.042653], [94.709401, 27.045137], [94.711933, 27.046437], [94.714165, 27.045787], [94.715881, 27.043876], [94.715753, 27.042538], [94.714851, 27.041544], [94.712577, 27.040742], [94.711633, 27.039098], [94.711633, 27.037149], [94.711761, 27.036002], [94.716654, 27.032523], [94.724164, 27.032944], [94.723349, 27.035467], [94.722233, 27.037875], [94.722962, 27.04055], [94.725494, 27.04078], [94.728198, 27.03841], [94.730301, 27.036728], [94.732489, 27.036346], [94.732962, 27.036384], [94.733691, 27.034817], [94.733327, 27.034427], [94.732618, 27.03367], [94.731417, 27.032791], [94.732704, 27.030191], [94.734592, 27.0287], [94.735064, 27.026215], [94.735064, 27.025143], [94.735064, 27.024075], [94.734421, 27.021896], [94.733348, 27.020672], [94.73206, 27.019181], [94.731288, 27.017767], [94.731545, 27.01639], [94.734635, 27.017308], [94.73691, 27.018417], [94.740901, 27.017461], [94.74266, 27.015932], [94.74472, 27.013867], [94.745793, 27.012452], [94.74545, 27.010808], [94.741931, 27.009929], [94.740386, 27.009546], [94.738626, 27.008629], [94.735494, 27.007291], [94.737596, 27.005302], [94.739184, 27.003696], [94.740686, 27.002511], [94.742961, 27.002473], [94.74472, 27.001861], [94.745879, 27.00037], [94.747295, 26.998649], [94.748411, 26.996622], [94.748797, 26.994711], [94.749055, 26.992951], [94.749613, 26.991498], [94.751287, 26.990236], [94.752703, 26.989586], [94.754205, 26.990428], [94.757852, 26.993525], [94.762144, 26.995934], [94.763732, 26.994978], [94.764547, 26.993449], [94.765921, 26.991307], [94.766867, 26.989765], [94.767423, 26.98886], [94.768538, 26.986603], [94.769611, 26.985112], [94.771457, 26.984462], [94.773345, 26.984883], [94.775062, 26.985341], [94.776821, 26.985992], [94.778967, 26.987292], [94.782208, 26.986897]]], "type": "Polygon"}, "id": "sivasagar-sibsagar", "properties": {"district": "Sivasagar", "grade": "zonal", "locality_id": "sivasagar-sibsagar", "osm_id": "relation/10056596", "revenue_circle": "Sibsagar"}, "type": "Feature"}, {"geometry": {"coordinates": [[[95.368087, 27.107165], [95.366113, 27.107671], [95.364547, 27.108034], [95.362701, 27.107184], [95.360899, 27.106926], [95.354891, 27.103946], [95.342789, 27.096114], [95.340997, 27.095178], [95.338905, 27.094242], [95.337714, 27.093555], [95.335461, 27.091931], [95.333927, 27.090804], [95.332232, 27.089849], [95.3303, 27.088177], [95.328165, 27.087031], [95.326813, 27.086811], [95.325741, 27.086305], [95.324067, 27.085885], [95.321353, 27.084948], [95.319142, 27.084165], [95.317179, 27.0832], [95.316192, 27.082646], [95.315462, 27.081959], [95.315001, 27.081491], [95.313435, 27.080564], [95.312549, 27.080238], [95.311696, 27.079924], [95.30924, 27.07808], [95.307577, 27.076666], [95.304229, 27.074173], [95.303167, 27.072874], [95.301933, 27.072644], [95.301182, 27.072234], [95.299444, 27.069931], [95.299336, 27.06987], [95.298682, 27.069501], [95.297631, 27.069501], [95.296869, 27.069339], [95.295796, 27.068928], [95.2932, 27.067839], [95.290507, 27.065814], [95.288469, 27.063731], [95.287374, 27.062346], [95.286377, 27.061935], [95.285347, 27.061696], [95.28481, 27.061295], [95.284263, 27.060511], [95.282879, 27.058639], [95.282525, 27.058352], [95.281948, 27.058287], [95.281688, 27.058256], [95.281109, 27.057884], [95.28068, 27.057301], [95.279574, 27.0556], [95.278813, 27.05539], [95.278223, 27.055247], [95.277439, 27.05454], [95.277139, 27.053718], [95.276667, 27.053068], [95.275723, 27.051769], [95.275347, 27.051062], [95.275182, 27.050451], [95.27494, 27.049552], [95.27569, 27.049514], [95.276549, 27.049475], [95.276892, 27.048195], [95.276699, 27.047163], [95.276334, 27.046322], [95.276034, 27.045558], [95.275733, 27.044774], [95.275412, 27.044258], [95.275712, 27.04378], [95.275991, 27.043532], [95.276442, 27.043111], [95.276592, 27.042576], [95.27612, 27.041984], [95.274961, 27.041984], [95.274028, 27.041611], [95.272354, 27.041344], [95.271496, 27.041248], [95.270884, 27.040875], [95.270358, 27.040407], [95.269993, 27.040101], [95.269307, 27.03991], [95.26877, 27.039767], [95.268438, 27.039595], [95.267955, 27.039184], [95.267494, 27.038611], [95.266957, 27.037789], [95.26655, 27.037282], [95.265949, 27.037053], [95.265208, 27.036642], [95.264779, 27.036088], [95.264039, 27.035562], [95.263792, 27.035457], [95.26302, 27.035228], [95.262548, 27.034931], [95.2617, 27.034606], [95.260413, 27.03474], [95.25964, 27.034779], [95.258696, 27.034262], [95.258482, 27.033536], [95.258846, 27.033211], [95.259361, 27.032753], [95.259769, 27.031988], [95.259919, 27.031281], [95.259468, 27.030898], [95.258911, 27.031061], [95.258374, 27.031214], [95.257806, 27.031176], [95.257033, 27.030918], [95.256507, 27.030612], [95.256164, 27.030144], [95.255789, 27.029541], [95.255552, 27.029073], [95.25522, 27.028767], [95.254598, 27.029083], [95.254201, 27.029245], [95.253911, 27.029073], [95.253986, 27.028911], [95.254276, 27.028748], [95.254415, 27.028146], [95.253911, 27.028022], [95.253428, 27.027984], [95.252581, 27.027678], [95.250939, 27.027286], [95.250253, 27.026932], [95.250177, 27.026435], [95.250038, 27.025977], [95.249619, 27.025728], [95.249265, 27.025594], [95.249019, 27.025709], [95.248193, 27.025814], [95.247989, 27.025518], [95.248257, 27.02504], [95.248203, 27.024619], [95.247828, 27.024552], [95.246948, 27.024725], [95.246712, 27.02503], [95.24595, 27.025327], [95.245274, 27.025661], [95.245049, 27.025986], [95.244738, 27.026044], [95.244448, 27.025881], [95.24403, 27.025862], [95.243611, 27.025881], [95.24344, 27.026282], [95.243257, 27.026789], [95.243107, 27.02742], [95.242925, 27.027907], [95.242667, 27.028261], [95.242324, 27.0285], [95.241895, 27.029025], [95.24124, 27.029971], [95.240779, 27.03108], [95.240736, 27.032494], [95.240489, 27.033393], [95.240339, 27.034081], [95.239846, 27.03496], [95.239567, 27.036355], [95.239234, 27.036833], [95.238848, 27.037254], [95.238247, 27.037598], [95.237668, 27.037789], [95.236938, 27.037865], [95.236359, 27.037731], [95.235962, 27.037578], [95.235286, 27.037349], [95.234739, 27.037311], [95.234191, 27.037473], [95.233483, 27.037693], [95.233011, 27.037932], [95.232636, 27.038209], [95.232389, 27.038611], [95.232367, 27.039098], [95.232389, 27.03969], [95.232518, 27.040178], [95.232765, 27.04055], [95.23299, 27.040799], [95.233161, 27.041133], [95.233108, 27.041363], [95.232582, 27.04207], [95.232282, 27.042357], [95.232089, 27.042853], [95.232046, 27.043245], [95.231509, 27.043627], [95.23108, 27.043541], [95.230619, 27.043159], [95.229932, 27.042509], [95.229514, 27.042223], [95.229224, 27.04206], [95.228988, 27.041831], [95.229074, 27.041535], [95.229278, 27.041258], [95.229707, 27.040952], [95.230211, 27.040665], [95.230597, 27.040302], [95.230833, 27.039901], [95.23093, 27.039432], [95.230973, 27.039022], [95.230608, 27.038821], [95.230157, 27.038811], [95.229878, 27.038811], [95.229342, 27.038668], [95.228902, 27.038305], [95.228473, 27.037999], [95.228097, 27.037636], [95.227872, 27.037359], [95.227776, 27.037053], [95.227722, 27.036814], [95.228065, 27.036164], [95.228398, 27.035916], [95.228623, 27.035648], [95.228473, 27.035409], [95.227722, 27.035428], [95.2271, 27.035495], [95.226467, 27.035486], [95.225887, 27.035371], [95.225329, 27.035275], [95.224782, 27.0354], [95.224578, 27.035906], [95.224664, 27.036336], [95.224675, 27.036709], [95.224192, 27.036757], [95.22387, 27.036594], [95.223119, 27.036374], [95.222154, 27.036298], [95.221564, 27.036288], [95.221338, 27.03625], [95.220834, 27.035505], [95.221038, 27.035151], [95.221489, 27.034903], [95.221896, 27.034626], [95.221864, 27.034329], [95.221328, 27.034033], [95.220705, 27.033842], [95.219879, 27.033527], [95.218409, 27.032791], [95.217733, 27.032389], [95.217315, 27.031663], [95.216843, 27.031195], [95.216435, 27.031013], [95.215641, 27.030965], [95.215298, 27.031061], [95.214686, 27.031271], [95.214247, 27.031453], [95.213785, 27.031548], [95.213378, 27.031453], [95.213163, 27.031147], [95.213195, 27.030841], [95.213313, 27.03043], [95.213088, 27.030134], [95.212423, 27.030105], [95.211983, 27.030096], [95.211371, 27.029971], [95.210813, 27.029819], [95.21017, 27.02958], [95.209719, 27.029379], [95.209204, 27.029149], [95.208657, 27.029236], [95.208367, 27.029895], [95.208614, 27.030497], [95.208936, 27.03107], [95.209075, 27.031529], [95.208818, 27.032074], [95.208195, 27.032361], [95.20753, 27.032456], [95.207004, 27.032399], [95.206468, 27.032303], [95.205824, 27.032227], [95.20532, 27.032322], [95.205041, 27.032762], [95.205266, 27.033096], [95.205191, 27.033737], [95.205352, 27.034492], [95.205041, 27.035266], [95.204676, 27.035658], [95.20473, 27.03625], [95.204934, 27.036537], [95.204945, 27.037053], [95.204269, 27.037349], [95.203614, 27.037158], [95.203249, 27.036747], [95.202874, 27.036403], [95.202059, 27.036575], [95.201533, 27.036833], [95.199923, 27.037435], [95.198861, 27.037273], [95.198132, 27.03712], [95.197638, 27.03689], [95.197016, 27.036623], [95.196523, 27.036288], [95.196072, 27.035906], [95.1956, 27.035639], [95.195213, 27.0354], [95.195235, 27.034865], [95.195557, 27.034377], [95.195696, 27.033947], [95.19589, 27.032552], [95.195847, 27.032256], [95.195353, 27.032351], [95.194881, 27.032634], [95.194398, 27.032294], [95.194066, 27.032007], [95.193476, 27.03195], [95.193014, 27.031997], [95.192735, 27.03259], [95.192928, 27.03303], [95.193347, 27.033479], [95.193787, 27.033899], [95.194055, 27.034387], [95.193926, 27.034855], [95.193009, 27.035801], [95.192435, 27.034798], [95.190589, 27.032886], [95.186899, 27.029369], [95.176552, 27.02076], [95.176148, 27.020424], [95.171685, 27.016964], [95.166063, 27.011764], [95.157051, 27.004805], [95.149541, 26.999032], [95.144691, 26.995781], [95.143211, 26.995571], [95.14128, 26.995475], [95.139713, 26.995246], [95.13864, 26.99494], [95.131774, 26.990351], [95.127412, 26.987476], [95.12568, 26.986393], [95.121174, 26.984137], [95.118856, 26.983009], [95.114329, 26.981613], [95.112333, 26.981115], [95.110745, 26.980006], [95.109072, 26.977922], [95.107677, 26.975914], [95.10639, 26.966983], [95.105982, 26.965625], [95.102699, 26.962451], [95.092678, 26.956043], [95.086691, 26.952639], [95.080337, 26.950141], [95.078859, 26.949559], [95.073774, 26.949387], [95.070362, 26.948967], [95.065169, 26.947264], [95.061414, 26.945791], [95.059161, 26.944299], [95.057166, 26.942463], [95.054162, 26.940856], [95.049419, 26.938809], [95.046952, 26.938274], [95.04575, 26.938446], [95.044098, 26.938675], [95.042446, 26.938427], [95.041587, 26.937968], [95.040879, 26.93726], [95.039699, 26.936552], [95.038433, 26.936533], [95.036395, 26.936552], [95.034656, 26.935902], [95.033777, 26.935347], [95.032189, 26.934027], [95.031502, 26.93263], [95.024443, 26.928536], [95.023477, 26.927656], [95.023112, 26.926834], [95.022447, 26.925973], [95.021353, 26.925188], [95.02028, 26.92471], [95.019507, 26.924021], [95.018756, 26.922988], [95.017855, 26.922127], [95.016589, 26.921266], [95.015538, 26.921171], [95.012598, 26.921821], [95.007491, 26.921209], [95.003436, 26.920578], [95.000861, 26.919717], [94.999144, 26.919659], [94.997578, 26.919678], [94.996312, 26.920061], [94.995131, 26.920673], [94.991419, 26.92075], [94.990518, 26.920233], [94.990261, 26.919353], [94.990003, 26.91832], [94.989982, 26.916942], [94.989831, 26.916024], [94.989638, 26.914876], [94.989166, 26.91369], [94.986591, 26.913345], [94.984574, 26.913001], [94.982064, 26.912963], [94.980776, 26.914359], [94.97951, 26.916732], [94.97863, 26.91832], [94.977643, 26.919583], [94.976463, 26.921018], [94.975026, 26.921343], [94.973803, 26.921592], [94.970884, 26.921879], [94.969382, 26.922261], [94.967923, 26.922816], [94.966786, 26.924079], [94.965928, 26.925858], [94.965284, 26.929608], [94.963181, 26.933396], [94.961207, 26.936648], [94.96037, 26.937126], [94.95904, 26.937069], [94.957902, 26.936877], [94.957109, 26.937508], [94.95625, 26.938828], [94.95522, 26.93967], [94.954276, 26.938943], [94.953611, 26.937872], [94.951937, 26.937317], [94.950349, 26.937222], [94.949298, 26.93659], [94.948375, 26.935825], [94.947131, 26.935443], [94.945779, 26.93527], [94.94432, 26.935232], [94.94271, 26.935175], [94.941466, 26.935022], [94.940994, 26.933931], [94.94005, 26.933243], [94.938226, 26.933262], [94.936874, 26.933051], [94.934814, 26.932363], [94.933312, 26.932496], [94.931724, 26.932401], [94.931389, 26.932442], [94.931359, 26.932803], [94.931016, 26.934084], [94.930544, 26.935213], [94.930651, 26.936074], [94.930952, 26.938083], [94.929728, 26.938101], [94.928956, 26.938082], [94.928012, 26.938274], [94.927475, 26.939173], [94.924879, 26.942272], [94.924021, 26.944797], [94.923871, 26.945944], [94.923999, 26.946824], [94.923554, 26.947706], [94.923012, 26.949521], [94.922948, 26.951109], [94.924107, 26.952199], [94.924622, 26.951051], [94.926166, 26.950917], [94.927196, 26.950631], [94.927164, 26.952338], [94.927054, 26.952582], [94.927124, 26.952959], [94.927261, 26.953045], [94.927543, 26.953096], [94.928009, 26.953062], [94.928607, 26.953191], [94.928862, 26.95365], [94.929012, 26.954473], [94.929361, 26.954803], [94.92964, 26.954925], [94.929753, 26.954953], [94.930091, 26.954915], [94.930415, 26.954874], [94.930791, 26.954972], [94.931107, 26.955374], [94.931241, 26.956015], [94.93115, 26.956206], [94.931054, 26.95629], [94.930882, 26.956381], [94.93067, 26.956378], [94.930321, 26.956307], [94.930142, 26.95623], [94.929911, 26.956187], [94.92961, 26.956249], [94.929364, 26.956395], [94.92905, 26.956629], [94.928733, 26.957442], [94.928736, 26.957808], [94.928787, 26.958004], [94.928854, 26.958169], [94.929098, 26.958255], [94.929315, 26.958341], [94.929613, 26.9583], [94.929863, 26.958188], [94.930075, 26.95798], [94.930407, 26.95771], [94.931037, 26.957504], [94.93163, 26.957354], [94.931947, 26.957272], [94.932228, 26.957227], [94.932368, 26.957313], [94.932446, 26.957487], [94.932392, 26.957691], [94.932287, 26.957968], [94.932137, 26.958375], [94.932151, 26.958841], [94.932416, 26.959443], [94.932617, 26.960086], [94.932684, 26.960306], [94.932827, 26.960474], [94.933036, 26.960536], [94.933301, 26.960447], [94.933489, 26.960184], [94.933577, 26.959807], [94.93373, 26.959271], [94.933996, 26.958829], [94.934304, 26.958666], [94.934656, 26.958582], [94.935112, 26.958628], [94.935578, 26.95879], [94.935868, 26.958836], [94.936262, 26.958805], [94.936968, 26.958743], [94.937451, 26.958712], [94.938228, 26.958865], [94.938597, 26.958973], [94.938879, 26.959301], [94.938938, 26.959605], [94.938982, 26.959949], [94.938927, 26.960218], [94.938769, 26.960674], [94.938723, 26.960979], [94.938782, 26.96129], [94.938861, 26.961778], [94.938859, 26.962201], [94.938729, 26.96255], [94.938627, 26.962936], [94.938644, 26.963088], [94.938784, 26.963199], [94.939024, 26.963199], [94.939346, 26.963131], [94.94, 26.962995], [94.94072, 26.962986], [94.940925, 26.963019], [94.941005, 26.963041], [94.941176, 26.963291], [94.941188, 26.963505], [94.941139, 26.963789], [94.941057, 26.964188], [94.941093, 26.964378], [94.941239, 26.964608], [94.941526, 26.96476], [94.94201, 26.96495], [94.942149, 26.965072], [94.942179, 26.965204], [94.942149, 26.96538], [94.942057, 26.965542], [94.941871, 26.965728], [94.941655, 26.965823], [94.941396, 26.965919], [94.941168, 26.965924], [94.940849, 26.965861], [94.940455, 26.965569], [94.93971, 26.964792], [94.939093, 26.964387], [94.938919, 26.964351], [94.938757, 26.964344], [94.938649, 26.964355], [94.938412, 26.964497], [94.938321, 26.964716], [94.938302, 26.964921], [94.938697, 26.966251], [94.938738, 26.966602], [94.938872, 26.966945], [94.939018, 26.967244], [94.939193, 26.967427], [94.939658, 26.967684], [94.940664, 26.967885], [94.940988, 26.968018], [94.941174, 26.968159], [94.941273, 26.96837], [94.941152, 26.968573], [94.940913, 26.968747], [94.940371, 26.969101], [94.940288, 26.969343], [94.940369, 26.96952], [94.940479, 26.969653], [94.940975, 26.969828], [94.941627, 26.970084], [94.942174, 26.970354], [94.942622, 26.970703], [94.9426, 26.97093], [94.942485, 26.971164], [94.942024, 26.97148], [94.941707, 26.971925], [94.941514, 26.972082], [94.941324, 26.972173], [94.941098, 26.972094], [94.940991, 26.97196], [94.941029, 26.971755], [94.941037, 26.971389], [94.941013, 26.971224], [94.940919, 26.971021], [94.940656, 26.970808], [94.940133, 26.970715], [94.939899, 26.970672], [94.939602, 26.970581], [94.939371, 26.970531], [94.939076, 26.970507], [94.938811, 26.970536], [94.938649, 26.970681], [94.938577, 26.97094], [94.938625, 26.971265], [94.9388, 26.97181], [94.938963, 26.972252], [94.938899, 26.972744], [94.938776, 26.973065], [94.938355, 26.973571], [94.938089, 26.973777], [94.937475, 26.974023], [94.93707, 26.974344], [94.936834, 26.974437], [94.936595, 26.974492], [94.936284, 26.974501], [94.935849, 26.974394], [94.935594, 26.974336], [94.935377, 26.97437], [94.935249, 26.974427], [94.935168, 26.974542], [94.935093, 26.974733], [94.935082, 26.975051], [94.93483, 26.975706], [94.934143, 26.97719], [94.934111, 26.977413], [94.934149, 26.977573], [94.934229, 26.977695], [94.934404, 26.977769], [94.934744, 26.977805], [94.935012, 26.977724], [94.935353, 26.977549], [94.935594, 26.977336], [94.936013, 26.976868], [94.936378, 26.976555], [94.936702, 26.976387], [94.936971, 26.976364], [94.937271, 26.976414], [94.937939, 26.976483], [94.938454, 26.976521], [94.938719, 26.976646], [94.938818, 26.976858], [94.939001, 26.977348], [94.939207, 26.977755], [94.939232, 26.97802], [94.939205, 26.978226], [94.939105, 26.978314], [94.938955, 26.978328], [94.93877, 26.978269], [94.938502, 26.978197], [94.938113, 26.978135], [94.937759, 26.978085], [94.937405, 26.978137], [94.937115, 26.978316], [94.937064, 26.978577], [94.93707, 26.978739], [94.937161, 26.978902], [94.937646, 26.979282], [94.938161, 26.979622], [94.939054, 26.980248], [94.939419, 26.980339], [94.939865, 26.98041], [94.940109, 26.980499], [94.940256, 26.980757], [94.940192, 26.980922], [94.93995, 26.981053], [94.93961, 26.981029], [94.939234, 26.98101], [94.939009, 26.980984], [94.938859, 26.981089], [94.938722, 26.981328], [94.938666, 26.98188], [94.938556, 26.982203], [94.938279, 26.982394], [94.938043, 26.98249], [94.937649, 26.982569], [94.937252, 26.982722], [94.936506, 26.982961], [94.935986, 26.983102], [94.935592, 26.983331], [94.935646, 26.983546], [94.936059, 26.98412], [94.9366, 26.984875], [94.937072, 26.985626], [94.9373, 26.986051], [94.937418, 26.986575], [94.937547, 26.987182], [94.937381, 26.988217], [94.937601, 26.98907], [94.937781, 26.989777], [94.937649, 26.990177], [94.937201, 26.990499], [94.937008, 26.990516], [94.936541, 26.990504], [94.936383, 26.990504], [94.936182, 26.990592], [94.936136, 26.990807], [94.936222, 26.990939], [94.936501, 26.99102], [94.936783, 26.99107], [94.937029, 26.991166], [94.937249, 26.991412], [94.937432, 26.991952], [94.937424, 26.992354], [94.937325, 26.992724], [94.937198, 26.992949], [94.937021, 26.99303], [94.936807, 26.993035], [94.936509, 26.992925], [94.936254, 26.992681], [94.93582, 26.992124], [94.935715, 26.991948], [94.935329, 26.991697], [94.934991, 26.991637], [94.934562, 26.991625], [94.933942, 26.991764], [94.933382, 26.991706], [94.933065, 26.991658], [94.932687, 26.991692], [94.932451, 26.991864], [94.931971, 26.99233], [94.931721, 26.992617], [94.931595, 26.992715], [94.931389, 26.992782], [94.931201, 26.992791], [94.930949, 26.992677], [94.930533, 26.992218], [94.930337, 26.992031], [94.930155, 26.991924], [94.929919, 26.991993], [94.929777, 26.992148], [94.92953, 26.992753], [94.929455, 26.993152], [94.929179, 26.993288], [94.929007, 26.993348], [94.928811, 26.993391], [94.9285, 26.993403], [94.928001, 26.993458], [94.927773, 26.993594], [94.927588, 26.993912], [94.927548, 26.994036], [94.92747, 26.994342], [94.909773, 26.988936], [94.901855, 26.98037], [94.908185, 26.9723], [94.89089, 26.959792], [94.888979, 26.958836], [94.878359, 26.9535], [94.862201, 26.945294], [94.858553, 26.942042], [94.853275, 26.9377], [94.852309, 26.93439], [94.850721, 26.93133], [94.841803, 26.929697], [94.839435, 26.929263], [94.816705, 26.925989], [94.805703, 26.924404], [94.780549, 26.924576], [94.773354, 26.924614], [94.765992, 26.924589], [94.76348, 26.924385], [94.762171, 26.924122], [94.756141, 26.922783], [94.754457, 26.922668], [94.752907, 26.923132], [94.750847, 26.923792], [94.750784, 26.92382], [94.750682, 26.923855], [94.750667, 26.923864], [94.750613, 26.923882], [94.746963, 26.925265], [94.743433, 26.926766], [94.743165, 26.926882], [94.739871, 26.929091], [94.73559, 26.93176], [94.734592, 26.932678], [94.735064, 26.933788], [94.737006, 26.93704], [94.74103, 26.943754], [94.744066, 26.94581], [94.744556, 26.946095], [94.74464, 26.946143], [94.750911, 26.94978], [94.751866, 26.950736], [94.753228, 26.952869], [94.753904, 26.953729], [94.754977, 26.95634], [94.75663, 26.96071], [94.757155, 26.961294], [94.757348, 26.962068], [94.757638, 26.962671], [94.761809, 26.964801], [94.765507, 26.967626], [94.767504, 26.969411], [94.768549, 26.971411], [94.771081, 26.97535], [94.772626, 26.977597], [94.776456, 26.982789], [94.777293, 26.983878], [94.777508, 26.984672], [94.77901, 26.984768], [94.781413, 26.985724], [94.782208, 26.986897], [94.782786, 26.987751], [94.783495, 26.990867], [94.78299, 26.992483], [94.782743, 26.99473], [94.783226, 26.996546], [94.783763, 26.997598], [94.785039, 26.999051], [94.78637, 27.000035], [94.78785, 27.000628], [94.789224, 27.001048], [94.790726, 27.001087], [94.791777, 27.000943], [94.792818, 27.000236], [94.793204, 26.999012], [94.79329, 26.997397], [94.793, 26.996164], [94.792442, 26.994892], [94.791101, 26.994032], [94.788355, 26.992693], [94.78711, 26.991881], [94.786981, 26.991049], [94.787035, 26.990122], [94.78784, 26.989816], [94.788923, 26.990131], [94.790232, 26.991431], [94.79167, 26.992282], [94.793022, 26.992837], [94.795167, 26.993219], [94.797184, 26.993621], [94.799545, 26.993296], [94.800768, 26.99297], [94.803686, 26.991881], [94.805853, 26.991441], [94.808471, 26.991326], [94.809029, 26.991862], [94.808965, 26.992531], [94.808364, 26.992665], [94.806669, 26.992531], [94.804802, 26.992588], [94.802935, 26.993162], [94.801648, 26.994041], [94.800532, 26.9958], [94.800146, 26.99777], [94.800317, 26.999452], [94.801219, 27.00014], [94.802055, 27.000121], [94.803128, 26.999586], [94.804416, 26.998248], [94.80624, 26.996661], [94.808064, 26.995647], [94.81036, 26.995829], [94.81096, 26.996402], [94.8111, 26.997645], [94.810059, 27.000236], [94.810027, 27.002425], [94.810252, 27.004155], [94.810896, 27.005761], [94.811883, 27.007702], [94.812301, 27.008705], [94.813085, 27.009155], [94.813707, 27.009059], [94.814093, 27.008543], [94.814061, 27.007654], [94.81361, 27.006478], [94.812988, 27.004805], [94.812537, 27.002941], [94.812441, 27.000886], [94.813095, 26.99993], [94.814179, 26.999165], [94.815445, 26.998783], [94.816925, 26.999055], [94.818015, 26.999686], [94.818181, 27.000456], [94.817816, 27.001402], [94.817559, 27.002731], [94.817108, 27.004901], [94.817194, 27.006316], [94.81773, 27.007616], [94.818631, 27.008896], [94.819919, 27.010397], [94.82052, 27.012577], [94.821078, 27.014326], [94.821979, 27.015817], [94.822826, 27.016352], [94.823867, 27.016725], [94.825079, 27.016725], [94.826292, 27.01617], [94.827118, 27.015559], [94.82921, 27.014106], [94.83039, 27.013829], [94.831088, 27.01444], [94.830766, 27.016046], [94.830422, 27.017231], [94.830401, 27.017996], [94.831173, 27.019659], [94.832289, 27.019812], [94.833169, 27.019315], [94.83377, 27.018474], [94.834757, 27.017327], [94.835701, 27.016428], [94.836795, 27.015855], [94.838426, 27.015358], [94.839392, 27.015434], [94.839864, 27.016218], [94.840272, 27.01769], [94.840679, 27.019162], [94.841344, 27.020596], [94.841881, 27.021093], [94.844413, 27.022679], [94.846752, 27.02482], [94.848275, 27.026445], [94.850078, 27.027343], [94.851944, 27.027706], [94.853661, 27.028127], [94.854691, 27.028471], [94.855378, 27.028758], [94.85776, 27.030726], [94.85997, 27.030841], [94.86145, 27.030554], [94.862824, 27.02914], [94.864004, 27.028337], [94.864604, 27.027706], [94.865205, 27.027324], [94.865999, 27.027248], [94.866493, 27.027898], [94.865785, 27.029369], [94.865141, 27.030593], [94.864776, 27.032007], [94.865313, 27.033727], [94.866085, 27.036021], [94.867566, 27.038104], [94.869153, 27.03862], [94.870698, 27.0382], [94.871492, 27.037168], [94.872201, 27.03604], [94.873488, 27.034931], [94.875119, 27.034148], [94.876921, 27.033421], [94.878638, 27.033077], [94.880312, 27.032829], [94.880998, 27.032944], [94.881363, 27.033861], [94.880998, 27.034664], [94.880548, 27.035677], [94.880376, 27.036632], [94.880226, 27.038563], [94.881578, 27.040015], [94.882865, 27.041258], [94.883616, 27.043398], [94.885054, 27.045462], [94.886234, 27.046055], [94.887757, 27.045634], [94.888959, 27.045615], [94.890139, 27.045825], [94.892027, 27.046303], [94.893744, 27.046532], [94.895182, 27.046169], [94.895825, 27.045233], [94.895117, 27.04487], [94.893658, 27.044984], [94.891169, 27.044812], [94.889731, 27.044182], [94.889238, 27.043589], [94.88883, 27.042729], [94.888787, 27.041793], [94.889173, 27.040914], [94.889989, 27.039843], [94.891148, 27.039022], [94.891877, 27.03862], [94.894195, 27.038085], [94.896383, 27.037798], [94.90016, 27.036422], [94.902778, 27.035084], [94.904537, 27.035199], [94.906383, 27.036384], [94.906769, 27.037531], [94.905782, 27.039595], [94.904623, 27.04078], [94.903765, 27.042079], [94.90325, 27.043341], [94.903207, 27.045252], [94.908657, 27.046513], [94.912691, 27.04701], [94.914579, 27.046169], [94.917841, 27.04808], [94.920502, 27.048768], [94.922261, 27.047966], [94.922218, 27.046781], [94.921489, 27.04552], [94.921017, 27.043799], [94.920673, 27.042271], [94.920373, 27.040512], [94.921317, 27.039251], [94.921411, 27.039068], [94.92165, 27.038943], [94.921947, 27.038938], [94.922991, 27.039098], [94.923849, 27.03948], [94.925179, 27.040589], [94.925394, 27.042462], [94.925265, 27.044946], [94.925051, 27.046475], [94.925909, 27.047851], [94.927368, 27.048348], [94.93269, 27.049991], [94.935694, 27.050182], [94.93535, 27.048577], [94.933848, 27.047966], [94.931488, 27.047775], [94.930029, 27.047507], [94.928355, 27.047048], [94.927111, 27.045902], [94.92681, 27.044679], [94.926853, 27.043303], [94.927883, 27.042691], [94.930372, 27.04185], [94.932218, 27.041124], [94.933462, 27.039901], [94.93402, 27.038372], [94.933977, 27.036766], [94.934449, 27.035505], [94.935608, 27.035734], [94.937067, 27.03776], [94.938054, 27.039251], [94.938655, 27.040627], [94.938569, 27.042156], [94.937196, 27.043303], [94.935865, 27.044602], [94.935393, 27.046016], [94.935608, 27.047392], [94.936938, 27.04938], [94.937754, 27.049686], [94.939556, 27.048807], [94.939771, 27.046857], [94.940114, 27.044755], [94.940801, 27.042844], [94.941359, 27.04143], [94.942689, 27.040703], [94.94432, 27.040512], [94.946079, 27.041353], [94.946938, 27.042806], [94.947023, 27.044449], [94.94698, 27.046704], [94.946766, 27.047889], [94.946422, 27.050068], [94.947367, 27.050641], [94.9505, 27.050794], [94.951615, 27.049609], [94.95213, 27.048654], [94.953933, 27.045634], [94.954834, 27.045844], [94.955456, 27.04679], [94.955939, 27.047622], [94.956229, 27.048147], [94.957302, 27.049686], [94.957581, 27.050698], [94.956508, 27.051979], [94.95492, 27.052361], [94.953461, 27.05303], [94.952517, 27.054463], [94.951959, 27.055323], [94.952345, 27.056202], [94.953997, 27.055419], [94.95595, 27.054693], [94.957859, 27.054463], [94.960327, 27.054444], [94.962408, 27.054119], [94.963353, 27.054062], [94.963911, 27.054597], [94.962473, 27.055228], [94.960606, 27.05582], [94.959147, 27.056756], [94.956937, 27.058209], [94.955134, 27.059451], [94.95507, 27.060712], [94.955113, 27.061648], [94.956036, 27.063903], [94.957731, 27.065049], [94.959211, 27.064094], [94.960306, 27.062814], [94.960992, 27.061897], [94.961271, 27.061113], [94.961142, 27.058896], [94.961915, 27.05819], [94.963009, 27.057502], [94.964147, 27.057349], [94.965541, 27.057368], [94.966657, 27.057654], [94.967773, 27.058075], [94.968545, 27.058801], [94.968653, 27.05968], [94.968095, 27.060272], [94.966893, 27.060444], [94.965777, 27.060674], [94.965026, 27.060903], [94.963782, 27.061419], [94.963353, 27.061897], [94.963267, 27.063807], [94.96449, 27.065183], [94.965434, 27.065986], [94.966571, 27.066387], [94.967687, 27.066674], [94.968696, 27.066521], [94.970155, 27.065776], [94.970927, 27.064514], [94.971206, 27.063234], [94.971571, 27.062202], [94.972687, 27.06096], [94.973416, 27.060444], [94.97436, 27.060043], [94.975326, 27.05989], [94.975691, 27.060502], [94.975648, 27.061266], [94.97524, 27.062164], [94.974918, 27.063597], [94.975283, 27.066712], [94.976184, 27.068011], [94.977386, 27.068947], [94.979339, 27.069253], [94.980369, 27.068756], [94.981055, 27.068011], [94.981377, 27.06696], [94.982064, 27.066043], [94.983222, 27.06547], [94.984081, 27.065202], [94.986548, 27.064323], [94.987214, 27.06375], [94.987643, 27.062852], [94.988136, 27.062107], [94.988523, 27.061381], [94.988973, 27.060903], [94.989638, 27.061304], [94.990497, 27.062393], [94.99275, 27.064342], [94.99614, 27.065241], [94.999101, 27.064725], [95.002019, 27.063177], [95.00335, 27.063177], [95.004079, 27.06333], [95.003994, 27.06419], [95.003307, 27.066597], [95.0038, 27.068393], [95.004809, 27.070533], [95.005989, 27.0721], [95.008285, 27.072635], [95.010817, 27.072234], [95.01234, 27.071871], [95.01277, 27.071489], [95.012898, 27.071011], [95.011611, 27.070686], [95.01071, 27.07038], [95.009744, 27.069922], [95.008886, 27.069425], [95.007899, 27.068068], [95.007834, 27.067056], [95.008156, 27.066158], [95.008671, 27.065011], [95.009444, 27.063979], [95.010087, 27.062756], [95.010817, 27.061744], [95.011353, 27.061591], [95.012577, 27.061725], [95.013177, 27.062126], [95.013285, 27.062737], [95.012727, 27.063674], [95.01234, 27.064476], [95.011826, 27.065527], [95.011418, 27.066578], [95.011332, 27.067457], [95.012105, 27.067553], [95.01307, 27.06696], [95.013907, 27.065967], [95.014486, 27.065183], [95.015366, 27.064476], [95.016482, 27.064304], [95.017533, 27.064514], [95.018799, 27.064896], [95.020773, 27.065393], [95.021653, 27.065527], [95.027146, 27.065699], [95.030537, 27.065432], [95.031695, 27.065374], [95.03206, 27.0661], [95.031738, 27.066635], [95.030665, 27.068794], [95.030258, 27.069368], [95.029871, 27.070323], [95.029743, 27.071145], [95.030236, 27.071928], [95.032489, 27.071699], [95.0353, 27.071794], [95.037553, 27.071985], [95.041737, 27.072138], [95.042188, 27.07317], [95.041566, 27.074202], [95.04045, 27.075214], [95.039163, 27.076208], [95.037553, 27.077622], [95.037339, 27.078997], [95.037832, 27.080316], [95.038583, 27.080851], [95.039742, 27.081042], [95.040729, 27.080468], [95.041308, 27.079475], [95.042167, 27.078634], [95.043197, 27.078042], [95.044055, 27.077736], [95.045214, 27.077775], [95.046351, 27.078099], [95.04766, 27.078711], [95.049098, 27.079055], [95.051351, 27.078787], [95.052037, 27.079131], [95.052102, 27.079742], [95.050814, 27.080526], [95.049763, 27.081405], [95.048068, 27.083047], [95.047338, 27.08448], [95.046802, 27.085111], [95.046651, 27.086467], [95.047081, 27.087155], [95.048111, 27.087805], [95.049462, 27.087919], [95.051394, 27.087403], [95.053132, 27.086926], [95.054784, 27.086639], [95.056393, 27.086314], [95.057659, 27.086219], [95.058582, 27.086314], [95.059483, 27.086868], [95.060191, 27.087824], [95.060255, 27.088378], [95.060019, 27.089447], [95.059719, 27.09004], [95.058625, 27.091281], [95.057981, 27.093669], [95.058003, 27.095465], [95.058496, 27.096688], [95.059719, 27.097624], [95.061693, 27.097872], [95.063667, 27.097108], [95.064912, 27.095981], [95.066779, 27.093975], [95.067294, 27.092848], [95.067701, 27.091988], [95.06798, 27.091606], [95.069246, 27.091511], [95.070126, 27.092179], [95.070598, 27.093058], [95.070662, 27.09386], [95.070598, 27.094605], [95.069868, 27.095732], [95.069697, 27.096401], [95.069654, 27.097394], [95.069804, 27.097948], [95.070555, 27.097872], [95.070984, 27.097089], [95.071113, 27.096191], [95.071671, 27.094968], [95.072272, 27.094242], [95.073431, 27.094281], [95.074375, 27.094854], [95.074546, 27.096229], [95.074418, 27.097184], [95.074739, 27.098063], [95.075233, 27.098292], [95.076542, 27.098349], [95.077915, 27.098273], [95.080104, 27.09898], [95.080147, 27.100986], [95.080404, 27.102552], [95.08064, 27.103488], [95.081456, 27.104519], [95.083344, 27.104729], [95.084696, 27.104118], [95.086112, 27.103488], [95.087636, 27.103259], [95.089095, 27.103316], [95.091155, 27.103641], [95.092506, 27.104481], [95.093515, 27.105245], [95.093279, 27.106372], [95.092571, 27.107384], [95.091691, 27.108148], [95.090682, 27.108435], [95.089309, 27.10832], [95.088108, 27.108091], [95.086756, 27.108148], [95.085661, 27.108549], [95.085146, 27.111243], [95.08564, 27.112923], [95.088773, 27.116228], [95.089438, 27.116667], [95.089717, 27.116094], [95.089374, 27.114891], [95.089009, 27.113726], [95.089052, 27.112561], [95.089932, 27.111434], [95.090983, 27.110994], [95.092914, 27.110727], [95.094373, 27.110956], [95.096068, 27.111663], [95.096819, 27.112561], [95.096733, 27.113477], [95.096111, 27.114757], [95.095553, 27.115712], [95.095274, 27.117183], [95.095725, 27.12062], [95.095983, 27.123256], [95.09727, 27.124478], [95.099309, 27.124822], [95.10021, 27.124077], [95.100017, 27.12316], [95.099566, 27.122263], [95.099201, 27.121403], [95.098922, 27.120487], [95.098815, 27.119474], [95.098901, 27.117889], [95.09963, 27.116801], [95.101025, 27.115903], [95.102356, 27.115674], [95.104222, 27.115578], [95.106089, 27.115674], [95.107226, 27.115807], [95.10757, 27.116419], [95.107291, 27.117412], [95.106797, 27.118386], [95.106368, 27.119303], [95.106154, 27.120067], [95.106497, 27.121098], [95.107698, 27.121537], [95.109243, 27.121804], [95.110166, 27.122301], [95.111217, 27.12316], [95.111733, 27.124001], [95.11199, 27.124745], [95.111024, 27.125204], [95.109587, 27.125185], [95.108299, 27.125529], [95.107355, 27.126102], [95.106325, 27.127037], [95.106154, 27.129042], [95.106647, 27.13015], [95.10684, 27.130799], [95.106733, 27.131582], [95.106368, 27.132747], [95.105982, 27.133798], [95.105832, 27.134389], [95.105853, 27.134962], [95.106304, 27.135172], [95.107548, 27.135688], [95.111196, 27.135994], [95.113041, 27.136013], [95.113256, 27.135115], [95.112955, 27.134256], [95.112441, 27.133091], [95.112226, 27.13227], [95.112097, 27.131143], [95.112376, 27.129978], [95.112848, 27.128966], [95.113127, 27.128049], [95.113964, 27.127228], [95.11493, 27.126865], [95.116153, 27.127228], [95.115702, 27.128298], [95.11508, 27.12931], [95.114458, 27.130494], [95.114093, 27.131525], [95.1142, 27.133129], [95.114844, 27.134523], [95.115466, 27.135363], [95.116196, 27.135841], [95.117118, 27.135994], [95.117891, 27.135459], [95.118127, 27.134389], [95.118663, 27.1329], [95.118942, 27.131792], [95.119522, 27.130876], [95.120573, 27.13015], [95.121689, 27.129978], [95.122869, 27.130112], [95.123878, 27.130379], [95.125165, 27.13078], [95.125594, 27.131621], [95.12568, 27.133072], [95.126259, 27.135707], [95.12759, 27.137502], [95.128555, 27.138419], [95.129907, 27.138839], [95.130873, 27.138896], [95.13113, 27.138304], [95.131152, 27.137139], [95.131173, 27.13628], [95.130851, 27.135363], [95.130808, 27.1346], [95.13128, 27.133798], [95.131946, 27.13395], [95.13231, 27.134619], [95.132589, 27.135917], [95.132868, 27.137101], [95.133448, 27.137979], [95.134499, 27.13838], [95.135915, 27.13838], [95.137439, 27.138209], [95.139005, 27.137808], [95.139499, 27.137387], [95.140915, 27.1367], [95.142653, 27.137082], [95.14349, 27.137445], [95.144927, 27.137177], [95.146086, 27.136605], [95.147202, 27.136032], [95.147867, 27.13544], [95.148447, 27.134695], [95.148532, 27.133244], [95.148404, 27.132327], [95.147867, 27.129615], [95.147996, 27.128737], [95.148511, 27.128355], [95.149519, 27.128069], [95.150421, 27.126102], [95.151279, 27.124784], [95.152202, 27.123829], [95.153317, 27.123733], [95.154476, 27.124344], [95.15497, 27.125338], [95.154562, 27.12593], [95.153339, 27.126503], [95.152438, 27.127056], [95.151665, 27.127686], [95.15085, 27.12868], [95.150335, 27.129596], [95.150399, 27.131525], [95.151043, 27.132709], [95.152996, 27.135115], [95.154026, 27.135955], [95.154669, 27.136318], [95.155742, 27.136127], [95.156257, 27.135058], [95.156665, 27.133759], [95.156879, 27.132594], [95.157115, 27.131162], [95.157502, 27.130074], [95.157845, 27.129195], [95.158467, 27.128355], [95.159476, 27.127878], [95.161085, 27.12782], [95.162265, 27.128069], [95.163531, 27.12845], [95.164089, 27.129176], [95.163338, 27.13036], [95.162523, 27.130723], [95.160935, 27.131621], [95.160162, 27.132174], [95.159776, 27.132862], [95.159411, 27.133798], [95.159519, 27.134619], [95.159669, 27.13502], [95.160377, 27.134752], [95.160763, 27.134027], [95.161171, 27.133244], [95.162158, 27.132556], [95.163016, 27.131945], [95.163853, 27.13206], [95.164197, 27.132766], [95.164089, 27.133435], [95.163875, 27.13437], [95.163875, 27.135268], [95.164411, 27.136089], [95.165076, 27.136471], [95.166643, 27.136299], [95.168896, 27.136433], [95.169926, 27.136986], [95.170226, 27.138151], [95.169861, 27.139163], [95.169175, 27.140615], [95.169046, 27.142696], [95.169904, 27.143975], [95.170891, 27.145312], [95.1722, 27.146037], [95.173316, 27.146877], [95.174196, 27.146458], [95.174732, 27.145293], [95.174603, 27.144223], [95.173466, 27.142906], [95.172758, 27.142028], [95.172265, 27.14113], [95.171943, 27.139889], [95.171986, 27.138991], [95.172715, 27.138094], [95.173466, 27.137731], [95.174067, 27.13838], [95.174646, 27.13924], [95.175784, 27.140576], [95.177093, 27.140977], [95.17838, 27.141111], [95.179281, 27.141283], [95.179796, 27.141627], [95.179946, 27.142486], [95.179238, 27.143097], [95.178058, 27.143517], [95.176921, 27.143822], [95.176427, 27.144491], [95.176921, 27.145331], [95.177372, 27.145885], [95.177736, 27.146687], [95.178208, 27.149455], [95.180118, 27.150524], [95.182521, 27.150925], [95.183809, 27.150906], [95.184989, 27.150849], [95.185976, 27.151135], [95.186534, 27.151975], [95.185633, 27.152567], [95.18353, 27.153484], [95.182135, 27.154763], [95.182199, 27.15757], [95.183058, 27.160433], [95.182908, 27.162381], [95.18338, 27.163011], [95.185568, 27.162362], [95.186727, 27.161961], [95.187435, 27.160987], [95.187585, 27.160071], [95.188186, 27.159479], [95.189602, 27.159364], [95.190933, 27.160109], [95.192242, 27.160643], [95.193572, 27.160605], [95.194259, 27.160032], [95.194409, 27.159364], [95.193744, 27.158715], [95.1928, 27.158352], [95.191791, 27.158257], [95.190761, 27.158238], [95.189753, 27.158104], [95.189259, 27.157665], [95.189195, 27.157092], [95.190139, 27.156634], [95.191405, 27.15629], [95.192263, 27.155985], [95.192821, 27.155508], [95.193486, 27.155202], [95.194237, 27.155088], [95.195246, 27.155489], [95.195954, 27.156329], [95.197005, 27.156959], [95.19855, 27.157646], [95.199065, 27.15862], [95.199151, 27.159612], [95.1987, 27.160376], [95.197692, 27.16114], [95.197456, 27.161713], [95.197563, 27.162839], [95.198421, 27.163469], [95.199001, 27.163507], [95.20061, 27.163068], [95.201833, 27.162801], [95.204666, 27.162953], [95.205975, 27.162572], [95.207691, 27.162381], [95.20885, 27.162438], [95.21018, 27.163602], [95.211146, 27.164786], [95.212348, 27.165244], [95.213849, 27.168089], [95.214279, 27.169845], [95.214236, 27.170609], [95.213463, 27.170952], [95.212905, 27.16975], [95.212133, 27.168986], [95.21106, 27.168681], [95.210094, 27.168967], [95.209773, 27.16975], [95.210159, 27.171506], [95.210438, 27.172785], [95.210867, 27.174159], [95.211661, 27.174179], [95.212412, 27.172919], [95.213785, 27.172041], [95.214751, 27.171659], [95.216317, 27.171391], [95.217862, 27.171067], [95.218785, 27.170647], [95.21945, 27.170132], [95.219514, 27.169597], [95.219021, 27.169177], [95.21827, 27.16891], [95.217197, 27.168891], [95.216167, 27.168795], [95.215867, 27.168089], [95.216038, 27.167421], [95.216661, 27.166714], [95.21754, 27.166065], [95.218356, 27.16534], [95.219278, 27.16492], [95.220694, 27.165722], [95.222197, 27.165951], [95.223076, 27.166103], [95.224986, 27.167249], [95.225716, 27.168872], [95.226231, 27.170704], [95.226703, 27.172308], [95.227046, 27.173281], [95.227883, 27.173587], [95.229235, 27.173453], [95.231702, 27.172899], [95.232775, 27.172537], [95.23344, 27.172059], [95.234191, 27.171411], [95.234621, 27.17059], [95.235565, 27.169807], [95.236573, 27.169731], [95.237711, 27.170036], [95.238483, 27.170361], [95.238934, 27.171143], [95.238719, 27.172136], [95.23741, 27.172823], [95.235994, 27.173835], [95.234942, 27.174541], [95.232646, 27.177061], [95.232561, 27.179142], [95.232539, 27.180344], [95.233269, 27.181031], [95.234127, 27.181184], [95.235651, 27.180573], [95.23623, 27.179867], [95.236852, 27.179371], [95.237517, 27.179752], [95.238719, 27.181089], [95.240436, 27.181833], [95.24153, 27.183016], [95.241616, 27.184104], [95.241015, 27.185422], [95.240425, 27.186217], [95.240307, 27.186376], [95.238891, 27.187216], [95.237861, 27.187597], [95.237088, 27.188113], [95.236659, 27.188819], [95.236573, 27.18943], [95.237195, 27.18985], [95.238998, 27.18983], [95.240886, 27.189487], [95.243483, 27.18922], [95.244534, 27.189315], [95.24492, 27.190002], [95.244727, 27.191014], [95.244833, 27.191155], [95.24565, 27.192235], [95.247238, 27.192407], [95.249469, 27.192598], [95.250971, 27.192903], [95.252044, 27.194335], [95.252731, 27.194965], [95.253847, 27.194526], [95.254426, 27.193342], [95.254641, 27.191987], [95.255113, 27.191071], [95.255949, 27.19004], [95.256057, 27.189182], [95.25567, 27.188151], [95.255327, 27.186548], [95.25537, 27.185956], [95.255928, 27.185345], [95.2567, 27.185383], [95.257344, 27.186739], [95.25816, 27.187636], [95.258546, 27.188819], [95.258245, 27.189945], [95.257666, 27.190976], [95.256979, 27.191968], [95.257173, 27.193209], [95.257773, 27.193457], [95.258803, 27.192846], [95.260284, 27.191281], [95.2617, 27.189086], [95.261829, 27.188132], [95.262301, 27.187426], [95.263546, 27.187311], [95.26376, 27.188533], [95.26361, 27.189869], [95.26464, 27.19277], [95.265262, 27.194449], [95.266185, 27.195041], [95.267086, 27.194965], [95.267644, 27.194316], [95.268524, 27.193285], [95.269167, 27.19193], [95.269897, 27.191071], [95.270669, 27.190174], [95.271399, 27.189373], [95.271935, 27.188895], [95.272472, 27.188819], [95.273116, 27.189048], [95.273244, 27.189926], [95.27348, 27.191147], [95.27451, 27.191758], [95.275476, 27.190861], [95.276034, 27.190002], [95.276592, 27.189506], [95.277665, 27.189162], [95.278373, 27.189239], [95.279832, 27.190499], [95.280046, 27.191758], [95.279617, 27.192751], [95.279059, 27.193571], [95.278952, 27.194621], [95.279703, 27.195346], [95.281527, 27.194869], [95.282407, 27.194316], [95.283608, 27.1938], [95.285325, 27.193476], [95.286677, 27.193495], [95.286913, 27.194736], [95.284939, 27.195938], [95.284145, 27.196167], [95.282857, 27.196453], [95.281935, 27.196625], [95.28157, 27.19714], [95.28157, 27.197942], [95.282428, 27.198476], [95.284059, 27.198648], [95.285368, 27.19861], [95.286613, 27.198018], [95.287685, 27.197255], [95.28878, 27.196778], [95.28981, 27.196339], [95.290689, 27.196091], [95.291655, 27.195766], [95.292406, 27.195671], [95.293436, 27.195823], [95.295153, 27.196568], [95.296247, 27.196224], [95.297492, 27.195499], [95.29865, 27.195385], [95.299487, 27.195594], [95.300603, 27.196014], [95.302083, 27.196587], [95.302749, 27.196301], [95.302899, 27.195366], [95.30247, 27.194564], [95.30189, 27.193839], [95.301397, 27.193171], [95.301268, 27.192522], [95.301375, 27.191644], [95.302277, 27.19109], [95.304186, 27.19088], [95.306332, 27.190728], [95.308349, 27.190212], [95.309122, 27.189124], [95.310001, 27.188094], [95.310624, 27.187158], [95.311031, 27.186433], [95.311418, 27.185593], [95.312018, 27.184868], [95.312855, 27.184734], [95.313842, 27.185841], [95.314658, 27.186929], [95.315516, 27.187426], [95.316567, 27.18817], [95.317447, 27.188304], [95.318327, 27.187884], [95.318863, 27.187387], [95.319314, 27.187044], [95.320194, 27.186872], [95.321116, 27.187273], [95.321739, 27.187559], [95.322704, 27.188361], [95.322962, 27.190021], [95.323906, 27.191434], [95.325451, 27.191281], [95.326116, 27.190479], [95.326138, 27.189391], [95.325923, 27.188552], [95.326138, 27.187483], [95.326695, 27.1867], [95.327446, 27.186395], [95.328627, 27.186357], [95.329485, 27.186777], [95.3303, 27.187865], [95.330901, 27.188991], [95.331781, 27.190155], [95.332897, 27.19006], [95.333004, 27.189124], [95.332897, 27.188132], [95.332854, 27.187273], [95.333197, 27.186185], [95.333562, 27.185574], [95.335043, 27.185192], [95.33648, 27.185994], [95.33824, 27.186739], [95.339699, 27.185822], [95.341051, 27.184562], [95.341866, 27.183608], [95.342789, 27.182826], [95.343711, 27.182177], [95.344248, 27.18126], [95.344355, 27.179924], [95.345085, 27.176393], [95.345492, 27.174408], [95.346007, 27.172957], [95.346651, 27.172136], [95.348067, 27.171659], [95.350492, 27.171334], [95.352595, 27.17101], [95.356457, 27.169616], [95.357595, 27.168184], [95.358088, 27.166562], [95.358238, 27.165282], [95.358539, 27.163431], [95.358217, 27.162018], [95.357895, 27.160605], [95.35768, 27.159059], [95.35768, 27.15778], [95.358195, 27.156462], [95.360362, 27.153808], [95.362616, 27.151135], [95.363452, 27.149455], [95.364397, 27.147622], [95.364997, 27.146152], [95.365834, 27.14451], [95.366499, 27.141111], [95.367014, 27.13838], [95.367486, 27.137235], [95.367315, 27.136261], [95.3668, 27.135402], [95.366478, 27.134752], [95.366092, 27.133988], [95.365555, 27.132747], [95.365555, 27.131372], [95.364676, 27.13057], [95.364053, 27.130036], [95.363216, 27.129558], [95.36238, 27.129004], [95.3618, 27.128508], [95.361328, 27.127858], [95.361307, 27.127228], [95.36195, 27.126884], [95.362637, 27.12677], [95.363367, 27.126235], [95.363474, 27.124134], [95.363388, 27.122989], [95.363517, 27.121652], [95.364697, 27.119608], [95.364933, 27.118023], [95.364933, 27.117049], [95.364976, 27.115979], [95.366735, 27.115655], [95.368366, 27.115559], [95.369782, 27.115234], [95.370898, 27.11491], [95.371499, 27.114356], [95.371649, 27.113515], [95.371735, 27.112026], [95.371521, 27.111376], [95.370984, 27.110784], [95.370405, 27.11044], [95.369375, 27.110078], [95.368688, 27.109734], [95.368087, 27.107165]]], "type": "Polygon"}, "id": "sivasagar-sonari", "properties": {"district": "Charaideo", "grade": "zonal", "locality_id": "sivasagar-sonari", "osm_id": "relation/10056724", "revenue_circle": "Sonari"}, "type": "Feature"}, {"geometry": {"coordinates": [[[95.76983, 27.728901], [95.768509, 27.728172], [95.766535, 27.726615], [95.765934, 27.726539], [95.759754, 27.727184], [95.756192, 27.726767], [95.754561, 27.726121], [95.752931, 27.724753], [95.752201, 27.723424], [95.752115, 27.721676], [95.75263, 27.720157], [95.75439, 27.718447], [95.757008, 27.717193], [95.758939, 27.716168], [95.760913, 27.715788], [95.762072, 27.715446], [95.764561, 27.715161], [95.764947, 27.714306], [95.764239, 27.713755], [95.763144, 27.713584], [95.762587, 27.713052], [95.762672, 27.712539], [95.763488, 27.711779], [95.764153, 27.711134], [95.763831, 27.710545], [95.762651, 27.710051], [95.762587, 27.709215], [95.762908, 27.70855], [95.763531, 27.707885], [95.76499, 27.706973], [95.765569, 27.706422], [95.766106, 27.704447], [95.766814, 27.70325], [95.767543, 27.702737], [95.768015, 27.702034], [95.767479, 27.701388], [95.767071, 27.700704], [95.766642, 27.700362], [95.765376, 27.700172], [95.764518, 27.699697], [95.76484, 27.699108], [95.765698, 27.698709], [95.765762, 27.698139], [95.765612, 27.697721], [95.765119, 27.696999], [95.764668, 27.696163], [95.76441, 27.69489], [95.764046, 27.694035], [95.764368, 27.692268], [95.765376, 27.691109], [95.766148, 27.690653], [95.766985, 27.690653], [95.767307, 27.689988], [95.767715, 27.689133], [95.767929, 27.688259], [95.767844, 27.687385], [95.768144, 27.686872], [95.769195, 27.686758], [95.769925, 27.686644], [95.770547, 27.685941], [95.770977, 27.685694], [95.771856, 27.685979], [95.772328, 27.686055], [95.772736, 27.685447], [95.773637, 27.685276], [95.774324, 27.685542], [95.775011, 27.686074], [95.77574, 27.686644], [95.776405, 27.68672], [95.777092, 27.686302], [95.777586, 27.686758], [95.777242, 27.68767], [95.778658, 27.687385], [95.78016, 27.687005], [95.782242, 27.686948], [95.783572, 27.687081], [95.783443, 27.686302], [95.78325, 27.685941], [95.7831, 27.685276], [95.783272, 27.684706], [95.78413, 27.684535], [95.784752, 27.684953], [95.78546, 27.684725], [95.786018, 27.684041], [95.786469, 27.683604], [95.786297, 27.682692], [95.786254, 27.682084], [95.786447, 27.681571], [95.78707, 27.681419], [95.788057, 27.681932], [95.789559, 27.680849], [95.789902, 27.680279], [95.790439, 27.679804], [95.790181, 27.679747], [95.788894, 27.679861], [95.787885, 27.67931], [95.786748, 27.678246], [95.785632, 27.677961], [95.783443, 27.677999], [95.782113, 27.677847], [95.780611, 27.677543], [95.779431, 27.677257], [95.77868, 27.676915], [95.778508, 27.676231], [95.778058, 27.675699], [95.777306, 27.67549], [95.776234, 27.674749], [95.774324, 27.672811], [95.773551, 27.671785], [95.773702, 27.67053], [95.773787, 27.669732], [95.77353, 27.668991], [95.773423, 27.667471], [95.773101, 27.666273], [95.772479, 27.665266], [95.772243, 27.66443], [95.772157, 27.663632], [95.772993, 27.662092], [95.772843, 27.661598], [95.772457, 27.661009], [95.77235, 27.660382], [95.771878, 27.659717], [95.771406, 27.659052], [95.770805, 27.658443], [95.77029, 27.657683], [95.770934, 27.656049], [95.772243, 27.654794], [95.773058, 27.653673], [95.756149, 27.634418], [95.750656, 27.624836], [95.747051, 27.616015], [95.746021, 27.607648], [95.7407, 27.604454], [95.738296, 27.591523], [95.73658, 27.590154], [95.733147, 27.588176], [95.728512, 27.584981], [95.730572, 27.58209], [95.736751, 27.581481], [95.740528, 27.583307], [95.743961, 27.586502], [95.747394, 27.589545], [95.751514, 27.593197], [95.755806, 27.595631], [95.761299, 27.593349], [95.763016, 27.591067], [95.763016, 27.582699], [95.763874, 27.578743], [95.763187, 27.566569], [95.755291, 27.566113], [95.746193, 27.566113], [95.739155, 27.565961], [95.732631, 27.564743], [95.73246, 27.561852], [95.734177, 27.557439], [95.73658, 27.552569], [95.736923, 27.546937], [95.734863, 27.542676], [95.73143, 27.536283], [95.721645, 27.524257], [95.709972, 27.509642], [95.703449, 27.503399], [95.700187, 27.503095], [95.695553, 27.505226], [95.682163, 27.50949], [95.667057, 27.516493], [95.666714, 27.468526], [95.66328, 27.470049], [95.657616, 27.474009], [95.652466, 27.475684], [95.647487, 27.472181], [95.640449, 27.471115], [95.629635, 27.473095], [95.616073, 27.477816], [95.616073, 27.481472], [95.613327, 27.486193], [95.61274, 27.487312], [95.609894, 27.492741], [95.61161, 27.502181], [95.608005, 27.50751], [95.601826, 27.516341], [95.594272, 27.519842], [95.588779, 27.522887], [95.576248, 27.527911], [95.567493, 27.532629], [95.558739, 27.539784], [95.552215, 27.542676], [95.548096, 27.546481], [95.546379, 27.551808], [95.545692, 27.559113], [95.547924, 27.564743], [95.545521, 27.570374], [95.540542, 27.572504], [95.535908, 27.572656], [95.534534, 27.575852], [95.52578, 27.577678], [95.52269, 27.581025], [95.515394, 27.579884], [95.513506, 27.574786], [95.511961, 27.571058], [95.511961, 27.566189], [95.514965, 27.564667], [95.519686, 27.562841], [95.520802, 27.56033], [95.519514, 27.556906], [95.516596, 27.555841], [95.511103, 27.552492], [95.510073, 27.550438], [95.504751, 27.548687], [95.50106, 27.549372], [95.498228, 27.549905], [95.497026, 27.547926], [95.499, 27.544426], [95.500288, 27.541306], [95.499172, 27.537881], [95.496511, 27.534761], [95.491791, 27.531868], [95.482693, 27.526464], [95.476169, 27.524485], [95.468359, 27.521974], [95.466556, 27.517787], [95.46587, 27.509794], [95.455398, 27.50477], [95.454712, 27.502029], [95.444755, 27.494263], [95.433769, 27.495025], [95.424671, 27.497765], [95.417805, 27.493807], [95.414371, 27.497918], [95.408878, 27.50142], [95.401668, 27.499288], [95.393429, 27.49944], [95.384331, 27.513105], [95.383816, 27.51695], [95.38167, 27.525703], [95.381584, 27.528063], [95.382571, 27.53027], [95.384452, 27.532503], [95.385103, 27.533276], [95.387807, 27.536701], [95.391283, 27.541838], [95.396218, 27.546405], [95.395961, 27.552797], [95.396047, 27.553748], [95.39506, 27.556069], [95.393643, 27.55995], [95.389566, 27.560178], [95.387206, 27.56014], [95.38373, 27.558466], [95.376692, 27.557857], [95.375919, 27.560216], [95.375533, 27.563906], [95.376992, 27.566113], [95.376177, 27.567977], [95.372443, 27.569004], [95.370662, 27.568681], [95.368602, 27.56948], [95.36695, 27.570982], [95.364397, 27.573968], [95.363989, 27.575889], [95.363624, 27.580473], [95.359826, 27.583478], [95.358946, 27.585133], [95.356715, 27.586959], [95.356457, 27.588594], [95.356843, 27.590458], [95.357208, 27.591998], [95.358925, 27.593501], [95.362036, 27.593539], [95.363967, 27.595669], [95.365276, 27.596049], [95.366886, 27.596239], [95.367658, 27.596619], [95.368109, 27.597627], [95.368645, 27.598673], [95.369718, 27.599263], [95.371285, 27.598616], [95.372078, 27.598046], [95.373044, 27.598863], [95.374267, 27.60067], [95.376349, 27.60048], [95.37828, 27.60086], [95.37991, 27.603845], [95.380812, 27.6051], [95.381541, 27.606545], [95.381799, 27.607762], [95.383172, 27.608124], [95.385404, 27.608162], [95.388923, 27.610215], [95.395703, 27.613676], [95.396862, 27.614417], [95.397999, 27.6159], [95.398107, 27.617155], [95.397592, 27.617916], [95.39787, 27.61879], [95.400402, 27.618904], [95.40169, 27.620159], [95.402291, 27.621889], [95.403342, 27.622726], [95.405981, 27.622194], [95.410767, 27.622631], [95.415874, 27.624437], [95.417418, 27.625349], [95.42038, 27.627536], [95.422676, 27.628638], [95.423899, 27.636471], [95.424972, 27.637193], [95.428083, 27.637858], [95.430722, 27.638372], [95.432267, 27.639132], [95.433576, 27.641337], [95.434735, 27.646906], [95.436022, 27.649282], [95.440078, 27.653692], [95.442309, 27.660401], [95.443211, 27.662872], [95.443983, 27.665285], [95.445528, 27.66787], [95.445957, 27.669561], [95.448296, 27.671633], [95.450764, 27.674996], [95.453296, 27.678132], [95.4563, 27.679272], [95.461965, 27.681039], [95.465355, 27.68254], [95.466642, 27.684535], [95.468273, 27.688715], [95.469518, 27.691185], [95.469732, 27.693446], [95.470011, 27.696638], [95.470548, 27.699697], [95.470741, 27.701217], [95.470719, 27.704181], [95.470247, 27.70646], [95.469453, 27.712197], [95.469453, 27.71518], [95.468938, 27.717516], [95.468102, 27.720213], [95.466707, 27.723291], [95.465677, 27.725494], [95.464346, 27.727393], [95.463896, 27.729616], [95.461632, 27.730062], [95.459862, 27.732009], [95.466556, 27.736795], [95.477199, 27.743328], [95.481148, 27.747278], [95.488872, 27.757988], [95.496855, 27.765583], [95.505438, 27.773861], [95.521917, 27.781151], [95.524921, 27.785859], [95.527496, 27.787986], [95.535135, 27.787758], [95.548096, 27.78343], [95.555906, 27.780012], [95.560112, 27.778038], [95.564918, 27.773785], [95.567064, 27.771203], [95.580969, 27.773026], [95.59144, 27.775], [95.598478, 27.775987], [95.603113, 27.774621], [95.605087, 27.773026], [95.60955, 27.774545], [95.612555, 27.776747], [95.618133, 27.779253], [95.626802, 27.780848], [95.632553, 27.784948], [95.636844, 27.785404], [95.647917, 27.784568], [95.654526, 27.789504], [95.658731, 27.791175], [95.664911, 27.792162], [95.671949, 27.792921], [95.679331, 27.793604], [95.683021, 27.789884], [95.693579, 27.787986], [95.697355, 27.785708], [95.702076, 27.773254], [95.711689, 27.759887], [95.71598, 27.755102], [95.721645, 27.751836], [95.726709, 27.75138], [95.731773, 27.750848], [95.74173, 27.748797], [95.750742, 27.74819], [95.758123, 27.748038], [95.761728, 27.747582], [95.768595, 27.746822], [95.772972, 27.745835], [95.778315, 27.742407], [95.778894, 27.740631], [95.780139, 27.737555], [95.779881, 27.734516], [95.779109, 27.733148], [95.776792, 27.731895], [95.7725, 27.730375], [95.76983, 27.728901]]], "type": "Polygon"}, "id": "tinsukia-doom-dooma", "properties": {"district": "Tinsukia", "grade": "zonal", "locality_id": "tinsukia-doom-dooma", "osm_id": "relation/10057652", "revenue_circle": "Doom Dooma"}, "type": "Feature"}, {"geometry": {"coordinates": [[[95.778315, 27.742407], [95.772972, 27.745835], [95.768595, 27.746822], [95.761728, 27.747582], [95.758123, 27.748038], [95.750742, 27.74819], [95.74173, 27.748797], [95.731773, 27.750848], [95.726709, 27.75138], [95.721645, 27.751836], [95.71598, 27.755102], [95.711689, 27.759887], [95.702076, 27.773254], [95.697355, 27.785708], [95.693579, 27.787986], [95.683021, 27.789884], [95.679331, 27.793604], [95.671949, 27.792921], [95.664911, 27.792162], [95.658731, 27.791175], [95.654526, 27.789504], [95.647917, 27.784568], [95.636844, 27.785404], [95.632553, 27.784948], [95.626802, 27.780848], [95.618133, 27.779253], [95.612555, 27.776747], [95.60955, 27.774545], [95.605087, 27.773026], [95.603113, 27.774621], [95.598478, 27.775987], [95.59144, 27.775], [95.580969, 27.773026], [95.567064, 27.771203], [95.564918, 27.773785], [95.560112, 27.778038], [95.555906, 27.780012], [95.548096, 27.78343], [95.535135, 27.787758], [95.527496, 27.787986], [95.524921, 27.785859], [95.521917, 27.781151], [95.505438, 27.773861], [95.496855, 27.765583], [95.488872, 27.757988], [95.481148, 27.747278], [95.477199, 27.743328], [95.466556, 27.736795], [95.459862, 27.732009], [95.449562, 27.731629], [95.446043, 27.729882], [95.442781, 27.726539], [95.440035, 27.722512], [95.438061, 27.718181], [95.435486, 27.712634], [95.432396, 27.710811], [95.428018, 27.708759], [95.421409, 27.706631], [95.415144, 27.702072], [95.40802, 27.697056], [95.408878, 27.708227], [95.409736, 27.735731], [95.410337, 27.766589], [95.410295, 27.773975], [95.411582, 27.782063], [95.418148, 27.785442], [95.421453, 27.787986], [95.425079, 27.78939], [95.427053, 27.789789], [95.428984, 27.78977], [95.432975, 27.79201], [95.438468, 27.794345], [95.445914, 27.796945], [95.447871, 27.797321], [95.451729, 27.798597], [95.455849, 27.799451], [95.459948, 27.801406], [95.463703, 27.805107], [95.467308, 27.811503], [95.470333, 27.815849], [95.470977, 27.817728], [95.471578, 27.820252], [95.473638, 27.824199], [95.473745, 27.8253], [95.473423, 27.826154], [95.473364, 27.826554], [95.473337, 27.828981], [95.473723, 27.830196], [95.477157, 27.832625], [95.478659, 27.834408], [95.480869, 27.838317], [95.481512, 27.840632], [95.482435, 27.847614], [95.485096, 27.853059], [95.487413, 27.85545], [95.494995, 27.857937], [95.497563, 27.858485], [95.499859, 27.858162], [95.508442, 27.85858], [95.51518, 27.859282], [95.515343, 27.860018], [95.514429, 27.869848], [95.514543, 27.879718], [95.519707, 27.881494], [95.522003, 27.883087], [95.52417, 27.887905], [95.526346, 27.891355], [95.531101, 27.896098], [95.534534, 27.898373], [95.537839, 27.896856], [95.540156, 27.896856], [95.542345, 27.897918], [95.544748, 27.900801], [95.543698, 27.902263], [95.54213, 27.905238], [95.542216, 27.908538], [95.544899, 27.911404], [95.547924, 27.912368], [95.553932, 27.914036], [95.559855, 27.91817], [95.563159, 27.919231], [95.564205, 27.921955], [95.564232, 27.929318], [95.566764, 27.934474], [95.570363, 27.937627], [95.573974, 27.939593], [95.575776, 27.939991], [95.57775, 27.939669], [95.581484, 27.938304], [95.585389, 27.936636], [95.58672, 27.93747], [95.588745, 27.941512], [95.592127, 27.945829], [95.596483, 27.948938], [95.599723, 27.95108], [95.602062, 27.953279], [95.604654, 27.954839], [95.671249, 27.960097], [95.702505, 27.962642], [95.762565, 27.967266], [95.822676, 27.971243], [95.942752, 27.964539], [95.970597, 27.963172], [95.971358, 27.962579], [95.968709, 27.959647], [95.965319, 27.954416], [95.964932, 27.951876], [95.962862, 27.950407], [95.960995, 27.948436], [95.958431, 27.945384], [95.955577, 27.942209], [95.954772, 27.941394], [95.95238, 27.940247], [95.949762, 27.938977], [95.9487, 27.937963], [95.947981, 27.937233], [95.947627, 27.936019], [95.94753, 27.93474], [95.947595, 27.933233], [95.947799, 27.932541], [95.948303, 27.932019], [95.949161, 27.931166], [95.950588, 27.930901], [95.951436, 27.931223], [95.952787, 27.931602], [95.95401, 27.931773], [95.954429, 27.931384], [95.954461, 27.93091], [95.95386, 27.930171], [95.953238, 27.928986], [95.950566, 27.926711], [95.948571, 27.924853], [95.948313, 27.924322], [95.948163, 27.92399], [95.948592, 27.923535], [95.95018, 27.922578], [95.951371, 27.921876], [95.95209, 27.921384], [95.952508, 27.920824], [95.952487, 27.920492], [95.952069, 27.91999], [95.951382, 27.919582], [95.94841, 27.918208], [95.947187, 27.917601], [95.946253, 27.917051], [95.945599, 27.916378], [95.944945, 27.915619], [95.944719, 27.914491], [95.944119, 27.912624], [95.943603, 27.911609], [95.942702, 27.911002], [95.942166, 27.910832], [95.941672, 27.910841], [95.941222, 27.911031], [95.94032, 27.911401], [95.939848, 27.911799], [95.939355, 27.912415], [95.938947, 27.912889], [95.93854, 27.912975], [95.938175, 27.912842], [95.937531, 27.912064], [95.936619, 27.910794], [95.93589, 27.909893], [95.93501, 27.909192], [95.934956, 27.908206], [95.935181, 27.90757], [95.93575, 27.907258], [95.93693, 27.907238], [95.937917, 27.907248], [95.939226, 27.907058], [95.940117, 27.906812], [95.940535, 27.906831], [95.940889, 27.906196], [95.940685, 27.905665], [95.940396, 27.905494], [95.939355, 27.905001], [95.937778, 27.904366], [95.936437, 27.90393], [95.935299, 27.903721], [95.933797, 27.90337], [95.932639, 27.903465], [95.931297, 27.903361], [95.930482, 27.903313], [95.929753, 27.903162], [95.929474, 27.902972], [95.929474, 27.902327], [95.929559, 27.9021], [95.930107, 27.901218], [95.931695, 27.90008], [95.93266, 27.899938], [95.934742, 27.899691], [95.936619, 27.899397], [95.937327, 27.898923], [95.93737, 27.89844], [95.936952, 27.897975], [95.936158, 27.897681], [95.93472, 27.897311], [95.932456, 27.896866], [95.931179, 27.896581], [95.930321, 27.895899], [95.929817, 27.8955], [95.929098, 27.895187], [95.928476, 27.895149], [95.92795, 27.895311], [95.927703, 27.89568], [95.927617, 27.896325], [95.927736, 27.897397], [95.927886, 27.898174], [95.927693, 27.898563], [95.92692, 27.898904], [95.926126, 27.898876], [95.92574, 27.898572], [95.925268, 27.897728], [95.925311, 27.897008], [95.92545, 27.896278], [95.925601, 27.895699], [95.925311, 27.89532], [95.92471, 27.895349], [95.923916, 27.8955], [95.923305, 27.895633], [95.92221, 27.895766], [95.921266, 27.895823], [95.920365, 27.895794], [95.91941, 27.895538], [95.91912, 27.895121], [95.919056, 27.894704], [95.919056, 27.894144], [95.919056, 27.893518], [95.919163, 27.892883], [95.919936, 27.892257], [95.921395, 27.890816], [95.922414, 27.88964], [95.922983, 27.889213], [95.923272, 27.888644], [95.923326, 27.888037], [95.923144, 27.887895], [95.922307, 27.887772], [95.921266, 27.888094], [95.91971, 27.888825], [95.918112, 27.889735], [95.917189, 27.890105], [95.916567, 27.8902], [95.916224, 27.890105], [95.915687, 27.889593], [95.915215, 27.889175], [95.915172, 27.888578], [95.915097, 27.887507], [95.91543, 27.886644], [95.916009, 27.885629], [95.916384, 27.885126], [95.917243, 27.88488], [95.917693, 27.884908], [95.919861, 27.88488], [95.92029, 27.884368], [95.921427, 27.883495], [95.92338, 27.883021], [95.924356, 27.882717], [95.92486, 27.882386], [95.924946, 27.882006], [95.924603, 27.881769], [95.923734, 27.881703], [95.923176, 27.881655], [95.922478, 27.881542], [95.920086, 27.880925], [95.919367, 27.880698], [95.918659, 27.880973], [95.918251, 27.881304], [95.917929, 27.881817], [95.91779, 27.882243], [95.917339, 27.883031], [95.916706, 27.883647], [95.91617, 27.883931], [95.915826, 27.883855], [95.915226, 27.883486], [95.915151, 27.882974], [95.915301, 27.882329], [95.915537, 27.881854], [95.915966, 27.881399], [95.916481, 27.880982], [95.916642, 27.880773], [95.91617, 27.879958], [95.915365, 27.879028], [95.914861, 27.878374], [95.914582, 27.877416], [95.914346, 27.876221], [95.914089, 27.875624], [95.913391, 27.875026], [95.910709, 27.872959], [95.909808, 27.872304], [95.910119, 27.871792], [95.910226, 27.871166], [95.910409, 27.87055], [95.910226, 27.870151], [95.90969, 27.870341], [95.909046, 27.870616], [95.908563, 27.870825], [95.908134, 27.870901], [95.907823, 27.870872], [95.907201, 27.870692], [95.907136, 27.870427], [95.90734, 27.869905], [95.908005, 27.869383], [95.908349, 27.868767], [95.906879, 27.866471], [95.906525, 27.866139], [95.906042, 27.866111], [95.905527, 27.866358], [95.904958, 27.866803], [95.904486, 27.867524], [95.904218, 27.867837], [95.90351, 27.868634], [95.902812, 27.868975], [95.902383, 27.869023], [95.902083, 27.868937], [95.901482, 27.868634], [95.901203, 27.868254], [95.900881, 27.867192], [95.901042, 27.866386], [95.901396, 27.865779], [95.901718, 27.865229], [95.902158, 27.864831], [95.902812, 27.864432], [95.903188, 27.863958], [95.902973, 27.863749], [95.902995, 27.863199], [95.902791, 27.862668], [95.902491, 27.862165], [95.902029, 27.862013], [95.900871, 27.861938], [95.899766, 27.861776], [95.898907, 27.861814], [95.897255, 27.862222], [95.896246, 27.862175], [95.895892, 27.861985], [95.895409, 27.861653], [95.895227, 27.861217], [95.89541, 27.860885], [95.89586, 27.860249], [95.896343, 27.859576], [95.896987, 27.859149], [95.896965, 27.85876], [95.896654, 27.858314], [95.895989, 27.8582], [95.895217, 27.858675], [95.894573, 27.859509], [95.893918, 27.860287], [95.892921, 27.860202], [95.892116, 27.859822], [95.891719, 27.859528], [95.891644, 27.859035], [95.8913, 27.858428], [95.89232, 27.858049], [95.893553, 27.857992], [95.894143, 27.857299], [95.894229, 27.856465], [95.893275, 27.856076], [95.892427, 27.855971], [95.891021, 27.856379], [95.890507, 27.856503], [95.890099, 27.856597], [95.889713, 27.856403], [95.889283, 27.856099], [95.889128, 27.855857], [95.889546, 27.855269], [95.889954, 27.854729], [95.890201, 27.854122], [95.890142, 27.853391], [95.888903, 27.852201], [95.888715, 27.850313], [95.888205, 27.849493], [95.887213, 27.848055], [95.88644, 27.846077], [95.883769, 27.844398], [95.88232, 27.843203], [95.880336, 27.841514], [95.877814, 27.838346], [95.874928, 27.8366], [95.872739, 27.834807], [95.871892, 27.833279], [95.870991, 27.832283], [95.869896, 27.832473], [95.868351, 27.832255], [95.86744, 27.832122], [95.862697, 27.831088], [95.859543, 27.830291], [95.857483, 27.830101], [95.854028, 27.830006], [95.851572, 27.829067], [95.848578, 27.827615], [95.844061, 27.825955], [95.840735, 27.825025], [95.838504, 27.824342], [95.83756, 27.824076], [95.837774, 27.822956], [95.837527, 27.819113], [95.837742, 27.814739], [95.838032, 27.811693], [95.837914, 27.810526], [95.837774, 27.810061], [95.837431, 27.80971], [95.835961, 27.809453], [95.835028, 27.809264], [95.828826, 27.809425], [95.827829, 27.809244], [95.825908, 27.808552], [95.824428, 27.807774], [95.81284, 27.799185], [95.810781, 27.796869], [95.810394, 27.795844], [95.810265, 27.790681], [95.809021, 27.788859], [95.80739, 27.787986], [95.805674, 27.785708], [95.80327, 27.781645], [95.802069, 27.77781], [95.793196, 27.766457], [95.778315, 27.742407]]], "type": "Polygon"}, "id": "tinsukia-sadiya", "properties": {"district": "Tinsukia", "grade": "zonal", "locality_id": "tinsukia-sadiya", "osm_id": "relation/10057655", "revenue_circle": "Sadiya"}, "type": "Feature"}], "type": "FeatureCollection"}
